episode,reward,steps,laps,collisions,speed
1,4355.426593627946,1653,1,21,31.955421295068952
2,6100.6485137938935,2500,0,35,21.57995079158717
3,3778.231485443134,1406,1,15,60.588744234965105
4,6082.931569824163,2472,1,33,50.47806520159236
5,4087.0475440216196,1564,1,19,46.36509701502532
6,4625.477449183475,1646,1,21,32.157281058489716
7,6096.174316406212,2500,0,30,26.924127919072262
8,4696.914195671078,1523,1,17,38.347787453403456
9,6497.616854858337,2500,0,32,29.24865052317437
10,4766.554715728756,1905,1,23,38.92193124178845
11,5391.178482151006,2060,1,28,53.01787647990219
12,4974.516052246074,1845,1,22,70.14059213117474
13,3561.0821097946305,1057,1,12,77.89666963097892
14,3506.5467492675966,1177,1,16,32.11655365337681
15,2841.816472167973,594,1,6,75.35033725853424
16,4790.372589797987,1559,1,23,61.86489472669039
17,4178.778315429704,1306,1,17,46.59137989720908
18,4609.828386478438,1441,1,18,32.144254287680695
19,3613.7227130890014,1030,1,14,39.5786768480661
20,4227.039846305866,1266,1,17,59.92031945566617
21,4085.006567344682,1272,1,19,66.58898611072328
22,4549.060300884266,1517,1,22,32.58655452327796
23,4973.930938720705,1565,1,22,58.358226713067914
24,3143.561970891958,728,1,7,64.13175636612083
25,5003.753585815422,1580,1,23,36.20269139606899
26,4606.227962188728,1211,1,16,79.8807162429384
27,3179.151330566421,825,1,9,32.62433950678369
28,3116.528044166575,808,1,10,65.02074645955605
29,4016.8437995529384,1337,1,19,37.9294272115445
30,3186.1139348793135,836,1,10,43.45614433551199
31,3227.7647229957665,836,1,10,89.81407389304076
32,3752.781430053726,1005,1,13,77.32454780734962
33,3905.6429277420198,1020,1,10,67.69000993888076
34,4352.235979423539,1122,1,14,80.60099608147982
35,3797.7255012321593,961,1,12,50.022149653936005
36,2913.679431991583,601,1,7,44.92683466106326
37,2941.416277055748,651,1,7,44.3250481778968
38,3089.0808398437603,674,1,8,42.70196086556055
39,3972.474118003858,1017,1,13,72.49397861307725
40,3708.3237462234624,994,1,11,78.31291138426626
41,4866.154621009842,1361,1,20,95.0
42,4852.666010589611,1294,1,19,93.48608
43,3461.3893019867055,839,1,10,73.49360328360503
44,3258.6670379638763,785,1,10,76.61004778607453
45,3940.467460670487,983,1,13,41.34416245690874
46,3827.742219219218,872,1,12,65.42537865742372
47,3247.699749984746,673,1,9,60.03508603558736
48,3266.1010723495588,748,1,9,78.76255179878348
49,3580.5063373565804,870,1,12,87.85111939402411
50,2783.0272462463445,557,1,5,95.0
51,3095.0391059207977,691,1,8,44.502878437475616
52,3231.8247042846715,694,1,9,87.35434760142427
53,2601.3436284256027,459,1,3,56.52238671980202
54,3347.3037958145223,725,1,9,61.94840222788473
55,4279.840304107674,1024,1,15,37.45223831731295
56,3455.8646349716278,726,1,10,72.84312876552002
57,2976.627000808722,595,1,7,72.53064257182655
58,2714.2483287525242,484,1,5,46.602077921171706
59,3256.7939523315495,862,1,12,88.3689472
60,2872.3318252182044,462,1,4,89.13532748071782
61,3946.488507251753,856,1,11,75.13043588418951
62,2449.3966117668188,351,1,2,95.0
63,3173.584242649084,699,1,10,80.68612527845141
64,3413.370493621834,714,1,10,51.66952661591519
65,3048.2598826599196,564,1,6,87.92981703538408
66,4293.654094505319,1010,1,15,75.15419343649681
67,3184.6370165252793,703,1,10,49.72001643850862
68,2913.7489758300876,631,1,7,39.82106298934715
69,2714.473649291994,396,1,3,95.0
70,3662.206001892096,753,1,10,80.61169902565409
71,3636.351341342938,775,1,10,72.65986633560871
72,2790.633018617636,541,1,6,67.83352569383962
73,2599.475794029241,380,1,3,79.45638984362884
74,2958.0636970138594,557,1,7,84.10418387424365
75,2689.810288314823,391,1,3,93.90303301814714
76,2632.64716018677,378,1,3,95.0
77,3548.5140262603863,685,1,9,87.70932378216946
78,3032.297252750403,495,1,5,95.0
79,2693.747404937748,416,1,4,94.14332040502937
80,2683.8823005676313,425,1,4,94.24
81,2970.44184459687,608,1,7,54.36328362798947
82,2772.3620153808633,478,1,5,87.6619956224
83,3265.6144676208564,540,1,6,95.0
84,2703.4200457000757,448,1,5,90.48347447160074
85,2684.118140258791,398,1,3,95.0
86,2749.343116321569,433,1,4,41.05166163962533
87,2854.7060975647,467,1,5,77.06751070623305
88,2886.2712062549667,499,1,5,11.626842621776778
89,3163.5259824943587,584,1,7,87.13761610284104
90,2601.892984771732,350,1,2,95.0
91,2762.376727981572,449,1,4,53.16799411694303
92,2784.29461442948,469,1,5,71.7572482013974
93,3201.8769713592583,509,1,6,46.36568932966165
94,3749.2954368209944,707,1,10,88.93487978355367
95,2905.118023643498,452,1,4,70.83219304171897
96,3173.8446853637734,485,1,5,87.57979136
97,2984.5489043808075,462,1,5,95.0
98,2994.9460205078162,465,1,5,93.22516062369951
99,4069.1313949394334,786,1,12,93.48608
100,3241.5556170654363,549,1,7,95.0
101,3258.3668343734794,574,1,8,34.40069509966897
102,3027.2339374733056,499,1,6,91.3269467704997
103,3112.1382995224076,472,1,5,87.0754466477189
104,2657.0977898025567,473,1,6,91.96149260899192
105,3589.5496640396236,674,1,10,94.11713265402052
106,3617.7662213134868,721,1,10,82.56173378309235
107,3077.9188721275364,487,1,5,83.37227263995302
108,5760.394005851745,1416,1,27,95.0
109,3270.8285637283434,713,1,13,95.0
110,2409.7700366446397,243,1,0,93.48608
111,3858.24915893556,826,1,14,90.58910954013858
112,3234.0193248367445,687,1,13,91.7417472
113,3768.1842054176414,626,1,9,95.0
114,2643.31121650696,337,1,2,77.6610943167271
115,3381.4758906555253,509,1,6,84.46693231936143
116,3759.966563453684,693,1,10,93.62556831662081
117,2602.8064648437544,301,1,1,89.0816
118,2841.85607048989,384,1,3,95.0
119,3205.342399253851,508,1,6,61.605749742933696
120,2906.7767242431705,400,1,3,93.48608
121,3419.9146753454256,583,1,7,95.0
122,2687.1695220732736,358,1,3,44.4076161796886
123,2603.9848406219508,453,1,6,91.7417472
124,3047.2172851562564,435,1,4,95.0
125,3021.4721119689984,411,1,4,95.0
126,2764.7629103183826,425,1,5,95.0
127,3351.189411182409,529,1,7,56.593805958229645
128,2518.4928489494364,271,1,1,89.0816
129,2506.934287109378,313,1,1,80.36863689085041
130,3011.016768589022,453,1,5,85.51991547635384
131,2936.689815852647,377,1,3,95.0
132,2412.428243198396,238,1,0,89.58406511936143
133,3160.8097149658256,576,1,8,93.6793172574208
134,2572.359844360355,327,1,3,79.30757827634703
135,2497.1519175910994,273,1,1,95.0
136,4332.7610540771575,848,1,15,94.24
137,2483.7296753096607,326,1,3,95.0
138,4556.479459342964,787,1,14,91.67857384812076
139,2531.461646165848,283,1,1,94.24
140,3724.414475097663,593,1,9,80.8630763437634
141,3544.095429229742,565,1,7,95.0
142,2522.115644531254,251,1,1,95.0
143,4453.269101200114,777,1,12,95.0
144,2916.2288486862235,363,1,3,93.48608
145,3219.0835337829635,414,1,4,90.1525236910441
146,2908.6910876464863,364,1,3,94.24
147,3202.134747715001,444,1,5,91.45469376036452
148,11171.860699462713,2500,0,50,89.8923772835995
149,2650.589072265628,348,1,3,82.65948272887243
150,3830.618985309606,593,1,7,95.0
151,3650.9085545730663,559,1,8,95.0
152,2667.237597656253,320,1,2,79.10426205411542
153,2719.799030761721,331,1,2,95.0
154,2628.239027481081,311,1,2,95.0
155,3924.9452978515683,598,1,8,95.0
156,2494.58373046875,287,1,2,94.24
157,3190.529373359683,490,1,5,95.0
158,2413.031180763247,230,1,0,94.24
159,2409.901046098024,235,1,0,95.0
160,2533.8373202514676,264,1,1,95.0
161,2419.3070256042506,246,1,0,95.0
162,2404.096306686403,266,1,1,95.0
163,2711.93268310547,359,1,3,41.121066164762176
164,2404.181787109377,270,1,1,95.0
165,3129.844284677511,450,1,5,95.0
166,2537.691705780033,296,1,1,95.0
167,2415.7666724014307,226,1,0,95.0
168,2606.4771600723298,290,1,2,94.24
169,2544.7078156542825,269,1,1,95.0
170,2805.328248977664,420,1,5,95.0
171,2727.8814059829765,382,1,5,95.0
172,2729.9727896881104,319,1,2,95.0
173,2623.041076660159,340,1,3,95.0
174,2452.7555240631136,265,1,1,51.33746582482866
175,2964.4593374559317,373,1,3,95.0
176,2805.092654838566,378,1,4,94.24
177,2667.325889682775,305,1,2,95.0
178,3073.6572666931206,486,1,7,95.0
179,2497.6324891281142,259,1,1,95.0
180,2867.8098774337823,413,1,5,95.0
181,3307.4499191284212,530,1,8,94.24
182,3647.574324417124,665,1,12,95.0
183,3108.680578613289,420,1,4,93.48608
184,2615.4039355468794,339,1,3,95.0
185,2855.0188574218782,378,1,4,95.0
186,2636.401796875002,327,1,3,95.0
187,2602.2558921051045,334,1,3,94.24
188,2542.777011718754,258,1,1,95.0
189,3011.7467644596177,363,1,3,93.90975977528096
190,2415.042857284548,224,1,0,87.4118762590951
191,2414.2894645118736,223,1,0,95.0
192,2962.8880224609434,338,1,3,95.0
193,2583.250830078127,265,1,1,89.0816
194,2845.2472852325477,342,1,3,95.0
195,2968.6261767578194,354,1,3,95.0
196,3162.631464953428,474,1,7,50.06751460600874
197,2416.3160235977202,237,1,0,95.0
198,2600.0990991210965,287,1,2,94.24
199,2997.6991943359403,395,1,4,95.0
200,2442.571556205748,264,1,1,94.24
201,2415.5664815139794,224,1,0,95.0
202,2864.5918414306707,384,1,4,95.0
203,2964.18064351559,356,1,3,95.0
204,2755.0439236640964,440,1,6,95.0
205,2475.6847596764583,250,1,1,95.0
206,2537.4250952148464,288,1,2,95.0
207,3117.7841214752216,447,1,6,94.24
208,2584.7473395442976,302,1,2,95.0
209,2634.5268115234408,394,1,4,89.0816
210,2483.041017688516,294,1,3,61.31817711709987
211,3179.7298144531305,449,1,7,95.0
212,2457.8365816783917,304,1,3,95.0
213,2955.2547027778655,494,1,8,56.74764445073956
214,3657.6620727539407,2500,0,71,3.3728000000000002
215,2912.8434921264884,2500,0,67,29.24683726809138
216,7116.675695800538,2500,0,54,0.0
217,12079.368737792804,2500,0,57,72.92689223835175
218,3745.908601818098,727,1,18,95.0
219,3017.1736816406337,455,1,8,94.24
220,5664.2249517440705,1215,1,25,52.864169833451065
221,11424.756958007703,2500,0,65,16.570196702154824
222,7526.167626953027,2500,0,87,14.519264520766013
223,4195.567337265036,863,1,22,95.0
224,4722.965523033151,1016,1,29,91.7417472
225,2977.885489063267,486,1,9,94.24
226,2797.5614502525355,437,1,7,94.24
227,3316.188458175669,674,1,17,94.38061322240002
228,2853.4598964309757,497,1,8,93.63870769152
229,2816.571619167329,428,1,7,88.3689472
230,2416.513640403749,235,1,0,95.0
231,2757.60261772156,451,1,8,87.62105855999998
232,2769.5762006378195,607,1,11,95.0
233,2903.8014239978825,494,1,9,95.0
234,2831.5997116470403,383,1,4,95.0
235,4849.092126464819,2500,0,70,72.89142375111288
236,2548.662451171917,2500,0,88,32.30600363146724
237,6853.41552429194,2500,0,83,50.54459337169224
238,6800.493009872418,1899,1,59,93.63870769152
239,12080.79487304674,2500,0,56,59.34973077222209
240,9083.778062744086,1539,1,30,94.24
241,4089.865828819285,629,1,10,94.24
242,3409.642835197456,527,1,9,95.0
243,2441.936356811527,246,1,1,89.0816
244,2447.1636981582665,252,1,1,95.0
245,2488.9752652454385,276,1,2,95.0
246,2639.390800704963,363,1,5,64.83508307407654
247,2480.422044448854,246,1,1,95.0
248,2437.7539557838445,248,1,1,95.0
249,2525.1092041015654,335,1,4,94.24
250,2416.858266944885,229,1,0,95.0
251,2520.7491965484633,309,1,3,95.0
252,2801.0749835586576,357,1,4,95.0
253,2564.527463932042,264,1,1,94.24
254,2448.383808593754,241,1,1,95.0
255,3189.213035125739,414,1,5,95.0
256,2418.2359612655673,254,1,1,95.0
257,2666.857768783573,292,1,2,87.15837097909434
258,2417.542247810366,228,1,0,94.24
259,2622.9869300079395,309,1,3,95.0
260,2787.039195632938,340,1,3,95.0
261,2773.874533119204,328,1,3,95.0
262,2556.666484270098,297,1,2,95.0
263,2415.7536464691184,240,1,0,91.0347956224
264,2543.5601288986236,269,1,1,95.0
265,2525.174159889223,266,1,1,94.24
266,2421.6332574462926,227,1,0,95.0
267,2599.214626317028,291,1,2,65.43952862284583
268,2457.772285804748,262,1,1,95.0
269,2406.9025263977064,279,1,2,65.41655052791828
270,3052.6495085525557,421,1,6,95.0
271,2569.622308959963,293,1,2,56.937784562278786
272,2445.058233337405,256,1,1,94.24
273,2417.858960151673,230,1,0,95.0
274,2833.2831263923686,368,1,4,61.83342462957346
275,3126.4684156513235,382,1,4,61.91940151240476
276,2410.0338281250024,227,1,0,94.24
277,2472.0766143798855,280,1,2,95.0
278,2568.586906833652,279,1,2,61.828426963714804
279,2731.707034454348,327,1,3,95.0
280,2894.308230285648,326,1,2,95.0
281,3021.3457400512707,409,1,6,61.51793185705084
282,3456.748912124641,596,1,12,56.738276563714805
283,3314.6419774437018,508,1,8,53.09540731274956
284,4916.688313937195,860,1,17,53.17680876727775
285,2418.483309917452,251,1,1,95.0
286,2415.6420803070105,225,1,0,95.0
287,2410.113828125,223,1,0,95.0
288,2416.239711532595,217,1,0,95.0
289,2913.254199218756,375,1,3,95.0
290,2434.110037193303,252,1,1,59.99711330982977
291,4703.783553886416,905,1,21,61.910168419693015
292,5777.409598464968,1429,1,36,0.0
293,2918.6702545166418,2500,0,51,13.303827320720588
294,2932.915514583593,399,1,4,93.48608
295,2412.619150314334,227,1,0,95.0
296,2413.7658315658596,220,1,0,95.0
297,2634.1685780715998,304,1,3,62.99383174876503
298,2930.421327257161,385,1,5,95.0
299,4500.968369216934,1129,1,29,68.05241714800509
300,3228.4073310852145,525,1,10,68.28881239386307
301,2412.119446725847,214,1,0,95.0
302,2769.634890747073,350,1,5,95.0
303,2970.5197109985406,401,1,6,95.0
304,2835.7026306915336,391,1,6,95.0
305,3747.1984231758233,601,1,11,90.25195302912
306,3412.91693290711,528,1,9,95.0
307,3305.710039367684,528,1,10,94.24
308,3086.340465908057,476,1,10,0.0
309,2490.793694744114,287,1,3,95.0
310,3204.6638482475323,443,1,7,58.010781925373216
311,3294.42891914368,494,1,9,64.75916113960054
312,3483.540604400643,540,1,10,87.6619956224
313,2931.5291268158007,386,1,6,61.51863798939496
314,3350.642155990605,552,1,11,54.710735490876864
315,3226.8615097236648,469,1,9,65.1004161100292
316,3715.8757744979966,539,1,10,95.0
317,3053.054290237428,443,1,7,95.0
318,3242.957262992859,435,1,7,95.0
319,2993.152063598637,358,1,4,88.32767999999999
320,2820.4067686080957,360,1,5,87.6619956224
321,3125.945340099343,413,1,6,95.0
322,2634.362942848209,287,1,2,92.38004187549635
323,2780.040626297,362,1,5,83.71366777359516
324,3125.7033793258697,411,1,6,94.24
325,2643.429360008242,305,1,3,95.0
326,2436.4589933776865,258,1,1,95.0
327,2676.0371450042767,302,1,2,95.0
328,3130.8160593795815,536,1,10,95.0
329,2704.2201103210477,295,1,2,87.57979136
330,2570.7146734619155,298,1,3,94.3068027974606
331,3017.674595108032,463,1,8,94.24
332,2416.021240806581,225,1,0,89.0816
333,2864.064254989626,378,1,4,95.0
334,2540.1975179862993,259,1,1,89.63781406016145
335,2927.24899528504,406,1,6,95.0
336,2422.6838800811793,238,1,0,95.0
337,2616.204802703859,295,1,2,95.0
338,2894.2998759460493,449,1,7,93.48608
339,2421.4847512054466,226,1,0,94.38061322240002
340,8123.897824096582,2500,0,89,41.802291408322574
341,9300.83721923818,2500,0,87,13.3301673099264
342,12013.436082839879,2125,1,59,94.38061322240002
343,5851.561474571234,947,1,24,95.0
344,4599.341204099652,641,1,13,95.0
345,2679.268681068423,299,1,3,93.48608
346,2523.791905441288,273,1,2,95.0
347,3352.754654846196,407,1,5,95.0
348,2602.0592790603637,275,1,2,94.24
349,2731.9783525681523,297,1,2,95.0
350,2464.8338580703735,267,1,2,95.0
351,2827.8264561843903,289,1,2,95.0
352,2618.547732887271,292,1,2,91.26031554248704
353,2656.18641595841,300,1,2,88.79985488054714
354,2476.0325979995746,251,1,1,95.0
355,2411.388632478717,228,1,0,87.57979136
356,2421.343283386231,224,1,0,93.48608
357,2636.118587584495,259,1,1,95.0
358,2406.3889265441912,248,1,1,95.0
359,2979.658403472905,336,1,3,91.19993457328783
360,2416.75045539856,229,1,0,95.0
361,2786.9393347167993,308,1,2,95.0
362,2459.851787109379,239,1,1,94.24
363,2704.428986206056,308,1,3,94.24
364,2673.080165710454,283,1,2,89.55691980488704
365,2734.282452392579,305,1,3,91.99628582912
366,2694.6953767395025,277,1,2,95.0
367,2619.7262974548325,251,1,1,92.14179950064924
368,2458.7008629989646,244,1,1,94.24
369,2500.7231806087493,241,1,1,90.53023301814714
370,2422.23471084595,212,1,0,95.0
371,2413.5998258209243,207,1,0,91.7417472
372,2857.50796070099,280,1,2,95.0
373,2435.7165928077707,244,1,1,95.0
374,2442.8252679061907,239,1,1,94.24
375,2449.5262583732606,250,1,1,95.0
376,2419.3250371551535,222,1,0,95.0
377,2434.069070091248,243,1,1,94.63311554248705
378,2423.9515665817275,246,1,1,95.0
379,2877.943334426882,323,1,3,95.0
380,3215.8873826599142,382,1,5,95.0
381,2643.6859051513693,251,1,1,91.26031554248704
382,2658.593825302127,262,1,1,90.26590769152
383,2476.2308423614513,247,1,1,94.24
384,2579.150324096679,268,1,2,95.0
385,2788.8888582229642,320,1,4,95.0
386,2832.4640579605134,333,1,4,95.0
387,2678.0341336059596,301,1,3,92.90273740488705
388,2712.6058319091844,290,1,2,91.50032756554141
389,2415.9217949295075,218,1,0,95.0
390,2417.063352355959,227,1,0,95.0
391,2491.8901229423313,249,1,1,95.0
392,3424.943333511355,411,1,6,63.00015507338311
393,2412.945061111453,215,1,0,95.0
394,2526.0074593353297,271,1,2,95.0
395,3084.7924276161216,361,1,5,61.73807790366594
396,3197.045453529364,411,1,6,95.0
397,2756.6220129394555,343,1,5,86.76551836673441
398,3209.1951153564446,451,1,9,95.0
399,3222.9866484069853,468,1,10,95.0
400,2758.3330943298374,299,1,3,95.0
401,2644.0628088378917,303,1,3,95.0
402,2715.2673257064866,304,1,3,95.0
403,3007.2595606422483,387,1,6,89.0816
404,2494.5962957763713,243,1,1,95.0
405,2763.0275970458997,335,1,4,95.0
406,2597.9572127532997,279,1,2,95.0
407,2676.0396522521987,310,1,3,95.0
408,2945.9339905929596,369,1,5,95.0
409,2697.075797805788,297,1,3,95.0
410,2410.173828125004,220,1,0,93.90303301814714
411,2816.0028789329554,316,1,3,95.0
412,2498.961418957713,264,1,1,95.0
413,2957.412165222173,387,1,5,95.0
414,2529.013310089114,273,1,2,94.14781804467279
415,2625.663250617988,331,1,4,66.4168371348809
416,2590.502407646183,300,1,3,94.24
417,2793.330905418399,346,1,5,64.81076156445815
418,5049.910253028852,891,1,22,95.0
419,4055.922812805186,692,1,17,95.0
420,3153.319161987312,455,1,7,61.98793079737973
421,3178.8103750610435,448,1,8,95.0
422,2903.267067718513,365,1,5,95.0
423,3415.7509368896563,500,1,9,65.43952862284583
424,3132.675292053231,428,1,6,95.0
425,3008.105024414068,396,1,5,95.0
426,3453.522403564464,563,1,10,95.0
427,2763.008114776615,347,1,4,63.213979299913476
428,2545.68323242188,349,1,4,56.28360668968634
429,3769.0564401245288,777,1,18,95.0
430,2586.1032283973755,364,1,4,95.0
431,2541.600280590062,299,1,2,95.0
432,2484.352109375002,268,1,1,95.0
433,2753.6243799400386,394,1,5,95.0
434,2891.54465820314,649,1,16,91.7417472
435,2975.848088378914,464,1,8,93.87605061814715
436,2416.0910956573503,219,1,0,95.0
437,3499.337028885614,823,1,21,62.13794541248019
438,2737.3510710430196,364,1,5,95.0
439,3310.1363702392614,442,1,8,85.14281992617919
440,4821.065013155927,722,1,13,95.0
441,3351.078642272952,520,1,12,60.288563459556144
442,2411.9109149742167,211,1,0,95.0
443,13166.933209228342,2500,0,63,50.51825338248642
444,3539.86265468598,555,1,12,95.0
445,2783.1874786377034,455,1,8,91.7417472
446,2744.2720349121096,311,1,4,95.0
447,3791.173893432623,541,1,10,95.0
448,5305.985534629823,852,1,18,95.0
449,2468.21417907715,248,1,2,91.26031554248704
450,5626.951349706644,919,1,21,94.24
451,2520.9289870452913,259,1,2,95.0
452,2477.3197036218676,229,1,1,93.48608
453,2727.4899452209484,280,1,2,91.27266528778354
454,2824.959973144536,340,1,5,95.0
455,2413.587948150635,214,1,0,95.0
456,2511.029772491456,239,1,1,92.73819136
457,2410.313828125002,213,1,0,95.0
458,2468.119619750978,245,1,1,89.55751271088783
459,2410.333828125003,212,1,0,95.0
460,2509.5304409027144,235,1,1,95.0
461,2410.093828125003,224,1,0,93.48608
462,2410.3138281250017,213,1,0,95.0
463,2413.090995349886,218,1,0,95.0
464,2410.9546674394637,213,1,0,94.24
465,2414.56699983597,219,1,0,95.0
466,2414.3435416412376,219,1,0,94.24
467,2410.2538281250004,216,1,0,94.63311554248705
468,2410.1138281250005,223,1,0,91.26031554248704
469,2411.170484733583,215,1,0,91.99628582912
470,2410.7017677211793,218,1,0,95.0
471,2416.20477108002,213,1,0,95.0
472,2410.293828125003,214,1,0,95.0
473,2759.794901390077,314,1,3,95.0
474,2411.4373654747023,218,1,0,95.0
475,2410.2338281249995,217,1,0,92.73819136
476,2414.924353199007,211,1,0,95.0
477,2410.233828125003,217,1,0,95.0
478,2411.9465990734143,219,1,0,95.0
479,2465.5508206367517,240,1,1,65.2012269637148
480,2410.113828125001,223,1,0,95.0
481,2638.4881054115313,269,1,1,95.0
482,2544.7243349075343,260,1,1,93.48608
483,2417.7264068222075,222,1,0,94.24
484,2685.7687095832875,324,1,3,0.0
485,2627.1862046432534,334,1,3,95.0
486,2452.638429737096,245,1,1,63.56755336386367
487,2538.252172851566,255,1,1,95.0
488,2534.6609736633336,259,1,1,95.0
489,2442.903412127496,245,1,1,56.828761406210624
490,2412.5101596164727,221,1,0,91.49970713721254
491,2417.438461685182,225,1,0,95.0
492,2539.2144850921663,259,1,1,95.0
493,2411.4857113742846,223,1,0,94.24
494,2518.984176330568,261,1,1,93.48608
495,2539.438968591692,256,1,1,93.6793172574208
496,2410.0938281250023,224,1,0,95.0
497,2700.8292625427293,295,1,2,94.24
498,2709.480380859379,293,1,2,95.0
499,2521.7090747070324,259,1,1,94.63311554248705
500,2686.904101638799,296,1,2,95.0
501,2410.0238281250026,215,1,0,95.0
502,2410.7725019335776,220,1,0,85.8494132224
503,2410.348117488327,214,1,0,95.0
504,2410.1338281250028,222,1,0,95.0
505,2416.2303696823133,219,1,0,95.0
506,2488.8424804687543,245,1,1,95.0
507,2555.0993048375867,257,1,2,66.4168371348809
508,2630.9855114936845,245,1,1,95.0
509,2413.037346324923,212,1,0,95.0
510,2414.0531774330166,211,1,0,95.0
511,2410.393828125002,209,1,0,95.0
512,2601.051220703126,255,1,1,95.0
513,2627.928271484376,250,1,1,95.0
514,2410.3338281250008,212,1,0,91.99628582912
515,2622.0697602272057,250,1,1,95.0
516,2648.0206844711342,273,1,2,68.28881239386307
517,2619.8838629150387,263,1,2,95.0
518,2769.701718750004,293,1,3,95.0
519,3011.328225097659,357,1,5,94.24
520,2412.6374599170695,209,1,0,95.0
521,2410.1738281250005,220,1,0,95.0
522,2412.97397949219,214,1,0,95.0
523,2433.1551074218773,229,1,1,65.43952862284583
524,2418.7217322158826,231,1,1,95.0
525,2411.0220802497884,234,1,1,95.0
526,2413.1578050231933,217,1,0,95.0
527,2410.6367382812514,231,1,1,68.0028165820627
528,2574.4457391357446,242,1,1,95.0
529,2562.23289733887,287,1,3,95.0
530,2503.8396606445326,245,1,1,95.0
531,2416.452240905763,217,1,0,95.0
532,2672.24776062012,293,1,3,64.99631374313665
533,2410.3138281250017,213,1,0,91.7417472
534,2511.2209783935577,253,1,2,67.95741039588779
535,2830.8475469970745,323,1,4,73.91917947955449
536,2613.098261718752,266,1,1,95.0
537,2507.1201678466796,249,1,1,95.0
538,2414.2743009758024,214,1,0,95.0
539,2504.5940301513688,237,1,1,95.0
540,2594.6797623920475,276,1,3,0.0
541,2410.7737402439143,215,1,0,95.0
542,2410.6831391239202,213,1,0,95.0
543,2410.3938281250025,209,1,0,95.0
544,2395.3538281250003,211,1,1,0.0
545,2558.220416870121,283,1,3,95.0
546,2523.952958374029,276,1,3,71.11530189471218
547,2482.047507324221,238,1,2,0.0
548,2683.226173706057,324,1,5,71.06989570853723
549,2747.589728393559,363,1,7,67.76948429471216
550,2719.177217407229,289,1,3,59.531658814078284
551,3261.8686566162164,396,1,7,0.0
552,2649.9820602941513,286,1,3,73.91917947955449
553,2736.7194000244162,295,1,3,73.91917947955449
554,3142.892369995126,392,1,6,70.70507032246387
555,2646.2263769531273,263,1,2,69.4936141523215
556,2518.9074584960986,265,1,2,67.95241278114898
557,2835.5841094970738,325,1,4,68.02771646456391
558,5531.858801879869,863,1,21,65.48205147642823
559,2916.144542846684,307,1,3,67.92980086514216
560,2846.3078900146525,316,1,4,67.76948429471216
561,2462.4586946106,237,1,1,71.11530189471218
562,2466.3332714843773,236,1,1,71.11530189471218
563,2410.133828125002,222,1,0,95.0
564,2410.3738281250025,210,1,0,95.0
565,2410.293828125003,214,1,0,95.0
566,2604.8292968750015,250,1,2,0.0
567,2473.737670583729,239,1,1,65.27473777847952
568,2410.253828125001,216,1,0,95.0
569,2468.390811710359,236,1,1,62.85384175086596
570,2676.403448963168,270,1,2,95.0
571,2410.2138281250027,218,1,0,95.0
572,2413.0836622428915,214,1,0,92.73819136
573,2476.564425135854,249,1,1,94.24
574,2411.40196571827,216,1,0,95.0
575,2424.697421875003,228,1,1,62.12047756364583
576,2410.3138281250017,213,1,0,95.0
577,2412.816173667908,219,1,0,95.0
578,2410.3138281250017,213,1,0,95.0
579,2410.2738281250045,215,1,0,94.24
580,2410.233828125001,217,1,0,95.0
581,2410.313828125002,213,1,0,95.0
582,2410.1338281249978,222,1,0,95.0
583,2410.425552634599,214,1,0,95.0
584,2410.313828125002,213,1,0,95.0
585,2410.321760776045,208,1,0,95.0
586,2415.51152484894,216,1,0,95.0
587,2450.622919921878,236,1,1,67.76948429471216
588,2476.263964843752,240,1,1,70.70507032246387
589,2757.439598999024,292,1,2,95.0
590,2426.2144531250015,250,1,2,71.11530189471218
591,2477.4278417968803,243,1,1,67.87527250248374
592,2410.1338281250005,222,1,0,95.0
593,2410.1138281250005,223,1,0,95.0
594,2612.9462692832985,252,1,2,0.0
595,2501.9902441406266,248,1,2,0.0
596,2517.206064453127,298,1,3,62.092475491887576
597,2465.0502050781283,243,1,1,70.73078319572059
598,2410.053828125002,226,1,0,95.0
599,2461.2676220703133,241,1,1,95.0
600,2466.6981835937554,237,1,1,71.11530189471218
601,2411.8925468158754,224,1,0,95.0
602,2425.567610321046,242,1,1,95.0
603,2426.1730317688025,267,1,2,95.0
604,2410.073828125002,225,1,0,95.0
605,2680.3388529491417,264,1,1,95.0
606,2429.4215722656277,252,1,1,95.0
607,2410.3138281250026,213,1,0,94.24
608,2426.306155853274,246,1,1,95.0
609,2465.0541308593765,249,1,1,65.81379446104467
610,2413.4188318061856,221,1,0,95.0
611,2704.8144471359296,299,1,3,73.91917947955449
612,2693.7240454101598,323,1,4,71.06989570853723
613,3147.8499884891576,426,1,8,95.0
614,2498.970244140628,249,1,1,94.24
615,3357.459316244131,453,1,7,71.11530189471218
616,2921.1363164067307,310,1,3,0.0
617,2723.893752441408,307,1,4,0.0
618,2410.289221770765,229,1,0,94.24
619,2830.8576409912134,322,1,3,67.76751886351623
620,2411.008251953128,270,1,2,64.68625411962837
621,2785.3222556686446,327,1,4,0.0
622,2705.7727246093777,336,1,4,60.613839851865514
623,2521.9062060546903,289,1,3,95.0
624,2686.318171386724,306,1,3,65.72381101685903
625,2662.934459948543,300,1,3,95.0
626,2582.9302978515666,300,1,3,64.58277385175734
627,2678.816409255866,331,1,4,95.0
628,2569.3715380859394,289,1,3,73.91917947955449
629,2596.9849576187166,309,1,3,95.0
630,2741.099333496095,329,1,4,95.0
631,2400.5575292968765,238,1,1,95.0
632,2399.3943359375025,235,1,1,95.0
633,2534.3202978515656,248,1,1,95.0
634,2426.702148437506,270,1,2,71.11530189471218
635,2421.2342551422144,244,1,1,95.0
636,2518.324928517344,304,1,3,71.11530189471218
637,2557.50621109009,270,1,2,95.0
638,2524.0633859443683,256,1,1,95.0
639,2487.802646484378,273,1,2,64.53009217399158
640,2410.5056400919,223,1,0,95.0
641,2400.8294091796893,257,1,2,93.62556831662081
642,2410.1938281250013,219,1,0,95.0
643,2413.511916561126,209,1,0,94.24
644,2428.8019189453144,257,1,2,95.0
645,2410.3738281250016,210,1,0,95.0
646,2410.8393560194977,213,1,0,95.0
647,2410.3538281250026,211,1,0,94.24
648,2399.8316387176546,235,1,1,95.0
649,2424.905371093753,240,1,1,95.0
650,2535.1302978515623,245,1,1,95.0
651,3071.932680320743,475,1,10,95.0
652,2605.22045898438,315,1,4,94.24
653,2914.4936631012033,396,1,7,95.0
654,2893.6208300781277,364,1,6,95.0
655,2859.177290852075,379,1,6,64.09394036660545
656,3142.2518127059993,467,1,9,95.0
657,7739.991345214757,2120,1,79,95.0
658,4725.217464752215,1349,1,51,95.0
659,2568.998046875003,305,1,4,67.9863293923065
660,3732.349862527864,940,1,32,95.0
661,2416.0271630859397,242,1,1,95.0
662,2644.704462385182,285,1,2,65.43952862284583
663,2406.5574560546875,273,1,2,68.12533987625169
664,2969.2160198593174,358,1,4,68.28881239386307
665,3189.819852790839,502,1,6,92.73819136
666,3255.280740318304,412,1,5,95.0
667,2569.986649856568,252,1,1,95.0
668,2542.6475964164756,262,1,2,95.0
669,2410.3738281250016,210,1,0,95.0
670,2396.484659709931,213,1,1,0.0
671,3279.474402465821,443,1,9,95.0
672,2415.551841545107,215,1,0,95.0
673,2639.6364697265662,266,1,2,95.0
674,2557.279607057574,240,1,1,95.0
675,2819.4570450210576,323,1,4,92.94334697078783
676,2543.6584443664574,252,1,1,95.0
677,2540.055515584949,272,1,2,51.69790168647549
678,2864.7165155029315,337,1,5,90.53023301814714
679,3332.1872241210963,479,1,10,95.0
680,2396.173066406253,236,1,1,95.0
681,2750.205910034183,359,1,6,95.0
682,3778.543818702707,688,1,19,95.0
683,3296.09670215607,527,1,11,95.0
684,2961.0494322586123,371,1,5,95.0
685,2410.2138281250022,218,1,0,94.24
686,4496.313900146488,662,1,13,95.0
687,3136.8127148437547,401,1,6,95.0
688,3121.4948427581858,363,1,4,95.0
689,6425.594300041166,1027,1,22,62.093711022845824
690,5508.392006988515,864,1,19,95.0
691,3927.348141708392,828,1,24,95.0
692,8588.52272338854,2500,0,98,26.028949918163086
693,10212.744238281113,2500,0,85,84.2598519919299
694,10357.626770019404,2500,0,79,56.35279042961153
695,10475.604793014401,2128,1,57,67.84914323319157
696,2850.5709839630176,326,1,3,64.1376771328474
697,2418.049050865177,227,1,0,95.0
698,2422.2977767181424,224,1,0,92.73819136
699,2423.1856267547605,227,1,0,95.0
700,2423.4535019683854,231,1,0,92.73819136
701,2414.460874881747,228,1,0,94.24
702,2419.4151413345353,223,1,0,95.0
703,2418.887473411563,224,1,0,95.0
704,2421.072687759401,243,1,1,95.0
705,2413.6206688308725,273,1,0,95.0
706,2422.474939956669,218,1,0,95.0
707,2420.481292037965,226,1,0,95.0
708,2417.9686265945465,215,1,0,95.0
709,2421.484231872561,214,1,0,94.24
710,2513.481576919558,245,1,1,95.0
711,2421.079087829592,215,1,0,95.0
712,2419.1589860153217,214,1,0,95.0
713,2415.342249336245,213,1,0,95.0
714,2415.854858436587,218,1,0,95.0
715,2415.631757011415,218,1,0,95.0
716,2480.454778995517,238,1,1,95.0
717,2416.259712753296,212,1,0,95.0
718,2509.978977718354,238,1,1,95.0
719,2505.474354820254,241,1,1,94.63311554248705
720,2416.831282196046,212,1,0,95.0
721,2495.7645490646364,255,1,2,94.24
722,2419.834385185245,216,1,0,94.63311554248705
723,2420.67086532593,216,1,0,95.0
724,2480.0188610839855,246,1,1,95.0
725,2553.4711072731043,271,1,2,95.0
726,2411.408037300113,209,1,0,95.0
727,2412.571655797958,210,1,0,95.0
728,2413.4657081604037,210,1,0,95.0
729,2418.756488494877,216,1,0,95.0
730,2415.8763507461563,217,1,0,95.0
731,2417.303697814946,223,1,0,94.24
732,2422.803564224246,217,1,0,95.0
733,2421.381254119873,219,1,0,95.0
734,2650.618768463139,442,1,1,95.0
735,2421.3535096740743,217,1,0,95.0
736,2418.373491859438,220,1,0,95.0
737,2414.367622852328,220,1,0,93.48608
738,2417.5628342056298,218,1,0,95.0
739,2414.55683729172,214,1,0,95.0
740,2414.2486293602005,211,1,0,94.24
741,2417.7173999023457,214,1,0,95.0
742,2421.098130035401,210,1,0,95.0
743,2414.51511552811,216,1,0,95.0
744,2411.5831626319923,218,1,0,95.0
745,2597.1863283538864,268,1,2,95.0
746,2405.1829764175454,236,1,1,94.24
747,2859.256729354863,393,1,8,94.24
748,2411.715647354126,208,1,0,95.0
749,2496.851998672488,242,1,1,95.0
750,2516.8432891285433,262,1,2,95.0
751,2440.6845975112924,229,1,1,95.0
752,2417.3295843505894,208,1,0,95.0
753,2417.9698664855973,219,1,0,93.48608
754,2416.034614257816,216,1,0,94.24
755,2418.141863975525,222,1,0,95.0
756,2412.3777793788945,213,1,0,95.0
757,2418.564154014588,212,1,0,93.48608
758,2415.3135029220593,213,1,0,89.80599115400196
759,2413.952297878267,205,1,0,95.0
760,2417.373307647704,208,1,0,94.24
761,2414.6935644149803,215,1,0,95.0
762,2416.250625572205,212,1,0,95.0
763,2416.6321894454986,221,1,0,94.24
764,2415.814651451113,212,1,0,95.0
765,2412.5805663681062,207,1,0,95.0
766,2540.5013711547867,232,1,1,95.0
767,2410.8321896481543,206,1,0,91.44841301640197
768,2464.7396770668056,229,1,1,94.24
769,2417.82439544678,206,1,0,94.24
770,2421.0225616455105,205,1,0,95.0
771,2413.9519985580473,208,1,0,95.0
772,2418.7052977752714,209,1,0,95.0
773,2412.7407516670232,204,1,0,88.3689472
774,2412.234398002626,209,1,0,95.0
775,2419.794372596744,218,1,0,93.48608
776,2419.81998428345,213,1,0,95.0
777,2473.6626016235373,232,1,1,94.24
778,2416.4934486389197,210,1,0,93.90303301814714
779,2416.0396310806295,210,1,0,91.27285185929047
780,2416.2569247055067,211,1,0,95.0
781,2414.269675655366,209,1,0,95.0
782,2582.492260499002,274,1,3,95.0
783,2414.177785644533,207,1,0,95.0
784,2421.1568669891353,202,1,0,88.32767999999999
785,2462.0754829406746,235,1,1,94.24
786,2483.560161743167,232,1,1,90.53023301814714
787,2463.3047999906557,231,1,1,91.99628582912
788,2419.254720420839,204,1,0,93.48608
789,2475.9924860000606,230,1,1,91.99628582912
790,2436.1692015838657,224,1,1,91.26031554248704
791,2461.4317285156258,232,1,1,95.0
792,2434.550223464969,219,1,1,90.18061053994307
793,2498.447078285219,252,1,2,95.0
794,2464.180599746706,242,1,2,91.26031554248704
795,2685.212994995123,283,1,3,95.0
796,2421.558818397524,217,1,1,91.99628582912
797,2568.965188045504,249,1,2,94.24
798,2513.530756835939,256,1,2,95.0
799,2431.845474839213,225,1,1,95.0
800,2496.755510673525,227,1,1,95.0
801,3039.8207088661275,389,1,7,95.0
802,4816.063791618355,722,1,18,94.24
803,2901.882910461433,384,1,7,67.10890149374433
804,2530.1098193359385,249,1,2,95.0
805,2474.3421037292505,247,1,2,95.0
806,2434.2792553043387,217,1,1,95.0
807,2488.925608339313,223,1,1,95.0
808,2873.0990841484095,352,1,6,95.0
809,2633.8469885063214,289,1,3,93.48608
810,2420.337352447512,201,1,0,95.0
811,2507.5764453125016,229,1,1,91.74764287897179
812,2559.3967737007138,251,1,2,95.0
813,2496.2025922012326,229,1,1,94.24
814,2412.0482564163226,209,1,0,95.0
815,2835.8812158870724,286,1,2,94.38646173594002
816,2413.0691477203395,198,1,0,93.48608
817,2464.0523632812537,226,1,1,94.24
818,2414.299015007019,202,1,0,94.24
819,2484.570426635742,251,1,3,0.0
820,2612.3282458496083,259,1,2,95.0
821,2562.864684448244,257,1,2,64.87405902662266
822,2770.457798461917,291,1,3,67.98020466605591
823,2471.3892232656476,225,1,1,89.0816
824,3877.0639215087954,527,1,11,70.97686549582016
825,2700.328104248047,283,1,3,91.99628582912
826,2742.244661865235,287,1,3,94.24
827,2490.3989459228537,229,1,1,94.24
828,2536.1458292770417,236,1,1,95.0
829,2411.3750398063685,203,1,0,95.0
830,2455.576552124024,229,1,1,91.26031554248704
831,2503.921567096713,233,1,1,92.73819136
832,2529.017523803715,243,1,1,95.0
833,2537.710066566469,242,1,1,95.0
834,2942.3019739341767,304,1,3,91.7417472
835,2489.884193725586,234,1,1,92.40659428396995
836,2415.1939983367943,210,1,0,93.48608
837,2459.0864252185884,302,1,4,67.92690561087831
838,2608.820047419072,246,1,1,95.0
839,2864.0649802780167,287,1,2,95.0
840,2653.5598162841775,244,1,1,92.46034322476994
841,2414.300812435152,210,1,0,88.73763248635758
842,2839.57424011231,320,1,5,0.0
843,2626.7137615966803,306,1,4,95.0
844,3345.700441789631,425,1,8,68.28881239386307
845,2789.0577496337937,316,1,4,68.28881239386307
846,2653.4140130615256,262,1,2,95.0
847,2464.3902576017417,271,1,3,61.44496543811509
848,3527.4721533203137,603,1,16,90.53023301814714
849,2956.906209106447,339,1,5,95.0
850,2420.9752865338332,263,1,3,61.69004561059519
851,2913.4764733886745,317,1,4,94.24
852,2645.667955322268,294,1,4,68.28881239386307
853,2899.248989896776,341,1,6,0.0
854,2887.169771728517,357,1,7,0.0
855,2621.0053295898438,276,1,3,73.91917947955449
856,2522.003125000001,255,1,2,95.0
857,2671.499596710206,314,1,4,95.0
858,2524.037797851568,239,1,1,95.0
859,2659.748504028322,282,1,3,95.0
860,2751.2401862335223,294,1,4,68.28881239386307
861,2569.9918499755872,241,1,2,0.0
862,2395.493828125002,204,1,1,0.0
863,2574.667831211091,256,1,2,65.2012269637148
864,2540.5157385253938,268,1,3,68.28881239386307
865,2476.9841210937525,232,1,1,68.28881239386307
866,2768.3545032310494,286,1,3,65.43952862284583
867,2449.8244500064884,223,1,1,68.28881239386307
868,2414.8474347686797,217,1,0,95.0
869,2401.709455566408,241,1,1,95.0
870,2733.294923706057,274,1,2,95.0
871,2409.0702636718743,230,1,1,95.0
872,2453.963209276204,221,1,1,95.0
873,2449.235080757143,228,1,1,90.53023301814714
874,2411.250395507814,224,1,1,93.87605061814715
875,2480.091113281252,235,1,1,95.0
876,2416.16086128235,211,1,0,95.0
877,2529.2936938476573,269,1,3,61.46047121705168
878,2399.5623193359374,227,1,2,0.0
879,4983.8452191162105,891,1,26,95.0
880,3648.922032470709,529,1,11,90.53023301814714
881,2585.352927780153,250,1,2,95.0
882,3869.6979943847723,532,1,11,95.0
883,2512.0157403373737,233,1,1,95.0
884,2439.99621565819,236,1,1,93.90303301814714
885,2480.2877860641493,232,1,1,95.0
886,2410.473828125001,205,1,0,94.24
887,2418.0194824218756,230,1,1,90.53023301814714
888,2445.3839317178745,232,1,1,95.0
889,2395.947714843751,218,1,1,94.24
890,2473.61878417969,248,1,2,94.24
891,2490.368847312931,248,1,2,95.0
892,2519.484199218753,251,1,2,68.28881239386307
893,2410.5938281250023,199,1,0,95.0
894,2439.38848822117,215,1,1,68.21987662662266
895,2412.814455471041,197,1,0,95.0
896,2783.326552734379,317,1,4,68.07692022597875
897,2867.797492780691,328,1,5,71.11530189471218
898,3150.4246466064446,373,1,7,0.0
899,2968.6035333251994,377,1,7,0.0
900,2688.421017456057,295,1,4,64.49659767720897
901,5308.5282443237265,994,1,31,71.0469176136097
902,4140.967319335943,558,1,10,93.48608
903,2551.308903808597,254,1,2,89.80599115400196
904,2420.4346484375005,229,1,1,92.73819136
905,2510.4693411445633,247,1,2,95.0
906,2497.9802549552924,249,1,2,95.0
907,2531.762397632602,247,1,2,95.0
908,2410.3938281250025,209,1,0,91.99628582912
909,2410.2038281250034,206,1,0,94.24
910,2415.316139717104,209,1,0,95.0
911,2410.5738281250015,200,1,0,95.0
912,2410.3738281250016,210,1,0,95.0
913,2451.6294897651683,227,1,1,68.28881239386307
914,2396.266314692501,204,1,1,0.0
915,3193.2902266120936,352,1,5,68.28881239386307
916,2651.4555615234394,281,1,3,67.97771589405748
917,2467.350380859378,227,1,1,94.24
918,2523.1769256591824,275,1,3,92.73819136
919,2476.167746582033,243,1,1,94.24
920,2412.4438361263296,212,1,0,95.0
921,2561.163453674319,250,1,1,95.0
922,2787.035006084444,318,1,4,68.28881239386307
923,2678.4842631530782,274,1,2,95.0
924,2434.826011390688,224,1,1,95.0
925,2589.513134469987,238,1,1,95.0
926,2537.3357373046897,266,1,2,93.48608
927,2712.79632019043,263,1,2,71.11530189471218
928,3154.2556235885663,372,1,6,68.28881239386307
929,2751.8342089843754,294,1,3,94.24
930,2605.2119433593766,244,1,1,95.0
931,2714.8130236816432,269,1,2,95.0
932,2653.418616451027,259,1,2,93.12504221320197
933,3325.0130945587202,378,1,6,94.24
934,3222.6035522079515,352,1,5,61.57019479386305
935,2483.7594577026375,234,1,2,68.28881239386307
936,3968.1085156250106,631,1,15,67.97771589405748
937,3677.4574102783276,463,1,9,64.78931961022359
938,7387.047404174748,1251,1,34,67.54218120890066
939,2974.0551025390687,400,1,5,95.0
940,3376.73257507325,518,1,9,73.91917947955449
941,2707.6872650146497,325,1,4,68.1012272793286
942,3120.915043945317,419,1,7,71.11530189471218
943,3516.4487566052526,597,1,12,70.73078319572059
944,3593.8822909546006,559,1,9,94.24
945,2553.629365882878,272,1,2,94.63311554248705
946,2420.8260888671884,222,1,1,95.0
947,2825.6019938755094,271,1,2,95.0
948,3013.1624121093787,383,1,7,95.0
949,2820.9621595126414,299,1,2,95.0
950,2925.650765228274,325,1,4,93.90303301814714
951,2417.3740720367473,212,1,0,95.0
952,2413.612503433229,215,1,0,95.0
953,2462.220295524598,240,1,1,95.0
954,2419.081865653993,207,1,0,95.0
955,2500.549246864321,241,1,1,95.0
956,2414.973934898377,217,1,0,95.0
957,2652.601937389376,295,1,2,95.0
958,2532.0460522460944,241,1,1,94.24
959,2414.7690736579916,216,1,0,95.0
960,2410.2338281250018,217,1,0,95.0
961,2417.328383750918,214,1,0,95.0
962,2518.1705969619748,246,1,1,95.0
963,2694.5618457031296,274,1,2,95.0
964,2624.9590728187586,258,1,1,95.0
965,2960.6639013671906,363,1,5,95.0
966,2417.073175659181,213,1,0,95.0
967,2410.4338281250025,207,1,0,95.0
968,2685.6097363281306,276,1,2,94.24
969,2415.210055027011,207,1,0,95.0
970,2470.8017030334513,237,1,1,94.24
971,2473.704320077897,231,1,1,95.0
972,2410.5338281250015,202,1,0,95.0
973,2842.5767547607447,270,1,2,95.0
974,2671.8297631835962,262,1,2,95.0
975,2770.3233756303807,300,1,4,95.0
976,2434.282704563142,224,1,1,95.0
977,2416.607201423647,198,1,0,95.0
978,2410.653828125002,196,1,0,93.48608
979,5076.10714359285,1640,1,67,95.0
980,2411.278771290781,212,1,0,95.0
981,2683.2558705902075,307,1,3,95.0
982,2416.690689811708,212,1,0,95.0
983,2675.510312156678,276,1,2,94.24
984,2803.3227319335974,317,1,3,95.0
985,2484.8753808593774,232,1,1,93.48608
986,2654.657646484378,264,1,2,95.0
987,3719.598955078137,644,1,18,94.24
988,2466.222348632813,218,1,1,95.0
989,3031.9458312034626,350,1,6,94.24
990,3283.7077139186867,376,1,6,95.0
991,2401.6889611053484,216,1,1,95.0
992,2410.473828125001,205,1,0,95.0
993,3583.5982979583805,526,1,12,95.0
994,2639.894334411624,245,1,1,95.0
995,2786.2101176762626,278,1,2,95.0
996,2534.8253635025044,242,1,1,94.24
997,2533.3159937667883,246,1,1,95.0
998,2887.745847940451,315,1,3,95.0
999,2948.691315917974,306,1,3,95.0
1000,2693.902292175297,254,1,1,95.0
1001,2417.921152915958,208,1,0,95.0
1002,2414.826321315768,215,1,0,95.0
1003,3588.8392821502725,429,1,6,95.0
1004,2959.3624022293116,306,1,3,95.0
1005,3658.838227615359,422,1,7,95.0
1006,2712.069308471684,265,1,2,95.0
1007,3095.8618442916872,368,1,6,95.0
1008,4208.328984814889,560,1,12,95.0
1009,2599.7801133918792,241,1,1,93.90303301814714
1010,2519.609001731875,230,1,1,95.0
1011,2751.094395542147,300,1,3,92.73819136
1012,2414.4501182746894,214,1,0,95.0
1013,2412.760882816315,212,1,0,95.0
1014,2821.3391796875026,301,1,4,95.0
1015,2414.703724918367,207,1,0,95.0
1016,9492.19220703119,1531,1,45,94.24
1017,2488.247334575654,225,1,1,95.0
1018,4513.044534301766,575,1,12,95.0
1019,5212.134807294601,700,1,16,95.0
1020,2938.199908599856,342,1,5,95.0
1021,2668.219880943298,261,1,2,94.24
1022,2926.525254516608,336,1,4,95.0
1023,3537.7294628906293,416,1,7,95.0
1024,2421.5160371971133,219,1,1,95.0
1025,3145.3040426635803,328,1,4,95.0
1026,2620.859630317689,244,1,2,94.38061322240002
1027,3489.0360345077547,414,1,7,95.0
1028,2863.422519054415,328,1,4,95.0
1029,2416.3457094955475,206,1,0,95.0
1030,3060.6139501571697,330,1,4,94.38061322240002
1031,2413.8432078361525,210,1,0,95.0
1032,2414.598789672853,211,1,0,95.0
1033,2414.133300590517,215,1,0,89.14609295085634
1034,2750.490214843754,259,1,2,95.0
1035,2415.7275859451315,197,1,0,95.0
1036,2412.8766618919385,209,1,0,95.0
1037,2411.3116883325597,206,1,0,91.26031554248704
1038,2428.584692802432,218,1,1,94.24
1039,2410.5138281250015,203,1,0,95.0
1040,2412.206970968248,208,1,0,95.0
1041,2411.1764998865156,204,1,0,95.0
1042,2410.4338281250016,207,1,0,95.0
1043,2807.489924087529,298,1,4,95.0
1044,3092.768801879885,335,1,5,95.0
1045,2417.6173951339724,199,1,0,94.24
1046,2411.804309053423,199,1,0,95.0
1047,2774.330744991304,287,1,3,95.0
1048,2547.266180882456,247,1,2,95.0
1049,2951.7485607767135,298,1,3,95.0
1050,2953.790540542603,353,1,6,95.0
1051,2413.325593700409,203,1,0,95.0
1052,3107.098496093753,388,1,7,83.2105472
1053,5372.015347442622,877,1,25,95.0
1054,2894.826952400208,293,1,3,95.0
1055,4098.357799072274,689,1,19,94.24
1056,5703.364772949214,787,1,19,93.48608
1057,2942.3628133392367,332,1,5,94.24
1058,3454.311776695259,382,1,6,95.0
1059,2421.019743499756,207,1,0,95.0
1060,2593.8123284530666,229,1,1,95.0
1061,2738.1959866714515,309,1,3,94.24
1062,2845.6684794235266,301,1,4,95.0
1063,2411.827083702092,204,1,0,95.0
1064,2647.1668536087855,242,1,1,95.0
1065,2648.68259365082,239,1,1,95.0
1066,2410.9368334937117,206,1,0,92.73819136
1067,3091.344688568117,302,1,3,95.0
1068,2804.9386593627924,261,1,2,95.0
1069,2413.289892940521,206,1,0,95.0
1070,2414.141370601656,204,1,0,95.0
1071,2411.1775809955616,204,1,0,93.48608
1072,2526.405802993775,241,1,1,94.24
1073,2666.50895996094,280,1,3,95.0
1074,4271.978178834916,515,1,10,95.0
1075,2415.8068134307855,195,1,0,94.24
1076,9098.608480501098,1585,1,46,93.62556831662081
1077,6018.657617187491,1150,1,34,93.48608
1078,10667.754882812385,2500,0,92,60.288563459556144
1079,10703.347863998331,1918,1,50,95.0
1080,8543.265409488631,1879,1,64,68.28881239386307
1081,2751.7509814453174,269,1,3,92.73819136
1082,8876.018103027245,2500,0,95,23.05046452076601
1083,8960.84359741199,2500,0,95,47.75712428075177
1084,13416.825427245969,2500,0,80,59.194466756901036
1085,4361.054217491154,732,1,21,67.90119273762156
1086,12304.628683471565,2500,0,83,92.73819136
1087,9587.696536865169,1453,1,38,94.24
1088,5919.481376953115,1104,1,35,94.24
1089,3273.231589355475,403,1,8,95.0
1090,5399.226081061362,1005,1,31,68.28881239386307
1091,2530.221143500809,241,1,2,95.0
1092,7769.052358512836,1656,1,57,67.74250189471216
1093,9455.286344604396,2186,1,79,93.48608
1094,2624.794674682623,245,1,2,95.0
1095,2781.99382751465,276,1,3,95.0
1096,2410.693828125,194,1,0,95.0
1097,2726.462123413087,259,1,2,95.0
1098,5005.312053604128,804,1,22,93.6793172574208
1099,2412.833897171024,202,1,0,95.0
1100,2689.7795617675793,257,1,2,95.0
1101,5105.152084960945,903,1,27,93.48608
1102,2662.373678588871,235,1,1,95.0
1103,2538.4303515625047,249,1,2,65.07470323677248
1104,2671.9647717285175,261,1,3,0.0
1105,3161.4977233886752,380,1,7,94.24
1106,2486.365209255219,222,1,1,94.24
1107,2439.6372558593753,220,1,1,95.0
1108,2491.6799013614677,240,1,2,68.28881239386307
1109,2410.3738281250007,210,1,0,95.0
1110,2398.3796930503845,204,1,1,0.0
1111,2465.8408184480686,224,1,1,68.28881239386307
1112,4172.249628200539,583,1,14,93.90303301814714
1113,3456.470710840228,438,1,9,68.28881239386307
1114,10737.13176940909,2173,1,73,94.24
1115,2558.868304419522,225,1,1,95.0
1116,2684.4142449951173,277,1,3,95.0
1117,3333.401894531254,392,1,7,90.2797507166208
1118,2480.1603099179297,244,1,2,66.71216758815794
1119,2614.938633365633,249,1,2,94.24
1120,2585.431379761697,253,1,2,95.0
1121,2653.585584373477,274,1,3,68.28881239386307
1122,5876.565948233604,1012,1,31,65.25043072512963
1123,2599.006247558594,243,1,2,90.53023301814714
1124,2713.5894897460944,255,1,2,95.0
1125,2508.6467438983927,226,1,1,92.90273740488705
1126,2644.2866242218065,251,1,2,95.0
1127,2410.573828125001,200,1,0,95.0
1128,2702.4905401611354,278,1,3,95.0
1129,2410.6538281250023,196,1,0,95.0
1130,2504.1457958984397,226,1,1,95.0
1131,2460.58915466309,218,1,1,95.0
1132,2543.6169916439108,241,1,2,68.28881239386307
1133,2626.1679272460938,251,1,2,94.24
1134,2784.41226074219,294,1,4,64.91601239386306
1135,3314.636488037112,431,1,9,93.15180875400196
1136,2412.7618506431604,200,1,0,93.48608
1137,2410.5738281250024,200,1,0,94.24
1138,2831.665581045156,282,1,3,95.0
1139,2964.2139282226585,345,1,6,65.07470323677248
1140,2410.5338281250015,202,1,0,95.0
1141,2412.0814202785486,200,1,0,91.26031554248704
1142,2538.9804150390646,246,1,2,95.0
1143,2542.560641479497,240,1,2,68.28881239386307
1144,2412.703345336915,213,1,1,95.0
1145,2411.2308108329803,200,1,0,95.0
1146,2664.5039605331444,234,1,1,91.26031554248704
1147,2691.332490234378,251,1,2,95.0
1148,2420.6611924743656,217,1,1,95.0
1149,2656.341789321901,236,1,1,95.0
1150,2500.5517584991476,229,1,1,95.0
1151,2743.7154458665864,258,1,2,95.0
1152,2411.530031580925,199,1,0,90.90787352816842
1153,2692.326669921878,253,1,2,95.0
1154,2609.880043869022,231,1,1,95.0
1155,2588.6155075025586,244,1,2,95.0
1156,2600.3681289482165,251,1,2,93.48608
1157,2428.369125976565,213,1,1,95.0
1158,2877.246484375002,300,1,4,68.28881239386307
1159,2602.305336914066,227,1,1,90.53023301814714
1160,2414.2566109085114,203,1,0,95.0
1161,2410.533828125001,202,1,0,95.0
1162,2491.874704284669,224,1,1,95.0
1163,2508.436963052751,229,1,1,92.73819136
1164,2495.024331512451,223,1,1,92.73819136
1165,2416.6062445831317,204,1,0,94.24
1166,2414.7895904350303,196,1,0,94.24
1167,2952.25098144532,324,1,5,95.0
1168,2410.633828125001,197,1,0,95.0
1169,2532.1920556640634,242,1,2,95.0
1170,2593.4939373111747,232,1,1,94.24
1171,2411.1115087890635,213,1,1,94.24
1172,2412.271616830828,198,1,0,94.38061322240002
1173,2585.5833614349394,265,1,3,95.0
1174,2569.699472656254,283,1,5,0.0
1175,4015.792701416021,476,1,9,93.48608
1176,2411.143156189919,199,1,0,95.0
1177,2627.1252685546874,230,1,1,95.0
1178,2587.10465332031,267,1,3,95.0
1179,2690.14192810059,270,1,3,67.87527250248374
1180,2879.73194030762,283,1,3,95.0
1181,4477.72369201661,721,1,20,67.65095421146496
1182,2683.789472045902,318,1,6,71.11530189471218
1183,2865.288464355471,440,1,11,62.57013390556
1184,2778.0182910156263,319,1,5,73.89674845887575
1185,4331.9196258545,605,1,15,95.0
1186,2971.095151367191,358,1,7,95.0
1187,3109.776779174804,610,1,18,95.0
1188,3173.0828446960486,472,1,12,91.0078132224
1189,2488.2520838165287,228,1,1,94.24
1190,2498.9231148529084,226,1,1,94.24
1191,2411.2065679121006,201,1,0,95.0
1192,6448.940869140511,2500,0,110,13.3301673099264
1193,6425.503191909782,952,1,25,95.0
1194,2674.9992590141333,264,1,2,94.63311554248705
1195,2829.574635324484,267,1,2,93.48608
1196,2676.509795989991,258,1,2,95.0
1197,3889.89995689393,440,1,7,92.73819136
1198,6259.060337791433,842,1,20,95.0
1199,2622.902805137636,310,1,5,92.73819136
1200,2488.8029792022726,229,1,1,95.0
1201,2414.3389116668714,203,1,0,95.0
1202,2487.88694038391,225,1,1,95.0
1203,2736.2481511306787,319,1,5,95.0
1204,2630.4596312713643,269,1,1,93.90303301814714
1205,8185.40365234372,1362,1,42,95.0
1206,3611.7491006279056,408,1,7,93.48608
1207,3189.4598681640678,339,1,5,95.0
1208,3068.241169109347,303,1,3,95.0
1209,2597.335851440433,267,1,3,94.24
1210,2514.3481138801603,242,1,2,95.0
1211,3077.5523776245154,374,1,7,95.0
1212,2821.5955047607445,300,1,4,95.0
1213,2906.343718872071,317,1,4,95.0
1214,2793.4362506866473,295,1,3,95.0
1215,2618.615184936528,232,1,1,95.0
1216,2410.393828125002,209,1,0,95.0
1217,2881.1457818603553,337,1,7,0.0
1218,3695.087369384769,458,1,9,95.0
1219,3013.9883172750515,360,1,6,95.0
1220,2963.3598738479654,321,1,4,95.0
1221,2415.673172225955,208,1,0,95.0
1222,2589.6889178466827,284,1,4,67.87527250248374
1223,2768.887203369143,362,1,7,71.11530189471218
1224,3190.107046270376,385,1,7,95.0
1225,2478.510097656252,222,1,1,68.28881239386307
1226,2738.3029888916058,281,1,3,95.0
1227,2563.4297235107456,262,1,3,67.79625083551215
1228,4550.523216743474,594,1,13,95.0
1229,2410.573828125,200,1,0,95.0
1230,2462.9388085937517,222,1,1,71.11530189471218
1231,2599.8262738037115,251,1,2,91.99628582912
1232,2682.8457774925278,251,1,2,95.0
1233,2451.119255867007,223,1,1,95.0
1234,2527.2425216865568,244,1,2,94.24
1235,2410.333828125001,212,1,0,92.73819136
1236,2480.256178169253,226,1,1,93.48608
1237,2620.960653686526,270,1,3,71.11530189471218
1238,3089.1454071044955,345,1,5,95.0
1239,3823.500429134372,486,1,10,95.0
1240,2439.7573574829134,226,1,1,95.0
1241,2421.5984157466924,228,1,1,94.24
1242,2448.7250103950496,230,1,1,95.0
1243,2700.3703667449968,266,1,2,95.0
1244,2541.0224045181308,253,1,2,91.99628582912
1245,2415.016356887821,208,1,0,95.0
1246,2487.5223449707055,230,1,1,93.48608
1247,2414.834965381625,227,1,1,95.0
1248,2499.3194252300286,236,1,1,95.0
1249,2520.3276087570202,236,1,1,95.0
1250,5088.0643296050885,1006,1,32,68.28881239386307
1251,2679.368116302494,294,1,3,94.24
1252,2805.755661315922,324,1,4,94.24
1253,2411.6292016220154,219,1,0,95.0
1254,2422.4323316192663,217,1,0,95.0
1255,2561.0709905242925,252,1,2,95.0
1256,2458.602613582615,223,1,1,95.0
1257,2458.6933812332186,239,1,1,94.24
1258,2411.041289315228,222,1,0,94.24
1259,2410.3338281250003,212,1,0,95.0
1260,2510.431213111878,234,1,1,95.0
1261,2481.9446984386464,232,1,1,95.0
1262,2723.4729101181065,270,1,2,94.24
1263,2482.6231854248076,241,1,2,94.24
1264,2415.893791351319,212,1,0,93.90303301814714
1265,2414.1207541656504,214,1,0,91.99628582912
1266,2441.62622837067,223,1,1,95.0
1267,2505.657152709962,227,1,1,93.48608
1268,2413.922063541413,215,1,0,93.15180875400196
1269,2411.965098705295,213,1,0,95.0
1270,2410.413828125002,208,1,0,95.0
1271,2463.5023828125027,227,1,1,95.0
1272,2475.306522827149,231,1,1,95.0
1273,2579.7272742652913,238,1,1,95.0
1274,2487.3246620178234,230,1,1,95.0
1275,2458.0332585907013,222,1,1,92.73819136
1276,2476.2319536781342,227,1,1,93.48608
1277,2545.864623031617,247,1,2,93.48608
1278,2474.586337223057,233,1,1,95.0
1279,4746.686890258796,598,1,12,95.0
1280,2595.980925903321,282,1,4,71.11530189471218
1281,3050.6283868408245,352,1,6,70.97686549582016
1282,2510.901834530832,244,1,2,95.0
1283,2488.904500169755,229,1,1,95.0
1284,2500.45858459473,250,1,2,64.55664458246517
1285,2395.413828125002,208,1,1,0.0
1286,2509.6589569091825,235,1,1,95.0
1287,2614.2877532959,260,1,2,95.0
1288,2414.2866656494157,219,1,1,93.48608
1289,2885.0651340579993,332,1,5,95.0
1290,2475.4327447509795,222,1,1,95.0
1291,2702.701144123082,260,1,2,88.32767999999999
1292,2495.3203436279323,233,1,1,95.0
1293,2715.0182574462924,269,1,3,76.02930659295167
1294,6117.320164794902,949,1,26,73.91917947955449
1295,3338.5701722848494,426,1,9,67.76948429471216
1296,2451.946806640628,244,1,2,67.87858082161479
1297,2504.340960617067,239,1,1,94.63311554248705
1298,2509.7330983734155,232,1,1,95.0
1299,2415.612779808046,205,1,0,95.0
1300,2411.4965772771848,203,1,0,95.0
1301,2607.9927801513704,258,1,2,93.48608
1302,2423.4208259868637,231,1,2,0.0
1303,2881.6248236465494,346,1,6,68.28881239386307
1304,3680.851709594736,463,1,10,0.0
1305,3715.317358398447,480,1,10,71.11530189471218
1306,2587.3600775146506,268,1,3,68.19652642284774
1307,2474.142015419008,237,1,2,68.28881239386307
1308,2497.6245466804553,227,1,1,95.0
1309,2412.296386775971,217,1,0,88.6031215198208
1310,2563.5715819931042,242,1,1,95.0
1311,2499.828473510742,233,1,1,95.0
1312,2412.0923834323894,200,1,0,87.6619956224
1313,2410.4538281250034,206,1,0,92.73819136
1314,2420.182386169435,207,1,0,95.0
1315,2467.8431170654308,229,1,1,95.0
1316,2683.1526867675793,256,1,2,94.24
1317,3945.9479364013755,487,1,9,93.48608
1318,4063.59817871095,523,1,11,68.05241714800509
1319,3468.2584320068413,420,1,8,70.97686549582016
1320,2959.8844543457044,345,1,6,95.0
1321,2523.922637109763,246,1,2,95.0
1322,2769.1970099067703,282,1,3,94.24
1323,2864.1585324859648,307,1,3,95.0
1324,2497.526291389466,244,1,1,95.0
1325,2680.920184974674,276,1,2,95.0
1326,2718.438322143558,291,1,4,68.28881239386307
1327,2478.0566111564676,225,1,1,92.38004187549635
1328,3567.25262310029,489,1,11,92.73819136
1329,2869.120817260749,346,1,7,0.0
1330,2635.1285351562524,271,1,3,68.21987662662266
1331,2598.7014892578145,265,1,3,65.04878300163463
1332,12860.10082092269,2500,0,87,44.84067307705599
1333,2410.5538281250037,201,1,0,95.0
1334,2410.593828125002,199,1,0,95.0
1335,2410.5138281250006,203,1,0,94.24
1336,2576.16501291752,232,1,2,0.0
1337,2567.465656704906,244,1,2,71.11530189471218
1338,2410.593828125003,199,1,0,95.0
1339,2867.7725488281285,312,1,4,64.36729016501324
1340,2546.368464860921,272,1,3,67.80688822138126
1341,2604.9196307373077,254,1,3,0.0
1342,2702.476240234377,261,1,3,0.0
1343,2622.569018926622,248,1,2,71.11530189471218
1344,2770.4164129638675,303,1,4,68.07692022597875
1345,2894.09386901856,340,1,6,71.11530189471218
1346,5248.713779296875,818,1,23,68.28881239386307
1347,2455.081299438477,223,1,1,95.0
1348,2614.665844964985,280,1,3,68.0028165820627
1349,2751.6070117187514,264,1,3,0.0
1350,2718.1377191162146,287,1,4,59.62947838730716
1351,4199.719770507825,546,1,13,0.0
1352,2575.2073504638684,249,1,2,95.0
1353,2682.404389648439,256,1,2,61.69827625180871
1354,2630.6463476562535,238,1,1,71.6089711198208
1355,2645.673600133661,253,1,2,64.96976133466306
1356,2763.6726220703154,282,1,3,62.97181856734827
1357,2411.906137294769,199,1,0,95.0
1358,2410.533828125002,202,1,0,95.0
1359,2415.761749076845,200,1,0,95.0
1360,2591.169072265631,244,1,2,64.99631374313665
1361,3564.5148089599693,459,1,10,70.92921746109397
1362,3787.8922412681623,491,1,12,0.0
1363,2745.4615516662666,275,1,3,90.53023301814714
1364,2517.5486816406274,240,1,2,68.28881239386307
1365,2782.837058715824,311,1,4,71.11530189471218
1366,3719.1856396484463,436,1,8,71.11530189471218
1367,4007.4460748291085,492,1,10,68.28881239386307
1368,2895.848328247075,318,1,5,68.17298791097788
1369,4405.723983764661,575,1,13,66.51671761681679
1370,2485.501852416995,235,1,2,71.11530189471218
1371,2502.9522460937524,240,1,2,68.28881239386307
1372,3793.169740600592,444,1,8,69.4936141523215
1373,4406.129799194345,594,1,14,68.28881239386307
1374,2908.9089118957545,310,1,4,95.0
1375,2981.577023315437,315,1,4,95.0
1376,3512.876451110846,420,1,8,71.11530189471218
1377,3247.8951971435627,363,1,6,59.61396982597874
1378,2741.0493084716836,286,1,3,95.0
1379,2619.269625701905,243,1,1,94.24
1380,2408.3460839843765,217,1,1,67.87527250248374
1381,2532.9170514124658,251,1,2,67.92690561087831
1382,2446.0430664062524,225,1,1,68.28881239386307
1383,2427.9408990478555,237,1,2,63.04546485715959
1384,2461.913981323248,236,1,2,61.3550901090199
1385,6491.022573852511,965,1,26,67.95241278114898
1386,3887.1898076915777,543,1,13,69.31049516023748
1387,3948.5494909668055,528,1,12,71.11530189471218
1388,3702.796909179692,568,1,15,68.28881239386307
1389,2764.500974087719,291,1,4,64.42345083551214
1390,3068.5448303222715,355,1,6,95.0
1391,2429.3830560302754,237,1,2,68.28881239386307
1392,2755.0764935302755,296,1,5,0.0
1393,2482.468857421877,218,1,2,0.0
1394,6122.971917114244,977,1,27,65.04878300163463
1395,2941.678140258797,345,1,6,59.71184002876736
1396,4567.610011596683,689,1,18,94.63311554248705
1397,3331.017447509772,413,1,8,67.92690561087831
1398,2697.414266967778,275,1,3,71.11530189471218
1399,3521.6833959961,473,1,10,67.74250189471216
1400,4015.196828613286,512,1,11,63.17905495187969
1401,3134.0012304687552,328,1,5,0.0
1402,2508.240873413089,236,1,3,0.0
1403,2920.185278320317,335,1,6,0.0
1404,8185.657700195266,2193,1,85,65.01403547927166
1405,2702.7961834144635,329,1,6,95.0
1406,2494.1691699218763,229,1,1,89.08754322476995
1407,2580.970512695317,264,1,3,62.75220621630512
1408,2998.2138958740284,341,1,5,95.0
1409,7494.317310180613,1228,1,36,68.28881239386307
1410,2724.8866949462954,283,1,4,71.11530189471218
1411,7227.63522338865,1645,1,59,68.1012272793286
1412,6696.505466563684,1294,1,42,95.0
1413,3714.159397583019,501,1,11,71.11530189471218
1414,5749.95881652831,845,1,22,95.0
1415,2493.9600897216815,278,1,5,0.0
1416,2576.747665710449,249,1,2,94.24
1417,2483.5073884773283,246,1,2,58.08875231245529
1418,2619.96711914063,254,1,2,95.0
1419,5403.925036010738,767,1,19,95.0
1420,2647.590621833804,256,1,2,95.0
1421,2857.652501220704,284,1,3,95.0
1422,3115.8355615234423,357,1,7,0.0
1423,2730.414862346653,305,1,5,68.28881239386307
1424,12014.711316223076,2449,1,83,93.48608
1425,11487.986029052609,2500,0,87,92.7537000305401
1426,5591.625977325433,1085,1,35,95.0
1427,10737.970925292891,2017,1,67,68.28881239386307
1428,7491.297718811016,2500,0,105,0.0
1429,9411.401972880329,2408,1,91,68.12533987625169
1430,3844.145007324226,520,1,12,68.28881239386307
1431,5760.773309936523,913,1,26,68.28881239386307
1432,7435.462642822256,1577,1,54,95.0
1433,2654.195338134768,261,1,2,95.0
1434,3873.637384643566,548,1,13,68.28881239386307
1435,2785.5119415283266,310,1,5,65.29885037540258
1436,2729.763340101247,287,1,4,71.11530189471218
1437,2529.0562915039104,244,1,2,68.28881239386307
1438,2572.7172088623065,285,1,4,68.28881239386307
1439,3681.708063354502,513,1,10,95.0
1440,3010.1486370849652,326,1,5,65.12592328029987
1441,2558.5611231803923,255,1,2,95.0
1442,2414.0525570678747,201,1,0,95.0
1443,6525.709882526393,991,1,27,93.62556831662081
1444,3050.0139118385378,364,1,6,68.14925957239936
1445,2467.10018310547,250,1,2,95.0
1446,2639.4542088699395,299,1,3,95.0
1447,3171.0457928466835,381,1,5,95.0
1448,3146.219880981447,344,1,4,95.0
1449,2744.054628906252,282,1,3,0.0
1450,2556.895590476993,261,1,1,95.0
1451,3053.4033409404806,376,1,5,64.96976133466306
1452,2842.790222797396,302,1,3,95.0
1453,2684.4166168212923,300,1,4,68.28881239386307
1454,3004.1763818359414,342,1,5,64.9369435924178
1455,2436.8307037353547,260,1,2,85.58167495285534
1456,2494.3288934326206,242,1,1,94.24
1457,2591.8503594970744,267,1,2,95.0
1458,2657.8135671615637,260,1,2,95.0
1459,2497.60926710129,257,1,2,65.04878300163463
1460,2415.5424607086225,206,1,0,92.73819136
1461,2412.2944395256095,234,1,0,95.0
1462,2995.83729492188,332,1,5,68.28881239386307
1463,2596.442095336918,252,1,2,71.11530189471218
1464,2395.153828125002,221,1,1,0.0
1465,2499.9069042968767,241,1,2,68.02771646456391
1466,2500.075507812502,241,1,2,67.5678940821574
1467,2435.381220703128,221,1,1,68.28881239386307
1468,2434.299248046877,214,1,1,68.28881239386307
1469,2457.820156250003,217,1,1,68.28881239386307
1470,3083.5626074218794,303,1,4,0.0
1471,3861.29937988282,432,1,7,68.1012272793286
1472,2410.5738281250015,200,1,0,91.0347956224
1473,2410.5938281250005,199,1,0,95.0
1474,2410.653828125001,196,1,0,85.9176628224
1475,2539.622544180156,241,1,2,68.05241714800509
1476,2432.2998542499545,219,1,1,95.0
1477,2418.9539068603544,213,1,0,95.0
1478,2415.4996709060706,219,1,0,95.0
1479,2467.9329891777047,242,1,1,68.28881239386307
1480,2685.9504632568396,262,1,2,61.97695247155028
1481,2978.851443576818,310,1,4,71.11530189471218
1482,2542.0760386276265,236,1,2,68.28881239386307
1483,3306.241387329101,337,1,4,95.0
1484,2412.186665687562,202,1,0,94.24
1485,2511.709179687504,250,1,2,68.28881239386307
1486,2679.475446166997,278,1,3,94.24
1487,3154.2684331703194,346,1,5,95.0
1488,2853.826663780216,330,1,6,68.28881239386307
1489,3789.039370117192,417,1,7,67.74250189471216
1490,2566.341605062488,229,1,1,93.48608
1491,2605.925324096681,268,1,3,71.11530189471218
1492,3594.032019348156,444,1,9,71.11530189471218
1493,2808.9344964599645,307,1,4,62.720055097912145
1494,2687.1959358215368,275,1,3,71.11530189471218
1495,2469.508779873851,233,1,3,0.0
1496,2523.266035156253,241,1,2,68.28881239386307
1497,2629.8001050949147,270,1,3,65.07470323677248
1498,2493.819860229496,227,1,1,95.0
1499,2435.4040917968773,217,1,1,71.11530189471218
1500,3180.645797729498,370,1,6,67.90119273762156
1501,2526.570615234377,248,1,2,68.05241714800509
1502,2496.700498046877,243,1,2,65.982932536722
1503,2729.300581054689,296,1,4,68.1012272793286
1504,2546.439252319341,263,1,3,65.83479586494792
1505,2446.000229587558,233,1,2,69.01516470696043
1506,3174.1548040771554,388,1,7,70.95313715724168
1507,3880.3721622121425,489,1,10,65.67679367073728
1508,3116.3578564453187,371,1,7,65.93212503752389
1509,2538.8991414260895,244,1,2,94.24
1510,2496.364033203126,241,1,2,71.11530189471218
1511,2687.8729949951226,300,1,5,73.91917947955449
1512,5002.348475738764,678,1,16,95.0
1513,2530.108046875003,237,1,2,71.11530189471218
1514,2410.573828125,200,1,0,94.24
1515,2550.4906653976473,232,1,1,93.48608
1516,2540.9158149337804,232,1,1,95.0
1517,2459.1143554687515,215,1,1,71.11530189471218
1518,2481.914238281253,239,1,3,0.0
1519,2878.642668457037,314,1,5,0.0
1520,2489.9249451732658,232,1,1,95.0
1521,2793.0510192108186,274,1,3,70.92921746109397
1522,2701.718298950199,273,1,3,95.0
1523,2465.917943420411,238,1,2,70.52047456431464
1524,2720.690917968752,260,1,3,0.0
1525,2974.393831787113,332,1,5,95.0
1526,3088.5674805331264,336,1,5,71.11530189471218
1527,2674.3271954822585,291,1,4,67.48349473284739
1528,2518.3743402862583,223,1,1,95.0
1529,2468.352104492191,214,1,1,95.0
1530,2490.582818489076,226,1,1,95.0
1531,2446.9322949218777,211,1,1,95.0
1532,5456.326541833889,971,1,26,94.24
1533,3021.1731182861363,346,1,6,71.11530189471218
1534,5046.76837520599,725,1,18,95.0
1535,2764.911190795902,275,1,3,95.0
1536,2951.332753295901,309,1,4,93.48608
1537,6103.275343017566,846,1,21,95.0
1538,2628.607698593141,267,1,3,92.73819136
1539,2512.039558601381,220,1,1,93.48608
1540,2410.6538281250005,196,1,0,95.0
1541,2594.8259716796892,246,1,2,94.24
1542,2554.988989257815,225,1,1,95.0
1543,2449.099091796876,211,1,1,95.0
1544,2450.1532421875004,216,1,1,95.0
1545,2507.7261083984404,223,1,1,95.0
1546,2667.4238696289085,249,1,2,95.0
1547,2874.5403234100386,302,1,4,95.0
1548,2661.4429705619846,285,1,4,90.53023301814714
1549,5206.473007202141,795,1,22,68.28881239386307
1550,6124.574606573574,905,1,24,95.0
1551,3283.558406372078,349,1,5,92.73819136
1552,2498.269002380375,228,1,1,95.0
1553,2623.14376159668,237,1,1,93.48608
1554,3218.2520190429705,379,1,7,95.0
1555,3093.0422490739857,328,1,5,95.0
1556,2901.1965045166066,319,1,5,94.24
1557,3235.0203039932317,381,1,7,95.0
1558,2721.3449242019674,268,1,3,95.0
1559,2496.8872735214272,219,1,1,95.0
1560,2885.9672900390683,284,1,3,93.48608
1561,2758.5633136749298,270,1,3,95.0
1562,2602.9060778808625,244,1,2,95.0
1563,2480.842414550782,216,1,1,95.0
1564,2861.568126688008,322,1,5,94.24
1565,4361.812781829841,544,1,11,95.0
1566,3537.7126033020104,454,1,10,95.0
1567,3073.0951867675835,392,1,8,89.0816
1568,3249.264647808079,363,1,6,93.48608
1569,2629.6443053627063,263,1,3,94.24
1570,2564.5019549560575,239,1,2,95.0
1571,3044.793558349615,363,1,7,68.19652642284774
1572,3326.510166015633,393,1,7,95.0
1573,2787.8120263671913,292,1,4,95.0
1574,2708.7001757812545,299,1,5,67.87527250248374
1575,4283.770203857435,556,1,12,93.48608
1576,3073.711754984861,349,1,6,68.28881239386307
1577,2972.922471113211,344,1,6,68.28881239386307
1578,2985.197639160159,306,1,4,83.2105472
1579,2629.4696091890387,265,1,3,95.0
1580,2465.6487207031273,217,1,1,95.0
1581,2547.0023681640655,240,1,2,95.0
1582,2479.0146683120734,218,1,1,94.24
1583,2643.7989813232457,243,1,2,93.48608
1584,2749.7442352294966,275,1,3,95.0
1585,2491.9998123168975,220,1,1,95.0
1586,2493.7753122901922,217,1,1,95.0
1587,2413.680241737368,192,1,0,95.0
1588,2410.653828125001,196,1,0,95.0
1589,2415.07727748871,194,1,0,95.0
1590,2447.1692450332657,216,1,1,95.0
1591,2413.619795074464,198,1,0,95.0
1592,2507.2423963928245,223,1,1,95.0
1593,2546.437419643405,243,1,2,95.0
1594,2585.4966929912594,245,1,2,94.24
1595,3052.5023681640655,330,1,5,91.26031554248704
1596,3047.1858697509797,327,1,5,95.0
1597,2476.332951717379,231,1,2,95.0
1598,2471.4517615127575,221,1,1,95.0
1599,2588.8150219726595,246,1,2,95.0
1600,2793.505134067539,252,1,2,95.0
1601,2543.0762543392193,224,1,1,95.0
1602,2513.032910385134,218,1,1,94.24
1603,2566.391643486026,222,1,1,95.0
1604,2412.666233062747,195,1,0,95.0
1605,3416.1612451171945,407,1,7,84.97739635196199
1606,2575.06593770981,240,1,2,95.0
1607,2410.851247166397,196,1,0,94.24
1608,2411.231061909199,197,1,0,94.24
1609,2478.807679414751,220,1,1,92.73819136
1610,2508.9890271759054,222,1,1,95.0
1611,2508.225283203127,247,1,2,91.99628582912
1612,2411.6386714601526,193,1,0,95.0
1613,2529.223247070315,244,1,2,95.0
1614,2416.21255016327,200,1,0,95.0
1615,2410.4738281250006,205,1,0,71.4105367308069
1616,2414.699890747074,198,1,0,93.48608
1617,2410.6138281250014,198,1,0,95.0
1618,2411.707478551867,201,1,0,95.0
1619,2485.5658593750018,227,1,1,95.0
1620,2743.1955517578144,256,1,2,95.0
1621,2484.999584999087,218,1,1,95.0
1622,2495.9116357421894,222,1,1,95.0
1623,2438.18071777344,214,1,1,95.0
1624,2411.073426306249,195,1,0,95.0
1625,2633.7849700927773,230,1,1,94.24
1626,2715.2053417968777,251,1,2,94.24
1627,2569.447724609377,241,1,2,95.0
1628,2981.6768310546922,310,1,4,95.0
1629,3701.8586847496094,449,1,9,95.0
1630,3954.670633544928,453,1,8,95.0
1631,2410.533828125002,202,1,0,95.0
1632,3120.3768022155778,302,1,3,95.0
1633,2505.2929931640656,225,1,1,95.0
1634,2550.3008886718767,243,1,2,91.99628582912
1635,2412.170859794619,196,1,0,95.0
1636,2410.5738281250015,200,1,0,90.9603427866664
1637,2412.0582694339764,201,1,0,92.73819136
1638,2415.058560733797,206,1,0,95.0
1639,2412.245582380296,198,1,0,93.48608
1640,2500.206865234376,219,1,1,89.80599115400196
1641,2511.4657861328137,222,1,1,89.80599115400196
1642,2410.930997737648,193,1,0,95.0
1643,2410.653828125003,196,1,0,91.26031554248704
1644,2410.553828125002,201,1,0,91.99628582912
1645,2410.633828125002,197,1,0,95.0
1646,2410.653828125002,196,1,0,94.24
1647,2410.6938281250013,194,1,0,94.24
1648,2410.613828125003,198,1,0,95.0
1649,2410.6538281249996,196,1,0,94.63311554248705
1650,2410.433828125003,207,1,0,93.15180875400196
1651,2414.7451297187818,203,1,0,95.0
1652,2416.5160114288356,200,1,0,95.0
1653,2410.5938281250023,199,1,0,91.61444302856658
1654,2410.5738281250015,200,1,0,94.24
1655,2418.6971722030657,208,1,0,95.0
1656,2418.1437632370016,201,1,0,95.0
1657,2411.994453029634,201,1,0,95.0
1658,2411.3208116340666,221,1,0,91.99628582912
1659,2410.885052208902,226,1,0,91.01366173594002
1660,2495.9206081771868,238,1,1,92.73819136
1661,2412.5358091068283,214,1,0,89.0816
1662,2410.827444075346,201,1,0,95.0
1663,2414.324342784882,202,1,0,94.24
1664,2412.6807788658166,206,1,0,94.24
1665,2410.553828125001,201,1,0,89.80599115400196
1666,2413.315757331851,212,1,0,94.24
1667,2640.335200195314,251,1,2,95.0
1668,2410.6138281250023,198,1,0,59.93517812206686
1669,2410.633828125002,197,1,0,91.99628582912
1670,2413.123452453616,201,1,0,94.24
1671,2410.5338281250024,202,1,0,94.24
1672,2414.4577929687507,214,1,0,94.24
1673,2417.4002071380614,215,1,0,93.48608
1674,2415.0745368003845,200,1,0,93.48608
1675,2414.0234063339235,204,1,0,94.24
1676,2412.3481648445145,195,1,0,92.73819136
1677,2410.693828124999,194,1,0,95.0
1678,2410.9765804874905,191,1,0,94.24
1679,2410.6538281250023,196,1,0,74.93965424330608
1680,2413.319070701604,196,1,0,94.24
1681,2411.6473057508497,200,1,0,95.0
1682,2554.6443864059484,229,1,1,95.0
1683,2613.639402217868,234,1,1,95.0
1684,2502.8343310546907,224,1,1,83.2105472
1685,2410.7538281250017,191,1,0,93.63870769152
1686,2673.633499965671,232,1,1,94.63311554248705
1687,2410.7138281250027,193,1,0,95.0
1688,2413.3900729942325,196,1,0,93.48608
1689,2641.9219967269923,223,1,1,95.0
1690,2645.0353402519227,233,1,1,90.25195302912
1691,2518.522924060826,224,1,1,94.24
1692,2413.6362382316584,198,1,0,94.24
1693,2410.971077768803,196,1,0,92.13355125992713
1694,2597.7877783203166,253,1,2,93.48608
1695,2491.8654687500016,217,1,1,93.48608
1696,2410.533828125001,202,1,0,92.73819136
1697,2410.593828125001,199,1,0,94.24
1698,2493.3706298828147,225,1,1,95.0
1699,2576.129886913301,240,1,2,87.57979136
1700,2418.5090168762245,201,1,0,94.24
1701,2418.2226471328736,198,1,0,92.73819136
1702,2452.190371093752,222,1,1,59.557165984348956
1703,2411.327769322398,204,1,0,93.12504221320197
1704,2471.9272056865716,231,1,1,65.02265373234248
1705,2460.572929687504,224,1,1,66.4168371348809
1706,2411.0065934944173,206,1,0,92.20023018654794
1707,2411.1398274660137,195,1,0,91.04064413594003
1708,2411.147499427798,207,1,0,88.34836737412378
1709,2419.646518707278,200,1,0,95.0
1710,2419.692214241029,208,1,0,95.0
1711,2459.079638162853,237,1,1,65.43952862284583
1712,2410.3738281250025,210,1,0,90.53023301814714
1713,2410.373828125005,210,1,0,95.0
1714,2416.260076026921,216,1,0,94.24
1715,2485.305219802858,217,1,1,93.48608
1716,2410.653828125001,196,1,0,93.48608
1717,2450.0400537109376,222,1,1,80.25470021814714
1718,2411.0792199444772,199,1,0,91.99628582912
1719,2413.2334496879594,198,1,0,95.0
1720,2410.653828125,196,1,0,95.0
1721,2473.508486328126,217,1,1,87.57979136
1722,2666.461317405705,232,1,1,95.0
1723,2519.816468980316,238,1,2,91.74764287897179
1724,2415.192075366975,199,1,0,94.24
1725,2411.1877464032186,192,1,0,91.7417472
1726,2410.6938281250013,194,1,0,95.0
1727,2412.7915793132806,204,1,0,95.0
1728,2410.493828125002,204,1,0,95.0
1729,2436.753793945315,218,1,1,91.99628582912
1730,2410.633828125001,197,1,0,95.0
1731,2756.312187500002,259,1,2,95.0
1732,2725.377422485354,252,1,2,92.73819136
1733,2439.493955078126,213,1,1,95.0
1734,2467.7701904296905,215,1,1,92.73819136
1735,2415.9530757141138,199,1,0,94.24
1736,2411.8823722314846,194,1,0,95.0
1737,2661.773413085939,235,1,1,68.72347775605533
1738,2416.725663223269,198,1,0,95.0
1739,2413.363706359866,197,1,0,94.63311554248705
1740,2410.5938281250014,199,1,0,95.0
1741,2410.7138281250004,193,1,0,94.24
1742,2413.8394470405597,194,1,0,95.0
1743,2411.28934623003,190,1,0,95.0
1744,2410.6338281250023,197,1,0,95.0
1745,2420.9947986602792,200,1,0,95.0
1746,2916.325661392215,274,1,2,95.0
1747,2412.751937980652,204,1,0,95.0
1748,2414.5785080719006,201,1,0,94.24
1749,2413.6610042572042,205,1,0,95.0
1750,2420.2079849243196,205,1,0,95.0
1751,2415.1806872749366,203,1,0,95.0
1752,2434.3586798572564,238,1,1,63.133562924745554
1753,2414.4847241401676,210,1,0,94.24
1754,2419.387456436158,204,1,0,95.0
1755,2902.3195312500047,290,1,3,94.63311554248705
1756,2609.8548340797443,225,1,1,93.48608
1757,2410.8135291397575,195,1,0,95.0
1758,2417.577776908877,195,1,0,95.0
1759,2452.860849609377,218,1,1,95.0
1760,2410.693828125002,194,1,0,91.26031554248704
1761,2542.162861328128,216,1,1,94.24
1762,2453.144504960479,222,1,1,65.43952862284583
1763,2410.6738281250014,195,1,0,93.90303301814714
1764,2420.125936965945,211,1,0,95.0
1765,2410.584237484934,221,1,0,87.66784413594002
1766,2416.0621063232443,220,1,0,95.0
1767,2395.4938281249993,204,1,1,0.0
1768,2412.4006243515037,206,1,0,95.0
1769,2412.5652320957183,202,1,0,95.0
1770,2415.2539306068447,203,1,0,93.17879115400197
1771,2603.6988279151933,226,1,1,93.48608
1772,3332.188906250003,352,1,5,94.24
1773,2410.5738281250015,200,1,0,95.0
1774,2417.671202659609,200,1,0,95.0
1775,2411.0336561703693,198,1,0,86.87915302912
1776,2410.7138281250022,193,1,0,93.17879115400197
1777,2415.4109012985236,198,1,0,83.2105472
1778,2415.4222155571006,195,1,0,77.18642815605534
1779,2895.1634207916263,274,1,2,95.0
1780,2502.1432683086427,222,1,1,95.0
1781,2724.8540401935597,255,1,2,94.24
1782,3462.270264511113,366,1,5,95.0
1783,2487.749160156252,222,1,1,94.24
1784,2706.5379819870004,255,1,2,95.0
1785,2510.733099594118,223,1,1,95.0
1786,2508.406358413697,221,1,1,95.0
1787,2498.6608740234415,218,1,1,95.0
1788,2697.9003089714092,261,1,2,95.0
1789,2410.673828125,195,1,0,95.0
1790,2410.773828124999,190,1,0,95.0
1791,2415.1644450950635,196,1,0,94.24
1792,2417.1951053237945,197,1,0,95.0
1793,3219.0071826171943,394,1,8,95.0
1794,3604.456616210941,400,1,7,95.0
1795,3486.2723098373435,382,1,6,95.0
1796,2415.4342497253447,203,1,0,95.0
1797,2410.6738281250023,195,1,0,95.0
1798,3255.9530320549075,343,1,5,95.0
1799,3040.866684570321,298,1,3,88.19251680060168
1800,2413.4024462890643,214,1,1,91.26031554248704
1801,2515.9821282959,222,1,1,95.0
1802,2706.209765625003,245,1,2,95.0
1803,2465.2153515625023,216,1,1,94.24
1804,2798.991830444339,300,1,4,95.0
1805,2847.5410509061844,279,1,3,94.24
1806,2801.7519482421912,271,1,3,95.0
1807,2495.775470180517,224,1,1,95.0
1808,2410.613828125001,198,1,0,95.0
1809,2410.7138281250027,193,1,0,95.0
1810,2769.592656707765,255,1,2,95.0
1811,2715.0474376678485,250,1,2,89.08754322476995
1812,2414.728856372834,195,1,0,95.0
1813,2415.0872990036028,198,1,0,94.24
1814,2610.0139692878734,227,1,1,90.53023301814714
1815,2591.8435211086303,243,1,2,95.0
1816,2517.992542490962,242,1,2,87.62105855999998
1817,4397.588530101779,568,1,12,93.48608
1818,2720.5961853790327,251,1,2,89.80599115400196
1819,5657.830487291806,826,1,21,95.0
1820,2875.31971422196,297,1,4,95.0
1821,2993.807992315294,290,1,3,95.0
1822,2831.1309075927757,277,1,3,94.24
1823,2693.044365501403,255,1,2,93.48608
1824,2413.3797203254717,199,1,0,95.0
1825,2583.464731445315,243,1,2,95.0
1826,2430.3986537742626,216,1,1,95.0
1827,2415.435475692751,202,1,0,95.0
1828,2412.2749285030377,196,1,0,95.0
1829,2421.232061843875,201,1,0,95.0
1830,3150.4391885948235,299,1,3,95.0
1831,2409.514448242191,216,1,1,87.6524263202181
1832,3593.0881197166477,389,1,6,93.48608
1833,2812.971598510746,286,1,4,68.28881239386307
1834,2839.6358581543013,310,1,5,93.17879115400197
1835,3290.7903869628944,345,1,5,94.24
1836,2615.8382158279423,225,1,1,95.0
1837,2480.302138671879,217,1,1,92.90333031088784
1838,2410.6338281250014,197,1,0,95.0
1839,2413.752171764376,197,1,0,94.24
1840,2410.653828125002,196,1,0,90.99385855999999
1841,2766.154014892581,274,1,3,95.0
1842,2410.733828125002,192,1,0,95.0
1843,2655.7943849563626,265,1,3,95.0
1844,2738.369943194392,251,1,2,95.0
1845,3419.6818018674912,415,1,8,84.29750431928605
1846,4615.4053314209095,675,1,17,95.0
1847,2842.7933512306236,322,1,5,95.0
1848,2803.8373327636755,283,1,3,95.0
1849,2603.7547823143027,229,1,1,95.0
1850,2733.317749862673,271,1,3,83.53748305822808
1851,3205.479808959964,347,1,5,89.80599115400196
1852,2831.597610864643,282,1,3,94.24
1853,2562.0690097618135,221,1,1,95.0
1854,2511.5412420654334,228,1,1,95.0
1855,2608.022453079229,237,1,1,95.0
1856,2502.5935842037215,220,1,1,95.0
1857,2415.788395347596,193,1,0,95.0
1858,2410.6738281250027,195,1,0,93.48608
1859,2410.6538281250023,196,1,0,93.63870769152
1860,2411.709458842279,203,1,0,95.0
1861,3045.773964881901,315,1,4,95.0
1862,3161.5535742187517,323,1,4,95.0
1863,2930.9217228984844,287,1,3,94.24
1864,2500.1332285594963,224,1,1,93.48608
1865,2496.8348098373403,217,1,1,95.0
1866,2650.260858483317,244,1,2,93.48608
1867,3336.70163414002,334,1,4,95.0
1868,2517.1902441406246,238,1,1,95.0
1869,2410.4138281250016,208,1,0,95.0
1870,2414.2633815765394,200,1,0,95.0
1871,2414.9201630020157,193,1,0,95.0
1872,2415.401716613772,195,1,0,95.0
1873,2519.80759918213,224,1,1,94.24
1874,2415.1261498069803,192,1,0,95.0
1875,2509.1651416015648,214,1,1,90.53023301814714
1876,2574.3984667968753,224,1,1,95.0
1877,5690.466296386717,775,1,19,90.53023301814714
1878,2903.821237182622,280,1,3,95.0
1879,2514.655997924803,216,1,1,95.0
1880,2585.53045528412,241,1,2,95.0
1881,3154.7046774864234,340,1,5,89.80599115400196
1882,3473.2567602539084,413,1,8,95.0
1883,2485.429482364657,215,1,1,88.93111808068474
1884,2639.2723524284393,224,1,1,95.0
1885,2411.1305995559715,197,1,0,95.0
1886,2410.6938281250027,194,1,0,89.51598274248704
1887,2622.754552364351,250,1,2,95.0
1888,3067.112045726777,312,1,4,95.0
1889,2412.011513633728,199,1,0,95.0
1890,2414.413330936432,200,1,0,95.0
1891,2414.095218429568,197,1,0,95.0
1892,2724.147343139651,266,1,3,95.0
1893,2421.143166503907,197,1,0,95.0
1894,2410.6738281250014,195,1,0,95.0
1895,2414.1458381652856,200,1,0,95.0
1896,2474.9536987939505,213,1,1,95.0
1897,2762.746525197032,251,1,2,92.73819136
1898,2414.830106639863,190,1,0,95.0
1899,2888.3338445472737,261,1,2,95.0
1900,2506.9351102638284,221,1,1,91.26031554248704
1901,2410.733828125003,192,1,0,92.73819136
1902,2499.96074412346,221,1,1,95.0
1903,2492.661597290039,218,1,1,95.0
1904,2895.4085687255897,302,1,4,92.73819136
1905,3018.94704994202,313,1,4,95.0
1906,2628.6496853446993,262,1,3,90.53023301814714
1907,4054.989191551217,494,1,10,95.0
1908,2674.74856933594,248,1,2,91.99628582912
1909,2454.364448242192,216,1,1,94.24
1910,2715.7779827880872,246,1,2,92.73819136
1911,3240.435686950688,361,1,6,95.0
1912,2426.4539794921875,230,1,2,93.48608
1913,2882.6784543037475,315,1,5,71.11530189471218
1914,4670.969335327149,647,1,16,68.28881239386307
1915,3848.3542193603607,529,1,13,89.8126640970787
1916,3321.7019171142583,363,1,6,92.73819136
1917,2702.108409423832,244,1,2,94.24
1918,2868.4253918457057,301,1,4,91.99628582912
1919,2710.547354478837,254,1,2,92.73819136
1920,2783.4414697265647,272,1,3,94.24
1921,2539.3307256126413,213,1,1,95.0
1922,2410.7338281250018,192,1,0,95.0
1923,2410.713828125002,193,1,0,94.24
1924,2412.158733634952,196,1,0,95.0
1925,2410.793828125003,189,1,0,94.24
1926,2492.9117938232444,214,1,1,94.24
1927,4234.62973991395,562,1,13,91.99628582912
1928,2532.6409039306654,236,1,2,95.0
1929,2617.691674194338,277,1,4,68.28881239386307
1930,3242.8282383155884,359,1,6,94.24
1931,2718.321567382815,268,1,3,68.28881239386307
1932,3117.0509303855924,311,1,4,95.0
1933,2414.97915872574,193,1,0,95.0
1934,2410.753828125,191,1,0,95.0
1935,2410.9167089843745,208,1,1,95.0
1936,2640.8389196145567,226,1,1,95.0
1937,2410.713828125003,193,1,0,94.24
1938,2412.305499343875,191,1,0,95.0
1939,2605.7739550781253,224,1,1,95.0
1940,2415.023752689364,190,1,0,95.0
1941,2645.226513099674,225,1,1,95.0
1942,2503.468953247072,234,1,2,95.0
1943,2788.1584708452247,330,1,6,95.0
1944,2792.676513690953,269,1,3,95.0
1945,2504.4267822265647,220,1,1,88.32767999999999
1946,4726.5466835403595,968,1,33,93.48608
1947,3603.1605059814533,454,1,10,68.28881239386307
1948,2889.602715454104,317,1,5,91.99628582912
1949,3789.2715264892668,622,1,18,95.0
1950,2713.9397552490254,290,1,5,0.0
1951,2500.3255230712894,231,1,2,94.24
1952,4920.105604858405,654,1,15,95.0
1953,5436.965514316567,1203,1,42,95.0
1954,2486.7291941404364,220,1,1,93.48608
1955,2410.593828125003,199,1,0,95.0
1956,2577.7245281982464,251,1,2,66.10940456800299
1957,2410.593828125004,199,1,0,95.0
1958,2512.554687118533,225,1,1,95.0
1959,2503.646266479496,224,1,1,94.24
1960,4436.646915283211,718,1,20,91.99628582912
1961,2667.1482299912004,246,1,3,0.0
1962,2550.373604736333,242,1,2,89.55751271088783
1963,4425.141721534745,955,1,33,95.0
1964,2665.9489333343536,234,1,1,95.0
1965,2410.733828125001,192,1,0,95.0
1966,2869.7819461154963,281,1,3,95.0
1967,2748.445343627931,293,1,4,93.90303301814714
1968,2490.541674206257,212,1,1,94.24
1969,2498.6974700927763,240,1,2,95.0
1970,2510.3105660247807,221,1,1,95.0
1971,2863.649709568026,307,1,4,95.0
1972,3710.8624481201305,600,1,17,95.0
1973,3576.6004195785604,402,1,7,92.73819136
1974,2919.4323681640653,286,1,3,95.0
1975,2763.464720821387,260,1,2,95.0
1976,2410.693828125002,194,1,0,95.0
1977,2412.481251182556,203,1,0,94.3068027974606
1978,2410.7381975257417,198,1,0,95.0
1979,2415.7017416381846,203,1,0,95.0
1980,2419.0233349227924,203,1,0,90.53023301814714
1981,2413.577535381319,203,1,0,91.26031554248704
1982,2410.5538281250006,201,1,0,95.0
1983,2496.4893930435205,220,1,1,95.0
1984,2410.6338281250028,197,1,0,95.0
1985,2480.401239018443,216,1,1,95.0
1986,2435.8874774169935,214,1,1,94.24
1987,5498.475871238717,737,1,17,95.0
1988,2992.1661219501507,333,1,5,68.28881239386307
1989,3592.3729087829624,410,1,7,95.0
1990,2654.5105078125025,263,1,2,95.0
1991,2470.339111199382,228,1,1,95.0
1992,2511.694725952149,242,1,1,95.0
1993,2504.7041876220724,233,1,1,94.24
1994,2494.7733459281935,226,1,1,95.0
1995,2457.5380389404327,224,1,1,95.0
1996,2512.732194213868,236,1,1,94.24
1997,2467.1543572998075,212,1,1,95.0
1998,2495.3183434867883,218,1,1,95.0
1999,2949.341906127936,297,1,3,95.0
2000,2480.7997978782687,217,1,1,95.0
2001,2506.0476445770273,227,1,1,95.0
2002,2482.1885906982448,231,1,1,93.90303301814714
2003,2415.9610042190566,197,1,0,95.0
2004,2507.42070426941,220,1,1,94.24
2005,2586.3849374389665,247,1,2,95.0
2006,2417.617622070313,211,1,1,93.48608
2007,2892.3951480865503,280,1,3,94.24
2008,3654.254270420083,507,1,12,95.0
2009,3693.6788580322313,413,1,7,95.0
2010,2589.2366220569625,222,1,1,95.0
2011,2491.5901123809845,221,1,1,94.24
2012,2887.3135002517747,288,1,3,94.24
2013,2765.5264471435576,278,1,3,95.0
2014,2960.2858618164105,303,1,4,94.24
2015,3046.8379677939415,321,1,4,93.48608
2016,2862.327969360355,290,1,3,95.0
2017,2695.165810546876,257,1,2,95.0
2018,2496.3624726295475,220,1,1,95.0
2019,2496.9966705322277,215,1,1,94.24
2020,2586.321079711917,261,1,3,94.24
2021,2761.416416015628,278,1,3,95.0
2022,4573.5121118164125,592,1,13,95.0
2023,2915.733768029218,319,1,5,95.0
2024,2490.4873057174705,216,1,1,95.0
2025,2588.5644475746167,246,1,2,95.0
2026,2641.411272621155,270,1,3,95.0
2027,2460.967409992218,215,1,1,95.0
2028,2498.8524344444263,215,1,1,95.0
2029,2562.2887523841882,249,1,2,68.17298791097788
2030,3166.4252151870737,333,1,5,95.0
2031,2717.89436481476,286,1,4,68.28881239386307
2032,2417.022659797671,194,1,0,95.0
2033,2472.6474906349194,218,1,1,95.0
2034,2514.672025270464,244,1,2,95.0
2035,2448.4477734375014,221,1,1,62.00635172467617
2036,2533.1784832763683,266,1,2,95.0
2037,2624.308040695194,276,1,2,95.0
2038,2413.4261182594323,206,1,0,95.0
2039,2413.587034225464,205,1,0,94.24
2040,2533.154477539064,238,1,2,94.24
2041,2778.9431756591816,292,1,4,94.24
2042,2858.8680151367225,298,1,4,93.48608
2043,3790.009487915044,425,1,7,91.7417472
2044,2693.0554700255407,255,1,2,95.0
2045,3073.3773604106905,319,1,4,93.48608
2046,2696.0038061523474,258,1,2,95.0
2047,2921.452824096682,296,1,3,95.0
2048,3154.3210644531273,321,1,4,95.0
2049,2495.6277410888674,218,1,1,95.0
2050,2657.9059509849535,247,1,1,95.0
2051,2410.6338281250023,197,1,0,95.0
2052,2488.9856219482426,219,1,1,95.0
2053,2471.488316574097,218,1,1,95.0
2054,2518.4416546630855,241,1,2,95.0
2055,4030.5459625244207,475,1,9,93.48608
2056,2710.1616746568698,268,1,3,95.0
2057,2774.289645385743,325,1,6,70.80669416690503
2058,7569.369838867161,1152,1,32,95.0
2059,3010.0905061721837,345,1,5,95.0
2060,2503.3050220108066,222,1,1,95.0
2061,2516.6268806839,223,1,1,95.0
2062,2831.273088169101,275,1,3,95.0
2063,2748.803301391604,277,1,3,94.24
2064,2415.559189605715,195,1,0,95.0
2065,2502.8069274711634,216,1,1,93.48608
2066,3928.0577117919975,490,1,10,93.48608
2067,2529.7938585281386,235,1,2,94.24
2068,3001.51510437012,326,1,5,94.24
2069,2467.169731559755,213,1,1,95.0
2070,2638.415927333833,264,1,3,68.28881239386307
2071,2410.6938281250045,194,1,0,95.0
2072,2654.8823218345656,230,1,1,95.0
2073,2500.7673759078984,222,1,1,95.0
2074,2416.6165930938746,194,1,0,95.0
2075,2487.2390763092053,226,1,1,95.0
2076,2658.006574440007,270,1,3,95.0
2077,2593.2631497192397,241,1,2,95.0
2078,2779.2214963531524,272,1,3,95.0
2079,2645.4639691162124,241,1,2,95.0
2080,2493.894117450714,215,1,1,94.24
2081,2410.773828125001,190,1,0,95.0
2082,2515.6388499069226,221,1,1,95.0
2083,2417.234158859255,197,1,0,95.0
2084,2512.0328206062295,220,1,1,95.0
2085,2593.7419795608535,217,1,1,95.0
2086,2416.4876026916522,196,1,0,95.0
2087,2660.09303405762,226,1,1,93.48608
2088,2763.6138531971005,276,1,3,94.24
2089,2421.248906326298,205,1,0,95.0
2090,2411.5528295660047,203,1,0,95.0
2091,2707.6711547851596,255,1,2,95.0
2092,3976.7295191955623,459,1,8,95.0
2093,2419.1517969131487,200,1,0,94.24
2094,2414.542473583222,196,1,0,95.0
2095,2462.1875347900395,211,1,1,95.0
2096,2935.043210048678,284,1,3,95.0
2097,2746.252284545897,249,1,2,95.0
2098,2579.3188104248075,247,1,2,95.0
2099,2505.465261908769,218,1,1,94.24
2100,2624.7392498779304,271,1,3,95.0
2101,3485.2156704902727,370,1,5,95.0
2102,2569.885384445192,241,1,2,95.0
2103,2475.4639763259934,218,1,1,95.0
2104,3005.165906829838,334,1,5,95.0
2105,2457.5857470703127,209,1,1,95.0
2106,3616.001559448253,425,1,8,95.0
2107,3545.940802612311,423,1,8,95.0
2108,3219.7099792480503,345,1,5,95.0
2109,2516.568997812275,220,1,1,95.0
2110,2475.1459082031283,213,1,1,94.24
2111,3347.7577825927747,368,1,6,95.0
2112,3472.9216496372246,398,1,7,94.24
2113,3283.1719861221345,344,1,5,94.24
2114,2930.8775524902367,291,1,3,94.24
2115,2864.540069351194,262,1,2,95.0
2116,3069.0178192138706,310,1,4,95.0
2117,2502.2840251541124,217,1,1,95.0
2118,2504.789788427355,218,1,1,93.48608
2119,2511.7475228118906,221,1,1,95.0
2120,2410.7938281250013,189,1,0,95.0
2121,2410.733828125001,192,1,0,93.48608
2122,3428.226312453753,374,1,6,92.73819136
2123,2576.5100531005874,238,1,2,95.0
2124,2775.640245361328,279,1,3,94.24
2125,4961.799677734373,681,1,17,95.0
2126,3269.4286099243213,381,1,7,95.0
2127,2780.8604968261743,274,1,3,95.0
2128,3180.314197740558,347,1,5,95.0
2129,2968.696148681644,330,1,5,95.0
2130,2459.4020690345774,218,1,1,95.0
2131,2419.7618463516246,195,1,0,91.26031554248704
2132,2507.654127807619,229,1,1,95.0
2133,4950.313943481441,680,1,17,95.0
2134,3583.738005371096,409,1,7,95.0
2135,2565.8634149169934,247,1,2,95.0
2136,2413.3704004097017,191,1,0,95.0
2137,2416.56918239594,200,1,0,95.0
2138,2410.5338281250015,202,1,0,95.0
2139,2413.5199855422993,192,1,0,95.0
2140,2610.510015773776,225,1,1,94.24
2141,4792.045777931224,668,1,17,95.0
2142,3304.8128248786957,362,1,6,95.0
2143,6103.573311767558,857,1,22,83.2105472
2144,3022.1130419921888,354,1,6,95.0
2145,2702.0048340797425,260,1,2,94.38061322240002
2146,2593.437267646794,237,1,1,95.0
2147,2632.0465614104296,243,1,1,95.0
2148,2418.166700096133,199,1,0,95.0
2149,2416.258712196352,200,1,0,95.0
2150,2413.2734058761616,198,1,0,93.48608
2151,2410.5938281250014,199,1,0,93.48608
2152,2531.5140917968765,234,1,1,95.0
2153,2414.277977561953,205,1,0,95.0
2154,3283.420842971805,348,1,5,95.0
2155,5525.49551513672,761,1,19,95.0
2156,3193.992191530469,374,1,7,95.0
2157,3096.1333262634325,349,1,6,95.0
2158,3673.6497482037594,432,1,8,95.0
2159,4558.906439819339,588,1,13,94.63311554248705
2160,2652.782111206056,233,1,1,95.0
2161,2410.573828125002,200,1,0,95.0
2162,2527.3658336639432,235,1,1,95.0
2163,2414.3555385017444,218,1,0,95.0
2164,2413.3765044021616,206,1,0,95.0
2165,2416.3881686019913,201,1,0,94.24
2166,2688.7235695648237,276,1,3,95.0
2167,2410.573828125,200,1,0,89.80599115400196
2168,2462.4269434785865,222,1,1,95.0
2169,2794.862944946296,297,1,4,95.0
2170,5979.7504406738235,916,1,25,95.0
2171,2814.0349756932296,297,1,4,95.0
2172,2523.926790962223,242,1,2,93.48608
2173,2503.4392431640645,223,1,1,95.0
2174,2706.338905639652,274,1,3,95.0
2175,2995.335697021488,388,1,8,94.24
2176,3070.0199652671886,350,1,6,93.48608
2177,3181.3593865966895,357,1,6,95.0
2178,2516.61269470215,217,1,1,93.17879115400197
2179,2413.45399400711,194,1,0,95.0
2180,2609.1528094100986,226,1,1,95.0
2181,2484.237152709964,218,1,1,95.0
2182,2411.6721198892624,197,1,0,95.0
2183,3021.675107460028,296,1,3,95.0
2184,2715.501767578126,248,1,2,95.0
2185,2410.573828125,200,1,0,91.99628582912
2186,2410.7738281250017,190,1,0,95.0
2187,2515.0416907358194,226,1,1,93.48608
2188,2410.653828125002,196,1,0,95.0
2189,2410.6738281250027,195,1,0,89.0816
2190,2668.4541079378164,247,1,2,95.0
2191,2935.541560096744,304,1,4,95.0
2192,2554.632910156254,220,1,1,95.0
2193,2439.2867871093777,206,1,1,94.24
2194,2414.5145212936427,201,1,0,95.0
2195,2410.6338281250023,197,1,0,95.0
2196,2463.2401562500045,216,1,1,67.90119273762156
2197,2554.1365672087672,257,1,3,93.48608
2198,3311.9628375244215,384,1,7,93.12504221320197
2199,2644.9323278957627,263,1,3,95.0
2200,2630.785275421145,227,1,1,95.0
2201,2484.950139579774,237,1,2,92.73819136
2202,2839.041337890629,279,1,3,95.0
2203,2410.7138281250004,193,1,0,95.0
2204,2412.6789062213907,189,1,0,95.0
2205,2412.0845731544523,206,1,0,95.0
2206,2410.513828125,203,1,0,95.0
2207,2410.573828125001,200,1,0,95.0
2208,2410.6538281250027,196,1,0,95.0
2209,2413.34449462891,195,1,0,95.0
2210,2474.648271484375,219,1,1,95.0
2211,2611.2634570312507,224,1,1,94.24
2212,2461.5548730468777,212,1,1,95.0
2213,2700.4280712890654,296,1,4,95.0
2214,2411.2600136184715,198,1,0,95.0
2215,2612.798544921877,223,1,1,95.0
2216,2599.1138514709496,259,1,3,95.0
2217,2816.3419677734405,280,1,3,95.0
2218,2927.1726464843778,262,1,2,95.0
2219,2410.7138281250013,193,1,0,95.0
2220,2411.090558161737,198,1,0,95.0
2221,2410.693828125002,194,1,0,95.0
2222,2414.558620567325,199,1,0,95.0
2223,2549.812605514527,248,1,1,95.0
2224,2417.4544213485733,209,1,0,95.0
2225,2414.5290487480156,199,1,0,95.0
2226,2627.492289123538,232,1,1,95.0
2227,2984.862858219149,309,1,4,95.0
2228,2606.289580078127,224,1,1,95.0
2229,2453.5182118606594,209,1,1,92.73819136
2230,2784.0584278678944,287,1,4,95.0
2231,2699.6180487060583,268,1,3,95.0
2232,2660.356405353548,265,1,3,95.0
2233,3022.931313400275,311,1,4,93.48608
2234,2905.09517883301,343,1,7,0.0
2235,2858.3195685195947,296,1,4,95.0
2236,2482.556157474522,236,1,2,93.15180875400196
2237,2574.770615234378,238,1,2,95.0
2238,2471.9874932861367,217,1,1,94.24
2239,2457.8839876174943,220,1,1,95.0
2240,2729.7068341445934,259,1,2,95.0
2241,2418.6046652603145,196,1,0,94.24
2242,2410.673828125002,195,1,0,95.0
2243,2411.7922215032586,196,1,0,95.0
2244,2412.0226420402546,205,1,0,95.0
2245,2675.662436332705,253,1,2,95.0
2246,3105.2795312500048,342,1,5,94.24
2247,2507.545874023439,220,1,1,91.26031554248704
2248,2628.4161035156294,227,1,1,93.97405566008689
2249,2410.7338281249995,192,1,0,95.0
2250,3137.8820025634814,334,1,5,95.0
2251,2410.7338281250004,192,1,0,95.0
2252,2414.2882534027126,200,1,0,95.0
2253,2410.7138281250022,193,1,0,94.24
2254,2413.6987061119103,197,1,0,95.0
2255,2412.201948280338,194,1,0,95.0
2256,2942.115917968755,285,1,3,90.99385855999999
2257,2891.1597627067613,278,1,3,89.80599115400196
2258,2410.673828125001,195,1,0,91.26031554248704
2259,2416.759972686769,194,1,0,95.0
2260,2670.7608251953143,248,1,2,91.99628582912
2261,2662.954873824123,245,1,2,91.51428458765261
2262,2411.5416461277023,191,1,0,95.0
2263,2410.653828125003,196,1,0,94.24
2264,2415.9610860824587,195,1,0,95.0
2265,2417.24153404236,195,1,0,95.0
2266,2410.6738281250027,195,1,0,94.24
2267,2420.1510542678843,206,1,1,89.80599115400196
2268,4019.6581250000095,481,1,9,94.24
2269,2413.491424236299,192,1,0,95.0
2270,2414.9495327568065,197,1,0,95.0
2271,2410.653828125002,196,1,0,95.0
2272,2410.5938281250023,199,1,0,91.7417472
2273,2649.21737640381,236,1,1,91.26031554248704
2274,2419.3829491424567,206,1,0,95.0
2275,2448.8521972656276,225,1,1,95.0
2276,2416.2912874603285,188,1,0,95.0
2277,2697.212006835938,251,1,2,95.0
2278,2415.2622570419326,188,1,0,92.73819136
2279,2414.031625385286,194,1,0,95.0
2280,2578.0974904251143,244,1,2,95.0
2281,2468.940049209597,233,1,1,95.0
2282,2412.417685670854,204,1,0,95.0
2283,2475.68810518265,216,1,1,95.0
2284,2414.0881971931467,197,1,0,95.0
2285,2920.762033729556,271,1,2,93.48608
2286,2457.6166156017807,218,1,1,89.0816
2287,2620.968524055485,226,1,1,95.0
2288,2815.9682411640924,300,1,4,95.0
2289,2659.5651111793545,229,1,1,83.2105472
2290,3178.5570233154394,366,1,6,80.0719215198208
2291,2410.513828125004,203,1,0,95.0
2292,2419.648207855227,200,1,0,93.48608
2293,2410.713828125003,193,1,0,84.79027111433575
2294,3455.725439453133,420,1,8,66.65404652451764
2295,2406.579599609377,208,1,1,68.28881239386307
2296,2410.673828125002,195,1,0,90.90787352816842
2297,2958.9505664062567,314,1,4,95.0
2298,2409.801015625002,207,1,1,68.28881239386307
2299,2647.082756991388,249,1,2,95.0
2300,2502.2878125000025,221,1,1,95.0
2301,2410.713828125001,193,1,0,95.0
2302,2410.6738281250023,195,1,0,84.42664762998783
2303,2418.050885849,201,1,0,92.91658042998785
2304,2415.6722587966938,203,1,0,95.0
2305,2415.2958387184144,196,1,0,95.0
2306,2420.6536496734634,202,1,0,95.0
2307,2547.346675453189,237,1,1,91.99628582912
2308,2420.2702466583255,197,1,0,95.0
2309,2739.1844628906283,252,1,2,94.24
2310,2442.03907910824,228,1,2,95.0
2311,3993.622777709969,487,1,10,94.24
2312,2415.9771886062626,189,1,0,95.0
2313,2410.773828125004,190,1,0,94.24
2314,2415.8055137252823,192,1,0,95.0
2315,2410.921993707418,191,1,0,95.0
2316,2410.673828125001,195,1,0,95.0
2317,2465.3928515815733,223,1,1,79.53045835400195
2318,3451.25826660157,387,1,6,94.24
2319,2470.31620195389,226,1,1,68.28881239386307
2320,2421.0911560821546,206,1,0,93.17879115400197
2321,2500.18054725647,219,1,1,95.0
2322,2602.300549564363,227,1,1,95.0
2323,2633.412777509691,228,1,1,94.24
2324,2410.7138281250027,193,1,0,95.0
2325,3109.835576171879,339,1,5,89.90273509215871
2326,3719.255121803294,470,1,10,95.0
2327,3005.832993164068,323,1,5,95.0
2328,2771.8923258781465,250,1,2,89.44761795826632
2329,3375.576346950535,356,1,5,95.0
2330,2972.6336279296893,308,1,4,92.73819136
2331,4390.53992602349,574,1,13,65.43952862284583
2332,3109.767972841265,298,1,3,93.48608
2333,8163.2888052653825,1264,1,36,92.73819136
2334,2873.3409515380845,280,1,4,0.0
2335,3472.834438152319,379,1,6,95.0
2336,6039.054634065633,944,1,26,95.0
2337,2416.069926757811,214,1,1,95.0
2338,2779.3375213813842,289,1,4,95.0
2339,3151.298925170901,357,1,6,95.0
2340,4832.90252027512,610,1,13,95.0
2341,4308.480573043829,477,1,8,95.0
2342,2412.7589143085484,196,1,0,95.0
2343,2410.653828125002,196,1,0,93.63870769152
2344,2410.693828125003,194,1,0,89.0816
2345,2512.4139731979394,222,1,1,95.0
2346,2419.556215057376,202,1,0,95.0
2347,2637.2424960327166,274,1,2,95.0
2348,2518.6792251777647,239,1,1,95.0
2349,2410.891597564223,199,1,0,95.0
2350,2410.573828125001,200,1,0,92.73819136
2351,2410.7538281250013,191,1,0,95.0
2352,2413.633035697939,193,1,0,92.73819136
2353,3460.3563867187563,377,1,6,93.48608
2354,3644.1220569229176,417,1,7,90.53023301814714
2355,3030.6281097412157,310,1,4,65.1004161100292
2356,3050.591603441242,334,1,5,94.83151473387949
2357,2623.3914966869356,261,1,3,94.24
2358,3658.49852966309,383,1,6,95.0
2359,2732.565282592775,252,1,2,95.0
2360,2410.753828125002,191,1,0,94.24
2361,2725.85869024277,271,1,3,92.92988271936144
2362,2507.2210763931294,220,1,1,95.0
2363,2845.0376709365873,278,1,3,65.2012269637148
2364,2414.346957588196,195,1,0,94.24
2365,2410.653828125002,196,1,0,95.0
2366,2940.7389731740946,287,1,3,95.0
2367,2563.1013056945817,224,1,1,95.0
2368,2421.6943826293955,197,1,0,95.0
2369,2655.2481813430823,265,1,2,60.002567647755775
2370,3086.2937331390403,314,1,3,95.0
2371,2635.3951598739636,242,1,1,95.0
2372,2476.3507358169586,217,1,1,95.0
2373,2410.7138281250013,193,1,0,95.0
2374,2410.6338281250028,197,1,0,94.24
2375,2474.586756286623,222,1,1,89.80599115400196
2376,2420.994955215457,197,1,0,95.0
2377,3004.4042931509043,319,1,4,65.43952862284583
2378,3603.9317017843587,403,1,7,67.74250189471216
2379,11910.125160522357,1704,1,45,94.24
2380,2410.6138281250023,198,1,0,94.24
2381,2668.7624951171915,231,1,1,94.24
2382,2446.535736179355,215,1,1,94.24
2383,3633.9214550781294,381,1,5,95.0
2384,2433.817686157227,211,1,1,92.73819136
2385,2648.1408665466342,231,1,1,95.0
2386,2516.8111543464693,221,1,1,95.0
2387,2764.5733687400843,300,1,4,90.93978525372621
2388,2734.1549230003393,283,1,3,94.24
2389,2639.591606445315,244,1,2,95.0
2390,3209.7296729564714,365,1,6,95.0
2391,5231.181843261718,681,1,16,92.73819136
2392,2415.2308059883144,194,1,0,95.0
2393,2640.0999652099636,249,1,3,0.0
2394,5451.234923424718,708,1,16,95.0
2395,2477.146582031253,215,1,1,95.0
2396,3034.4593089294453,314,1,4,94.63311554248705
2397,2903.8295953369166,312,1,4,95.0
2398,2435.8654731750516,220,1,1,62.093711022845824
2399,2587.3038769531304,256,1,2,95.0
2400,4417.644823387271,540,1,11,95.0
2401,2410.573828125001,200,1,0,91.99628582912
2402,2732.6501870536813,258,1,2,95.0
2403,2531.4977484130886,238,1,2,93.48608
2404,3071.384913940432,329,1,5,95.0
2405,2729.5174880600007,267,1,3,95.0
2406,2531.570061016084,240,1,2,88.46122900856935
2407,2478.604331054688,213,1,1,94.24
2408,2686.731377067569,268,1,3,94.24
2409,3114.292876057628,316,1,4,91.99628582912
2410,2613.8940053749093,241,1,2,95.0
2411,3424.713434553153,375,1,6,95.0
2412,2717.105239257814,267,1,3,90.53023301814714
2413,4494.45106964112,505,1,9,93.48608
2414,3693.745451354989,405,1,7,95.0
2415,3182.3094036865264,336,1,5,95.0
2416,3048.372025756837,331,1,5,93.90303301814714
2417,2514.3507249641452,221,1,1,91.7417472
2418,2416.8197150421156,199,1,0,95.0
2419,2767.3599218750005,253,1,2,91.20586791891418
2420,3866.1976533508373,437,1,8,91.99628582912
2421,4560.708876676567,574,1,13,93.48608
2422,3787.327417602548,413,1,7,95.0
2423,2415.3276080513024,198,1,0,95.0
2424,2410.653828125,196,1,0,95.0
2425,2416.788180351259,195,1,0,95.0
2426,2673.8156805038475,230,1,1,95.0
2427,2488.3317289304773,219,1,1,95.0
2428,2440.8746609687837,220,1,1,68.28881239386307
2429,2413.167989521029,196,1,0,94.24
2430,2506.9275171661393,218,1,1,95.0
2431,2630.7593701458004,227,1,1,95.0
2432,2569.1232152938887,245,1,2,95.0
2433,2678.1052021789583,231,1,1,95.0
2434,3109.0617480468773,299,1,3,94.24
2435,2932.3674591064464,290,1,4,0.0
2436,3258.886864109042,324,1,4,93.48608
2437,2839.8046435546908,284,1,3,84.93703821313251
2438,2468.4216802978517,213,1,1,95.0
2439,2702.260004844666,268,1,3,94.24
2440,2974.8857152366672,328,1,5,93.35053112922537
2441,2929.3227407145496,316,1,5,95.0
2442,2686.551710815434,269,1,4,0.0
2443,8334.282441062891,1249,1,36,95.0
2444,2654.4284094238315,258,1,3,65.43952862284583
2445,2473.2123483657847,220,1,1,95.0
2446,2715.379127807622,249,1,2,95.0
2447,2934.1908251953187,299,1,4,94.24
2448,3366.2683880615295,406,1,8,89.79850201384976
2449,3865.169575805672,489,1,11,0.0
2450,6764.234095010731,1002,1,27,68.28881239386307
2451,7490.009261474587,1087,1,30,63.88151082035445
2452,3688.4049078369344,708,1,18,64.19888226871485
2453,4755.838635864265,653,1,16,68.28881239386307
2454,2918.5063970947303,453,1,10,64.92323774335911
2455,2750.275704345707,327,1,6,58.77213382424875
2456,8123.525289916943,1300,1,39,70.4505547304139
2457,3060.2882647705105,329,1,5,95.0
2458,3026.830194702159,473,1,13,0.0
2459,2560.909545288088,222,1,1,94.24
2460,2514.0802203369167,224,1,1,94.24
2461,4755.301494750984,642,1,17,0.0
2462,3100.823935483699,346,1,6,95.0
2463,4820.827609863272,828,1,25,69.04430657758235
2464,5372.196768188455,870,1,25,67.68918806886556
2465,3348.53388305188,406,1,8,71.11530189471218
2466,3504.0070458984424,392,1,7,95.0
2467,3506.3698260498077,389,1,6,95.0
2468,5869.261027832031,849,1,24,0.0
2469,3216.03565124512,393,1,8,85.37183301814713
2470,13061.094879150254,2500,0,86,19.836355363675416
2471,4131.656648244866,658,1,18,95.0
2472,2583.1458692550677,260,1,2,68.28881239386307
2473,2754.0524188995387,300,1,3,91.80697115318628
2474,2468.712127723697,223,1,1,95.0
2475,2736.6351031494164,269,1,3,95.0
2476,5669.292868537894,824,1,21,94.38061322240002
2477,3732.865236072545,466,1,10,68.28881239386307
2478,7051.905822219806,1048,1,29,68.28881239386307
2479,4311.029857859619,582,1,14,60.093443931167634
2480,3029.034317016606,330,1,5,82.50359562239998
2481,2733.282151489262,291,1,4,65.43952862284583
2482,2839.104904174808,290,1,4,65.37003692199865
2483,3282.8547463607842,379,1,7,68.28881239386307
2484,5328.9034297943035,845,1,24,68.28881239386307
2485,3044.5500097656304,363,1,7,67.25431082035445
2486,6380.161402292243,1114,1,34,61.83342462957346
2487,2713.472178955082,269,1,3,65.43952862284583
2488,2732.8450538253783,307,1,5,65.43952862284583
2489,3104.5188360595735,333,1,5,95.0
2490,3120.665435180669,342,1,5,94.24
2491,2697.1793957519567,266,1,3,91.99628582912
2492,4799.870383911135,636,1,15,71.11530189471218
2493,6772.134707527142,1036,1,29,68.28881239386307
2494,6724.083067073794,1148,1,35,68.28881239386307
2495,2774.495182495117,291,1,5,0.0
2496,5186.671098723414,793,1,22,67.25431082035445
2497,9481.976030883721,1572,1,49,71.11530189471218
2498,11127.067370605395,2500,0,89,79.25462848335107
2499,3694.30150146485,525,1,13,95.0
2500,3338.6917047119155,442,1,10,68.28881239386307
2501,2618.539741210939,261,1,3,92.73819136
2502,2570.0263336181647,240,1,2,95.0
2503,2442.3377405071255,213,1,2,0.0
2504,2410.713828125003,193,1,0,93.48608
2505,2515.0188775634792,227,1,1,95.0
2506,2395.7538281250045,191,1,1,0.0
2507,2775.5348809814463,327,1,6,93.48608
2508,2888.5005865478565,298,1,4,95.0
2509,2626.598682093623,265,1,3,95.0
2510,5050.220111083985,945,1,30,94.24
2511,3411.642960205084,428,1,10,0.0
2512,2445.2892864990245,206,1,1,95.0
2513,2890.5080255126995,302,1,4,95.0
2514,2934.7400433349644,306,1,4,94.24
2515,2804.728480110171,332,1,6,95.0
2516,2469.40413805008,232,1,2,94.24
2517,2789.5937762451194,274,1,3,94.24
2518,4304.0557328224195,590,1,14,94.24
2519,4159.073559570317,520,1,11,71.09268997870538
2520,3235.867683353428,358,1,6,95.0
2521,2415.2731557846078,190,1,0,95.0
2522,2804.3207232666055,279,1,3,68.28881239386307
2523,2599.193115234378,260,1,3,95.0
2524,3645.464423885349,408,1,7,95.0
2525,2923.886603393556,278,1,3,91.99628582912
2526,2667.2401991653455,246,1,2,95.0
2527,2606.2444346714024,241,1,2,95.0
2528,2997.340109176639,309,1,4,95.0
2529,2623.4395086669947,283,1,4,95.0
2530,4088.83751159669,577,1,14,95.0
2531,6227.402830200195,1216,1,40,71.11530189471218
2532,3464.4396722412143,417,1,8,95.0
2533,2689.0200695800786,251,1,3,0.0
2534,3172.315545043955,377,1,8,0.0
2535,3253.829485969544,366,1,6,94.63311554248705
2536,4562.226318511969,587,1,13,95.0
2537,2534.744428100585,238,1,2,70.90510486417092
2538,2510.8071942138668,216,1,1,95.0
2539,2474.8484881591794,219,1,1,95.0
2540,2559.5967352294933,248,1,2,95.0
2541,6581.571733398431,1149,1,36,0.0
2542,3262.716582641601,392,1,7,95.0
2543,2413.7664954566962,198,1,0,89.0816
2544,2501.7195367431646,217,1,1,95.0
2545,2518.0717718505884,243,1,3,0.0
2546,2511.852027435304,219,1,1,93.48608
2547,3408.9226507568396,378,1,6,91.04064413594003
2548,2985.124046764377,292,1,3,95.0
2549,2694.5145388793967,249,1,2,95.0
2550,4801.341188774111,627,1,14,95.0
2551,2514.237339305877,215,1,1,95.0
2552,2956.5349218750066,323,1,5,71.11530189471218
2553,6432.832401046736,1017,1,29,95.0
2554,3066.2400518798886,318,1,4,71.11530189471218
2555,5066.924891452789,671,1,16,68.28881239386307
2556,2773.2737371826215,273,1,3,68.28881239386307
2557,2509.1647894287125,228,1,1,88.37484287897179
2558,2452.529677734377,212,1,1,68.28881239386307
2559,2770.683754882815,277,1,3,71.02375421146496
2560,4410.105886230468,542,1,11,72.31046523910292
2561,2900.3548818016075,298,1,4,94.24
2562,2472.878691492082,217,1,1,68.28881239386307
2563,2411.70406446457,195,1,0,95.0
2564,2410.5538281250037,201,1,0,95.0
2565,2488.602472305301,235,1,1,94.24
2566,4874.356957969675,842,1,25,95.0
2567,2415.26845024109,191,1,0,94.24
2568,2673.203519897462,266,1,3,95.0
2569,3776.836072502143,472,1,10,95.0
2570,6646.010347557066,1030,1,29,94.24
2571,2741.8296569824224,290,1,4,94.24
2572,2418.815150756836,194,1,0,95.0
2573,2566.3671376800553,252,1,3,63.305526983160675
2574,2518.1233431243904,218,1,1,95.0
2575,2479.297318725589,236,1,2,95.0
2576,2502.968187866213,217,1,1,91.99628582912
2577,2410.693828125004,194,1,0,89.0816
2578,3363.429087524419,356,1,6,0.0
2579,2580.3448028564485,240,1,2,93.48608
2580,3187.202657432558,389,1,7,95.0
2581,2484.9603460693384,218,1,1,90.53701402332233
2582,4821.343084430691,695,1,18,95.0
2583,2744.4459721331305,254,1,2,95.0
2584,2493.908805541994,221,1,2,0.0
2585,2607.7431468200703,239,1,2,60.1590068788692
2586,2507.0681683349617,241,1,2,95.0
2587,3377.2461291503923,389,1,7,95.0
2588,2415.8363475036654,194,1,0,95.0
2589,2498.365336303713,221,1,1,94.24
2590,3133.6835302734416,338,1,5,95.0
2591,2656.9060641288766,245,1,2,95.0
2592,2586.3564540290845,243,1,2,93.48608
2593,3094.5881034469653,337,1,5,95.0
2594,2800.565812377936,291,1,4,88.6031215198208
2595,5889.4251678466735,780,1,19,95.0
2596,2605.1889971923856,239,1,2,94.24
2597,2679.871231670383,269,1,3,64.450779959875
2598,2939.851312997345,303,1,4,90.53023301814714
2599,2410.793828125002,189,1,0,95.0
2600,2504.321345596314,216,1,1,95.0
2601,2603.986226196292,244,1,2,95.0
2602,2475.0584738540656,216,1,1,95.0
2603,2830.3768768310583,315,1,5,71.06989570853723
2604,2872.6936318922085,316,1,5,95.0
2605,2570.144524271193,238,1,2,94.38061322240002
2606,2656.0623388338104,266,1,3,95.0
2607,7414.510897345514,1224,1,35,95.0
2608,3218.6753607177793,358,1,6,86.26501406016143
2609,2805.7071689033564,298,1,4,95.0
2610,2962.681474418644,289,1,3,89.0816
2611,2421.62130699158,195,1,0,92.73819136
2612,3154.1471386718795,346,1,5,90.53023301814714
2613,3241.1831378173874,359,1,6,95.0
2614,2616.122350311282,225,1,1,95.0
2615,2566.5730251312257,240,1,2,87.2617720021578
2616,2417.061618652345,193,1,0,95.0
2617,2410.7538281250017,191,1,0,95.0
2618,5761.969371252048,801,1,20,95.0
2619,2467.6462695312516,214,1,1,93.48608
2620,5066.239179935461,723,1,18,95.0
2621,2969.994018230442,317,1,5,95.0
2622,2707.8041033935565,284,1,4,95.0
2623,2480.014594726566,216,1,1,95.0
2624,2688.689140625001,244,1,2,95.0
2625,2586.2150775146474,239,1,2,95.0
2626,2555.2954864501958,220,1,1,95.0
2627,2413.103605976107,193,1,0,95.0
2628,2794.4520410156274,257,1,2,94.24
2629,2413.249144515993,192,1,0,95.0
2630,2412.61637825966,190,1,0,90.92979003772992
2631,2496.8150305843374,217,1,1,93.48608
2632,2568.3734592437763,220,1,1,93.48608
2633,2413.1923682975776,196,1,0,93.48608
2634,2415.551747550964,193,1,0,94.24
2635,2410.7338281250018,192,1,0,95.0
2636,2410.6938281250023,194,1,0,95.0
2637,2410.713828125,193,1,0,95.0
2638,2410.693828125001,194,1,0,94.24
2639,2645.139255628588,247,1,1,95.0
2640,2597.082188262942,238,1,1,95.0
2641,2410.794689462187,197,1,0,95.0
2642,2419.7042852401755,205,1,0,95.0
2643,2496.16390136719,248,1,2,66.71216758815794
2644,2411.762443475725,196,1,0,92.73819136
2645,2421.1196649169947,212,1,0,89.12857063560038
2646,2411.5810327434556,203,1,0,95.0
2647,2533.895315732956,228,1,1,95.0
2648,3708.983212280278,410,1,7,95.0
2649,5342.9136804199015,752,1,19,65.64589695438364
2650,4437.6806689262485,555,1,12,95.0
2651,3102.7121256828345,340,1,5,95.0
2652,2411.8852924728412,198,1,0,94.63311554248705
2653,2410.6738281250005,195,1,0,95.0
2654,2414.595507259369,194,1,0,95.0
2655,2678.9877465057393,231,1,1,95.0
2656,2417.5875243759174,197,1,0,95.0
2657,2412.674946289063,196,1,0,87.57979136
2658,2416.2226279449487,194,1,0,95.0
2659,2455.160390625001,212,1,1,93.48608
2660,2475.2212548828143,217,1,1,95.0
2661,2410.753828125002,191,1,0,95.0
2662,2412.0857540035263,193,1,0,88.37484287897179
2663,2410.6538281250014,196,1,0,91.99628582912
2664,2410.7738281250026,190,1,0,91.99628582912
2665,2488.774790039064,233,1,2,93.48608
2666,3428.0865429687565,406,1,8,91.9617308204926
2667,2599.51628417969,240,1,2,93.48608
2668,2469.5584988784813,214,1,1,94.24
2669,4442.858964843756,614,1,15,67.79625083551215
2670,4514.999840087898,634,1,17,95.0
2671,2431.348403320315,212,1,1,62.11408388102623
2672,2934.3928229713492,323,1,5,94.24
2673,2504.8275930595432,214,1,1,95.0
2674,2620.9401228809365,223,1,1,91.26031554248704
2675,2499.284432296757,216,1,1,93.90303301814714
2676,2414.1166167259207,190,1,0,95.0
2677,2410.7138281250036,193,1,0,93.48608
2678,2410.7338281250045,192,1,0,95.0
2679,2416.3757790464924,210,1,1,94.24
2680,2838.2974316406257,261,1,2,94.8750710576193
2681,2410.693828125001,194,1,0,95.0
2682,2416.288138580322,190,1,0,95.0
2683,2413.6751530647284,195,1,0,94.24
2684,2411.0912019467364,197,1,0,93.48608
2685,2410.7138281250013,193,1,0,95.0
2686,2411.700755457881,196,1,0,94.54257191659912
2687,2410.6938281250027,194,1,0,95.0
2688,2410.7538281250013,191,1,0,95.0
2689,2476.4566182518024,218,1,1,95.0
2690,2889.354755859379,296,1,4,95.0
2691,3131.9215562152917,356,1,6,95.0
2692,3239.495297851565,363,1,6,65.00576746953206
2693,3061.7340911865294,305,1,4,95.0
2694,2693.1520307374026,264,1,3,95.0
2695,3582.33704897881,424,1,8,95.0
2696,2492.102086791993,217,1,1,95.0
2697,2512.865293045045,219,1,1,95.0
2698,2490.9207373046906,213,1,1,95.0
2699,2649.838115978243,265,1,3,94.24
2700,3104.2358410644574,351,1,6,95.0
2701,2719.3343511962908,253,1,2,94.24
2702,2410.713828125002,193,1,0,95.0
2703,2396.095179309848,193,1,1,0.0
2704,2414.8131083679195,194,1,0,95.0
2705,2412.7421205520654,195,1,0,95.0
2706,2412.00430258751,198,1,0,95.0
2707,2602.195576727396,250,1,2,95.0
2708,2418.570113868714,194,1,0,95.0
2709,2410.593828125002,199,1,0,94.24
2710,2396.489091796877,224,1,1,95.0
2711,3039.7005175781283,314,1,4,95.0
2712,2661.0563588225855,248,1,2,65.87769935086223
2713,2489.2420800781283,217,1,1,95.0
2714,2589.0085210418747,257,1,3,95.0
2715,2410.813828125001,188,1,0,91.99628582912
2716,2410.713828125002,193,1,0,95.0
2717,2643.9259636688257,221,1,1,95.0
2718,2665.660546875003,245,1,2,94.24
2719,2684.2988990974436,264,1,3,95.0
2720,2466.9427376937865,214,1,1,88.2698215532325
2721,2502.4321972656267,216,1,1,95.0
2722,2690.5311528015136,256,1,2,95.0
2723,2765.017919921876,255,1,2,94.24
2724,2410.6138281250014,198,1,0,95.0
2725,2417.2169390869167,204,1,0,95.0
2726,2413.786917457583,197,1,0,95.0
2727,2495.1652693176293,218,1,1,83.2105472
2728,2502.972702469828,218,1,1,94.24
2729,2728.343673985005,266,1,3,59.73009307945168
2730,2599.0990820312536,243,1,2,95.0
2731,2537.239791641235,227,1,1,95.0
2732,3382.342749032974,447,1,8,95.0
2733,2410.693828125001,194,1,0,94.24
2734,6417.105922851543,827,1,20,95.0
2735,2742.5940185546933,270,1,3,65.43952862284583
2736,2449.6835565090196,215,1,1,93.48608
2737,2478.569499940875,214,1,1,71.11530189471218
2738,2735.59316833496,256,1,2,88.2698215532325
2739,2469.3971191406267,215,1,1,95.0
2740,2473.195001552106,237,1,2,83.2105472
2741,2410.3938281250007,209,1,0,95.0
2742,2798.3183691406284,283,1,3,89.80599115400196
2743,2500.511755371096,215,1,1,93.48608
2744,4595.862241210944,663,1,17,54.18177324494531
2745,3230.497892456061,381,1,7,59.89356559706305
2746,2412.899565744401,190,1,0,95.0
2747,2674.387542810443,228,1,1,95.0
2748,2871.4748020362877,284,1,3,94.24
2749,3415.28516648293,396,1,7,92.73819136
2750,2410.7738281249995,190,1,0,95.0
2751,2556.7398095703134,247,1,2,90.2359536769602
2752,2411.3883517122276,192,1,0,95.0
2753,2410.996474518777,193,1,0,95.0
2754,3607.188910641677,393,1,6,84.77040498230276
2755,3750.55719440461,416,1,7,91.26031554248704
2756,2413.163582963943,189,1,0,95.0
2757,2466.76352280617,213,1,1,68.28881239386307
2758,2414.3967257118247,192,1,0,95.0
2759,2410.733828125001,192,1,0,95.0
2760,2410.7138281250022,193,1,0,95.0
2761,2417.4309065628063,196,1,0,95.0
2762,2413.3661434173605,195,1,0,95.0
2763,2597.5035745811465,239,1,2,92.73819136
2764,2500.8614190292365,214,1,1,92.73819136
2765,5362.295322265623,823,1,23,95.0
2766,3110.5010195922914,334,1,5,95.0
2767,2413.3471156692503,192,1,0,95.0
2768,2413.0688018989576,194,1,0,92.43336082476995
2769,2414.132249126438,187,1,0,93.48608
2770,2509.8981943130493,215,1,1,95.0
2771,2411.249977107051,189,1,0,93.48608
2772,2410.753828125002,191,1,0,93.0004477656944
2773,2446.9635693359387,226,1,2,95.0
2774,2415.5113985061657,195,1,0,94.24
2775,2412.285818004611,195,1,0,95.0
2776,2410.7938281250017,189,1,0,95.0
2777,2735.6769134712245,249,1,2,93.48608
2778,2414.180459709169,199,1,0,95.0
2779,2410.8138281250026,188,1,0,93.48608
2780,2410.7538281250013,191,1,0,95.0
2781,2658.321009588244,225,1,1,95.0
2782,2715.7293488693253,244,1,2,94.24
2783,2454.9256290626518,214,1,1,95.0
2784,2883.5521230125455,263,1,2,95.0
2785,2891.9250474166874,279,1,3,91.99628582912
2786,2410.7138281250013,193,1,0,95.0
2787,2418.92655094147,196,1,0,95.0
2788,2413.608858375552,191,1,0,95.0
2789,2410.733828125,192,1,0,95.0
2790,2605.8793548584003,225,1,1,95.0
2791,2416.4050736999534,192,1,0,95.0
2792,2410.713828125001,193,1,0,91.99628582912
2793,3020.4705267334007,308,1,4,95.0
2794,3289.18296071053,352,1,5,82.46265855999998
2795,2410.793828125001,189,1,0,95.0
2796,3189.4170800781294,357,1,6,94.63311554248705
2797,3219.3063476944,323,1,4,95.0
2798,2636.420605468752,225,1,1,94.24
2799,2400.0650781250006,207,1,1,88.13710519350232
2800,2412.6417765617366,190,1,0,95.0
2801,2414.398115844729,194,1,0,94.24
2802,2410.6938281250023,194,1,0,93.48608
2803,2414.4610771179227,200,1,0,90.26590769152
2804,2410.6938281250027,194,1,0,95.0
2805,2410.9394881439225,194,1,0,91.99628582912
2806,2411.017529466152,193,1,0,95.0
2807,2646.6224501800566,229,1,1,95.0
2808,2410.6738281250027,195,1,0,93.48608
2809,2410.733828125002,192,1,0,73.31110590683302
2810,2895.794732666019,275,1,2,90.53023301814714
2811,2412.819484701159,198,1,0,94.24
2812,2672.7340168476135,245,1,2,91.0078132224
2813,2478.558636925223,212,1,1,88.37484287897179
2814,2513.8128337860117,220,1,1,95.0
2815,2415.5565137481694,192,1,0,95.0
2816,2417.4435822677638,199,1,0,95.0
2817,2600.3717480468786,241,1,2,93.48608
2818,2517.561700477602,238,1,2,91.99628582912
2819,3634.6046533203203,427,1,8,73.91917947955449
2820,5547.609243164046,872,1,25,68.28881239386307
2821,3791.571937866218,449,1,9,95.0
2822,3101.7442829704332,332,1,5,91.99628582912
2823,2973.3753892517107,282,1,3,95.0
2824,2410.8338281250003,187,1,0,94.24
2825,2892.958750133517,266,1,2,94.24
2826,2710.3490966796885,250,1,2,95.0
2827,2555.817159233093,227,1,1,94.24
2828,2410.713828125003,193,1,0,95.0
2829,2415.449052467348,198,1,0,95.0
2830,2410.6738281250027,195,1,0,95.0
2831,2642.161325244906,241,1,2,95.0
2832,2416.3213232421886,193,1,0,95.0
2833,2410.7338281250018,192,1,0,91.72066047897178
2834,2411.7842999649056,189,1,0,95.0
2835,2414.7715814971953,193,1,0,95.0
2836,2551.9149617481257,216,1,1,89.0816
2837,5711.661478080747,783,1,19,95.0
2838,2905.5068798828142,276,1,3,91.26031554248704
2839,2415.7965241622956,189,1,0,95.0
2840,2697.626268725398,251,1,2,95.0
2841,2410.493828125002,204,1,0,95.0
2842,2410.6338281250005,197,1,0,94.24
2843,2752.9409387874625,271,1,3,65.982932536722
2844,2911.505399370198,340,1,6,95.0
2845,2410.8538281250017,186,1,0,93.48608
2846,2727.3572503280625,254,1,2,94.24
2847,2419.314037284852,197,1,0,95.0
2848,2415.8097455596944,202,1,0,95.0
2849,2410.7138281250013,193,1,0,94.24
2850,2472.1954541015643,236,1,2,95.0
2851,2410.7938281250035,189,1,0,93.48608
2852,2410.8138281250026,188,1,0,95.0
2853,2487.6237273597726,213,1,1,95.0
2854,2487.208073234561,220,1,1,95.0
2855,2566.0440354538,239,1,1,95.0
2856,2574.786162109377,219,1,1,95.0
2857,2691.4261822330964,246,1,2,93.48608
2858,2410.886384967567,192,1,0,73.85211923658346
2859,2410.8138281250012,188,1,0,95.0
2860,2515.7772576904326,217,1,1,93.48608
2861,2410.8138281250017,188,1,0,91.99628582912
2862,2936.358817458155,285,1,3,88.22345208353497
2863,2415.0457362365714,189,1,0,95.0
2864,2787.0417928075813,272,1,3,91.99628582912
2865,3044.9192428970387,298,1,3,93.48608
2866,2900.5686151123064,267,1,2,90.53023301814714
2867,3405.948525390632,387,1,7,93.6793172574208
2868,2903.317070789342,284,1,3,86.83788582912
2869,2411.7346560478236,190,1,0,95.0
2870,2410.7738281249985,190,1,0,95.0
2871,2413.0003616046924,189,1,0,94.24
2872,2557.6769431972507,218,1,1,95.0
2873,2582.4183251953127,242,1,2,95.0
2874,2762.4873937988323,253,1,2,95.0
2875,2748.187818584444,252,1,2,93.62556831662081
2876,2526.863955756426,233,1,2,71.11530189471218
2877,2673.2485219573996,227,1,1,94.24
2878,2414.5231043624904,186,1,0,95.0
2879,2633.3307805633553,252,1,2,95.0
2880,2496.480395507814,215,1,1,95.0
2881,2410.6938281250013,194,1,0,95.0
2882,2631.936641044618,234,1,1,95.0
2883,2493.1909320068385,219,1,1,95.0
2884,2666.6516308593773,236,1,1,89.0816
2885,2748.90163574219,255,1,2,95.0
2886,2516.788007812501,221,1,1,95.0
2887,2515.779994010926,230,1,1,94.24
2888,2412.587430381777,200,1,0,95.0
2889,2416.141777648929,198,1,0,95.0
2890,2509.192815556527,218,1,1,95.0
2891,2815.3242627906857,291,1,4,92.73819136
2892,2812.592348632816,277,1,3,95.0
2893,2559.270504322052,213,1,1,95.0
2894,2659.529739389423,227,1,1,88.41402665388306
2895,2461.3413671875005,213,1,1,94.24
2896,2411.088236625197,194,1,0,95.0
2897,2461.363422851565,211,1,1,93.62556831662081
2898,2499.5174462890654,217,1,1,95.0
2899,6583.2924316406015,920,1,24,89.0816
2900,4349.798514404301,563,1,13,95.0
2901,2492.597863159181,247,1,3,95.0
2902,2721.9196728515653,281,1,4,92.73819136
2903,2628.4927265548713,243,1,2,95.0
2904,2410.673828125004,195,1,0,94.24
2905,2415.304263935089,192,1,0,94.24
2906,3264.529844970705,374,1,6,94.24
2907,2884.313035278323,276,1,3,95.0
2908,2729.2967699241685,249,1,2,95.0
2909,2413.386213016512,190,1,0,95.0
2910,2717.608226928712,247,1,2,68.19652642284774
2911,3058.984296875004,331,1,6,0.0
2912,8071.534584350566,1129,1,29,95.0
2913,2621.2234564209007,223,1,1,95.0
2914,2417.777866630556,191,1,0,95.0
2915,2416.743549842837,194,1,0,95.0
2916,2415.318551921847,190,1,0,95.0
2917,3497.428709106448,386,1,6,95.0
2918,2586.3624624347726,237,1,2,92.73819136
2919,2876.332675781253,278,1,3,94.24
2920,2884.3202157303735,280,1,3,91.40930939578195
2921,2557.3364952850375,221,1,1,95.0
2922,3583.3372391510075,416,1,8,95.0
2923,2519.543356323246,235,1,2,91.26031554248704
2924,2410.813828125003,188,1,0,95.0
2925,2661.706661918164,263,1,3,94.24
2926,2652.6037274169958,256,1,3,95.0
2927,2523.491584110262,215,1,1,95.0
2928,2415.10608575821,191,1,0,95.0
2929,2413.488461360931,192,1,0,95.0
2930,2410.5703251832742,203,1,0,91.99628582912
2931,2410.5738281250015,200,1,0,95.0
2932,2410.653828125,196,1,0,95.0
2933,3244.5538808441206,362,1,6,95.0
2934,3080.5644537353533,313,1,4,95.0
2935,3224.595325288776,337,1,5,95.0
2936,2507.45895920992,215,1,1,91.99628582912
2937,2649.184233398441,224,1,1,95.0
2938,4103.969884033214,544,1,13,90.53023301814714
2939,2410.633828125001,197,1,0,95.0
2940,2410.693828125004,194,1,0,95.0
2941,2634.369552869799,224,1,1,95.0
2942,3717.268073749552,445,1,9,95.0
2943,2633.793803653718,222,1,1,95.0
2944,2412.1229922771467,190,1,0,87.62105855999998
2945,2418.1740613937372,205,1,0,91.26031554248704
2946,2410.6538281250027,196,1,0,93.63870769152
2947,2750.0686230468805,251,1,2,95.0
2948,2658.308099689485,223,1,1,95.0
2949,2521.157973060611,227,1,1,95.0
2950,2410.553828125002,201,1,0,95.0
2951,2524.397797851565,221,1,1,93.48608
2952,2627.8366302490244,225,1,1,89.08754322476995
2953,2509.4675799560564,219,1,1,93.48608
2954,2665.937177429199,232,1,1,94.38061322240002
2955,2410.6738281250023,195,1,0,90.53023301814714
2956,2499.840519294741,217,1,1,94.24
2957,2411.9672063732155,193,1,0,95.0
2958,2413.5172628307364,208,1,1,95.0
2959,2673.0274072265624,227,1,1,93.48608
2960,2411.9306529331234,186,1,0,95.0
2961,3002.0491036605836,284,1,3,94.24
2962,2415.6074485778827,190,1,0,95.0
2963,2641.1621192169173,229,1,1,79.61953191951595
2964,2637.491884899143,225,1,1,95.0
2965,2416.8536503601085,191,1,0,95.0
2966,2482.267883186341,216,1,1,95.0
2967,2816.7881250453033,279,1,3,95.0
2968,2513.601635742192,230,1,2,95.0
2969,2410.7538281250013,191,1,0,92.73819136
2970,3683.232595214847,397,1,6,95.0
2971,2920.2955010986343,282,1,3,94.24
2972,2753.050718994142,254,1,2,95.0
2973,2730.4904571533234,260,1,2,93.48608
2974,2417.158095588684,203,1,0,95.0
2975,2415.3469371986403,194,1,0,95.0
2976,2410.773828125003,190,1,0,95.0
2977,2410.673828125002,195,1,0,95.0
2978,2413.6411394691513,197,1,0,95.0
2979,2415.2023911857623,193,1,0,95.0
2980,2413.729364395141,190,1,0,92.18687020920073
2981,2410.5538281250015,201,1,0,95.0
2982,2410.753828125001,191,1,0,95.0
2983,2414.3857565498374,192,1,0,94.24
2984,2455.2864355468773,213,1,1,68.28881239386307
2985,2626.5906238174443,227,1,1,95.0
2986,2411.987006015781,189,1,0,95.0
2987,2415.6891651153583,190,1,0,95.0
2988,2887.572422161106,263,1,2,95.0
2989,2502.183989505768,216,1,1,95.0
2990,2875.3852685546904,297,1,4,94.24
2991,2772.6432421875043,269,1,3,95.0
2992,3737.81734731675,431,1,8,95.0
2993,2591.370443286899,248,1,2,95.0
2994,2496.4633709716827,231,1,2,94.24
2995,2936.681234188081,279,1,3,91.26031554248704
2996,2410.853828125001,186,1,0,94.24
2997,2414.6944372367852,189,1,0,94.24
2998,2414.089878673555,194,1,0,93.48608
2999,2411.9501428222684,192,1,0,95.0
3000,2420.595655364991,199,1,0,95.0
