episode,reward,steps,laps,collisions,speed
1,5224.132879638638,2500,0,36,23.97275627208337
2,5095.725009155262,2500,0,33,31.391315341460686
3,5555.21876865386,2232,1,28,35.96108982054683
4,5660.484448852516,2448,1,31,45.72467353198962
5,4868.145266113276,2262,1,26,33.156092519408844
6,5620.187542724579,2500,0,33,39.972033579963224
7,5778.204183959908,2500,0,34,28.42292033698133
8,4890.295490236287,1749,1,20,37.78385567417753
9,4100.63421541306,1785,1,19,31.162781356865597
10,5312.8691359329,1901,1,24,81.53631925117016
11,6079.3122409915595,2277,1,30,56.10521264170483
12,4251.639885253932,2034,1,21,38.0494012407666
13,3203.2440822982944,1063,1,13,51.04279530649523
14,4209.112415161156,1568,1,17,67.74146675843971
15,3753.759558630011,1420,1,15,25.18868120177904
16,3422.8491601562623,1132,1,13,34.312405526534775
17,6251.389483642541,2355,1,31,54.75699579267943
18,3471.1110400390803,1254,1,13,67.04038048257837
19,5325.313994140601,2009,1,26,64.89174466806799
20,4161.953526496908,1510,1,17,66.03485151256473
21,3732.996614990248,1327,1,18,37.35420218043015
22,5754.574420242288,2176,1,26,43.14771073486064
23,5684.107951049788,2201,1,27,18.65723972615943
24,5831.858474540666,2360,1,29,39.30729295207621
25,5994.080549259143,2164,1,29,23.992763953941125
26,4006.404154663106,1391,1,18,45.23884368982711
27,4515.61654483797,1634,1,20,48.91741587373991
28,4010.9754735374636,1163,1,14,32.554014429240766
29,3929.0950919723714,1427,1,16,37.751790788909254
30,4758.61885280611,1620,1,22,77.17879024028849
31,4508.69143732072,1456,1,19,47.02717604961715
32,4647.839819946294,1453,1,21,38.95026021236616
33,3582.1841990471034,1035,1,10,55.9372865826593
34,4659.973434448246,1670,1,22,42.08000521477207
35,4365.666282196059,1279,1,14,55.8775371755509
36,6342.855758666931,2500,0,35,75.45290050220957
37,4365.92726127626,1589,1,20,34.24223656383375
38,5411.163932094549,1922,1,26,31.106331948766698
39,5391.930156254736,1920,1,23,67.52763997936991
40,5134.716477251067,1735,1,24,52.60119257326012
41,3955.58082611086,1314,1,13,60.29793545689452
42,5266.979149513225,1771,1,22,41.661741932827795
43,4722.608334388742,1558,1,20,77.68034624288372
44,7153.0447138690315,2438,1,33,47.29615340313233
45,3804.818697738664,1210,1,14,42.68974232841242
46,6329.177583360601,2330,1,34,52.25127377495849
47,6546.384863605471,2133,1,28,64.59259632456455
48,4874.878979320523,1519,1,18,61.95115043721779
49,5681.1478602957495,1954,1,26,31.130150218325316
50,4564.418935546883,1487,1,20,43.36053355666845
51,3268.7382421875113,888,1,10,59.36036081783528
52,3711.2034063720894,1073,1,12,33.83049851254777
53,3571.1555398178284,1114,1,11,53.68739979497671
54,3459.0672457707055,1054,1,12,34.470178467970534
55,4567.849894027711,1586,1,23,22.469171808985337
56,3585.995212078107,920,1,12,41.57969863207646
57,4906.883253097533,1605,1,22,60.262602550914444
58,3384.89841087343,1076,1,11,77.25601045964818
59,4670.928757963182,1552,1,21,61.55286916535197
60,6096.8606185912795,2025,1,26,49.82371206503545
61,4475.604871387493,1244,1,16,69.96859261126168
62,5057.319987754828,1751,1,26,54.947258864673906
63,3204.336901817329,857,1,10,65.90770531243572
64,3260.442840938581,861,1,10,28.125598062896294
65,3345.135739059461,1004,1,11,45.247912376487555
66,3596.046949405677,1139,1,14,40.66768022307884
67,4295.149277496348,1210,1,15,28.73113818867859
68,3861.4538150501407,1129,1,14,32.707813871482145
69,3513.658366432205,1123,1,15,32.012200122719356
70,2930.991248779301,731,1,8,45.87930197514311
71,4349.732505664845,1407,1,19,22.38654651109437
72,5234.296994628902,1643,1,23,57.92443653047508
73,3433.3878851318495,873,1,11,72.6248391830942
74,3458.793088970201,1152,1,15,29.678412566535506
75,3587.150895385758,991,1,12,32.58598725663846
76,4124.7857656479,1200,1,15,69.5547511326675
77,3580.395772018439,983,1,12,35.90226098820765
78,3519.9208767128084,884,1,12,36.529479150448836
79,3796.519996447574,1009,1,12,59.062962681306765
80,3065.979060783392,728,1,8,61.823524900902974
81,3904.1253179931755,913,1,11,55.31668378077627
82,3934.846131629957,939,1,12,66.53767795736631
83,3288.283145504008,766,1,8,68.76081310589709
84,3014.893994140634,655,1,8,59.99471441769154
85,3044.3362013244723,688,1,8,58.449073474669426
86,4065.7726807022254,1058,1,11,53.03479765642722
87,2821.6765426254324,717,1,9,0.0
88,3245.6922532081744,985,1,11,32.560400241947576
89,3893.1667131424033,975,1,10,63.386727453538285
90,4089.091553249371,1223,1,15,24.62611650795184
91,5195.705311279281,1801,1,27,38.1059379423049
92,3155.5787268829404,889,1,10,75.0211299698805
93,4369.018863525399,1228,1,17,36.99360062983637
94,3970.788105468765,1051,1,16,22.631817496858947
95,4526.401163940439,1321,1,20,38.680248074631905
96,3302.0219721985004,959,1,14,49.82981194095673
97,3763.716095638292,1080,1,13,73.95192959644605
98,3481.4402476883056,857,1,12,39.47567495368446
99,3477.1836522293215,959,1,11,40.946473390207636
100,3097.9823525428887,895,1,12,51.33114953833573
101,3548.877735137959,1035,1,12,43.21245772317413
102,3094.7240460205153,686,1,8,54.95906124269147
103,3164.546629886636,836,1,9,71.30057085825663
104,3442.579196681985,898,1,12,29.133182101384175
105,4242.249982166305,1130,1,15,46.0652709077347
106,4500.736059246073,1367,1,19,55.55032355149006
107,3024.4313966941913,774,1,9,41.089572741891175
108,4054.756886091248,1083,1,16,34.53586679204118
109,3373.1894445419384,870,1,9,37.24027955873328
110,3855.655300846113,1058,1,13,32.57607329800146
111,3215.2531881713967,748,1,7,39.52954771669884
112,4530.358063621536,1219,1,16,47.19332448428211
113,3128.9507340049795,762,1,9,35.853983245457144
114,3564.4401499557644,891,1,11,60.349163809194486
115,3467.2824481964194,840,1,10,57.823781342458304
116,3105.755191555037,773,1,8,53.7605787634908
117,3330.114042968763,814,1,9,27.736960406338895
118,3474.0638013315356,964,1,11,36.52807132570675
119,3908.8038637542863,813,1,10,92.17821621187169
120,2854.7164361357754,620,1,6,36.49183454989569
121,3634.095692749037,824,1,10,54.91941949168869
122,3562.9780084610115,775,1,9,55.667258049033265
123,3629.2621918630675,819,1,10,53.42679583809657
124,3255.724471216213,771,1,9,53.52633276483261
125,3336.9816815185613,836,1,10,55.90193929628447
126,3766.404040527357,1020,1,14,57.676730115364755
127,2943.562369509354,686,1,8,38.07116229933885
128,3420.124794706114,933,1,12,29.378796803915336
129,3881.3858214950733,972,1,14,55.41688080635602
130,3995.9453190040745,979,1,13,26.009011759492527
131,3801.805106449137,905,1,11,59.65843887701342
132,4399.09979717733,1300,1,17,46.16734358298446
133,3074.967431640631,690,1,6,49.63779093997498
134,4600.828999366767,1233,1,18,46.249437383979
135,4201.41862781526,896,1,12,43.09871656074484
136,4036.6658825683767,1036,1,15,34.04674935213603
137,2866.998477764137,574,1,6,37.01785790628168
138,3158.455580673229,717,1,9,44.89721636512074
139,3326.1432616996867,881,1,11,62.07584248331987
140,3345.6021751785374,728,1,8,78.3325742648364
141,3174.777290725718,715,1,9,65.02418592357094
142,3111.8331872558665,712,1,8,59.53998122171744
143,3010.703738040929,709,1,8,38.37847835048647
144,3626.0787722396913,911,1,10,70.34560525317947
145,3133.4843961906513,759,1,8,43.023098552657416
146,3603.2722754859997,848,1,10,53.66804697068293
147,3364.8464624023527,782,1,9,56.58008865280198
148,3402.98337524415,776,1,8,36.54828531894546
149,3579.426868839277,774,1,9,55.17904365657215
150,2562.875616436008,526,1,4,51.865698049188886
151,3279.249381217964,807,1,10,48.181400156922805
152,2935.108332633978,615,1,5,69.42916008774444
153,3515.9309304762014,901,1,11,33.16054508982823
154,2600.941348133094,487,1,3,54.68079187354344
155,3962.8663167953637,1215,1,12,39.01561639073619
156,3447.491919040696,940,1,15,36.02405697762757
157,3792.001559095397,936,1,12,52.2337017350484
158,2928.904791870128,723,1,8,59.667565746027385
159,3515.535393562328,908,1,11,60.211945304658414
160,3460.947750186933,810,1,10,48.054888894006794
161,3122.0348198890715,705,1,9,34.421769099922265
162,2807.852852299221,588,1,4,61.64269864205929
163,3916.686452522291,988,1,14,57.99012434841409
164,3915.4778600025365,891,1,12,71.65758157074674
165,3026.8479072952323,688,1,8,64.73329946677913
166,3070.270945930488,665,1,7,50.00988914824868
167,2874.686227188118,532,1,5,42.846546400525796
168,3703.949618892686,936,1,10,57.59787518799707
169,4010.3765857696703,990,1,13,39.06901410597424
170,3407.658850116739,764,1,8,52.46728984174509
171,3102.5968068361394,820,1,9,44.48497792866197
172,2787.893771972661,598,1,5,52.61716820685129
173,2911.2361378479054,561,1,6,81.52003401785532
174,3120.9732814788863,720,1,8,44.61979068448567
175,3391.3076395320973,711,1,8,44.925185653503675
176,3567.7809150886646,969,1,12,43.33827237785992
177,2829.5401451492344,648,1,7,0.0
178,4488.215641326921,1144,1,15,54.63487503475905
179,3173.4811846923935,709,1,6,48.3870594761213
180,3294.419441108711,781,1,8,51.59898082527389
181,3908.2033277034857,1075,1,12,46.694082387356524
182,3255.3761564540982,951,1,10,72.97205590064368
183,3103.8753842353885,800,1,11,32.89082430713595
184,4016.9658408737346,902,1,12,50.29410590184742
185,3581.508238945017,822,1,9,57.92697670508065
186,2818.7189523124744,658,1,7,48.17961722827515
187,3211.797353096016,674,1,8,43.928518065196926
188,2551.3574922275598,549,1,5,41.55873043948688
189,2711.316330237391,534,1,5,53.558014194290685
190,3051.484000263221,632,1,6,52.49829013985265
191,2957.3299815368696,639,1,7,50.74170242167909
192,2901.9627124023477,579,1,6,54.21873509190095
193,2667.1826373291055,549,1,5,58.954695006677234
194,2615.0554979324397,560,1,5,65.80809757325113
195,2766.78280281067,513,1,4,67.4744217457872
196,2987.8966949653723,694,1,7,59.64595738301055
197,2947.6969789314344,541,1,5,56.781193997367666
198,3801.8087317276127,936,1,12,55.58358191375444
199,3057.5066120481583,712,1,9,34.52661853782188
200,3545.167785301218,778,1,10,66.68698098741565
201,2524.0913494968495,433,1,3,41.446899117563895
202,3003.806618652348,582,1,6,53.28407527038494
203,3653.5308605957134,771,1,11,0.0
204,3138.1406433105567,640,1,6,48.023206986627414
205,3793.9455306625464,812,1,9,45.172547110669335
206,3424.5938614273186,778,1,10,54.84935984160625
207,2834.7285760498075,552,1,3,85.11027595501226
208,3180.4603108978313,707,1,7,69.4384709113776
209,4205.3127239990345,1011,1,11,54.04004670198196
210,3073.6147094726634,650,1,9,74.19098256047211
211,2916.0422926330652,553,1,6,46.43526396851271
212,3181.280190658581,720,1,7,74.88320242599791
213,3615.788178100597,778,1,9,46.74119947090125
214,3656.819858169566,805,1,10,65.13245359222103
215,3023.400249195107,590,1,7,80.28786016387367
216,2557.5254130172757,421,1,3,42.42498859567235
217,2637.1017742919944,461,1,5,95.0
218,2858.93829101563,553,1,5,34.295291684279
219,3249.8369628906366,705,1,9,68.1518967577336
220,2609.7995395088215,443,1,3,73.5310319309841
221,3373.1957546329613,682,1,7,39.49316443308143
222,3975.2148884773424,920,1,11,66.34755552586444
223,2937.28909608842,604,1,6,41.58119895575792
224,3225.253630752572,719,1,9,67.98029945706615
225,3160.4313181686484,666,1,9,51.61787098639034
226,3365.8512955474944,616,1,6,56.72665833134848
227,2481.9304272604,414,1,2,58.180075440627235
228,2896.302137622838,547,1,6,72.16584958083523
229,3092.2093226051375,647,1,8,53.368756497031995
230,2791.2200294303934,571,1,5,60.17271003078054
231,3092.5705503463832,670,1,9,41.13216500794208
232,3564.3691900634835,813,1,11,54.208053931693506
233,3333.4886108779965,678,1,8,59.41660303090092
234,4134.398205566421,995,1,15,32.467155976481926
235,2983.3922583007893,628,1,5,46.75200184920547
236,2994.3700115537713,707,1,7,27.52843081802341
237,2802.9059375000074,529,1,6,65.00050444211259
238,3571.849432773597,829,1,11,44.752089929682924
239,3125.114593505863,665,1,7,46.930752466240136
240,2975.1428367519475,568,1,6,43.736377564797394
241,2986.52776859284,601,1,6,48.3478093241953
242,3205.247495727543,686,1,7,68.18492660952606
243,2563.799592990878,499,1,4,48.421542541441475
244,2999.848766479494,642,1,7,57.15846025078553
245,3519.5013529110133,731,1,8,43.186572115507865
246,2887.947494201668,596,1,6,43.75489252272495
247,3512.7953271484475,737,1,9,45.00027411967897
248,3318.5301946449326,736,1,10,94.24
249,3340.7199975204603,714,1,9,43.22706058192824
250,2630.4522727775648,491,1,4,65.1009379750451
251,2931.844743938451,589,1,5,87.89303942435069
252,2771.33557720185,520,1,4,73.49044455566086
253,3040.8698017120405,535,1,5,74.52353469086641
254,2913.7007333374067,592,1,6,64.19100642979777
255,2686.9304394531287,451,1,4,71.68983658611442
256,3595.0696685791117,845,1,12,44.331591393803464
257,2857.988312225348,511,1,5,69.25372889282382
258,3180.362205600743,570,1,6,66.27165704743011
259,3175.6334887695425,649,1,8,44.88227818235098
260,3323.0543750000147,819,1,13,30.928163615066236
261,3988.0244466209538,928,1,12,49.41578672363863
262,3594.5546856689516,846,1,10,65.17905411076197
263,3200.5584543037508,576,1,6,56.95504806060687
264,3461.2408596801865,726,1,7,57.849645134500086
265,2991.8147959518506,701,1,8,73.00101733760295
266,5284.455437140469,1271,1,15,49.83502268062486
267,3176.7957058048332,627,1,7,80.52162675117704
268,2683.6680297851613,490,1,4,72.09802657525006
269,2949.75613830567,561,1,6,34.67256187100744
270,3200.1995080566467,667,1,6,82.73254601562154
271,3005.8557339859085,579,1,5,79.90916785390927
272,3388.684870605475,636,1,6,74.30542331015153
273,2791.9306469726625,466,1,3,44.92854843857333
274,2574.3140087890656,421,1,2,63.14258594883796
275,2830.0624233818094,512,1,5,73.96486800262547
276,2684.3907243537947,611,1,4,86.89652804296536
277,2568.355200195316,485,1,5,55.609474240564765
278,3311.3539313888637,717,1,8,51.12412147620057
279,2859.0912650585215,575,1,6,39.87799374746463
280,3460.688481998453,650,1,8,79.04137134917556
281,2635.3678889274634,465,1,4,74.25175664626477
282,2656.140654907233,562,1,7,54.463358574146135
283,2952.22858642579,613,1,7,44.725156560500665
284,2867.2934075927797,567,1,6,40.64219988553259
285,2784.966955566409,470,1,4,57.63834614438771
286,3134.3951450777136,574,1,5,68.0404018232727
287,2691.1280869484,495,1,4,80.31973574417643
288,3034.8036312103336,665,1,6,68.4176924693997
289,3174.2087891388005,551,1,6,57.70310836733448
290,3378.1982604980526,770,1,11,77.83681151114543
291,3174.017316226964,576,1,5,57.40821001545422
292,3243.54938125611,570,1,7,41.470120284236344
293,3515.260765380869,684,1,9,47.77959224888197
294,3155.7192036438037,716,1,9,32.67125072142358
295,2768.9639215087914,492,1,4,59.66844117301999
296,3097.362635164266,521,1,5,74.78266106341543
297,2664.122744140631,492,1,4,66.16571824169453
298,2736.6728053092984,415,1,3,72.05514389309924
299,3051.7616614341855,585,1,6,41.398539747920296
300,3604.0044651794524,801,1,10,73.36469735377818
301,3160.6961199951256,574,1,7,44.83476039663868
302,2749.5825488281316,509,1,4,62.33538203889035
303,2734.628522949223,511,1,6,75.5290439097095
304,3228.0659182286313,597,1,7,49.7890564690972
305,3013.741015625004,570,1,6,54.11578761327834
306,2753.551926460269,433,1,3,67.09679296899152
307,2912.757922554022,560,1,6,78.56049538207536
308,2666.460651435856,438,1,4,85.29455063906676
309,3304.444598045357,598,1,6,68.8313443601329
310,3017.8478058147493,526,1,4,78.06715424768286
311,2951.316871948248,609,1,6,72.9691328821351
312,3350.5786629486174,691,1,8,71.43277294173747
313,2838.403271703727,511,1,6,52.018954048327195
314,2686.3471899414108,513,1,6,68.902321405102
315,3245.1647090530446,567,1,7,72.44260279648387
316,3059.8549798584095,697,1,9,77.63383922930768
317,3000.348713378912,571,1,5,55.09660166629485
318,2879.118373379713,567,1,8,44.788540797163975
319,2862.6722779274037,495,1,4,58.617012509374504
320,4369.299773101823,1046,1,20,70.28022240750887
321,3186.3872433376355,589,1,7,47.793606965074844
322,3100.5027276611395,652,1,6,53.998701910515244
323,2757.927459373479,523,1,5,48.022720517919026
324,3544.0170705890755,652,1,7,73.07761148989776
325,2737.5193588256902,510,1,5,71.69410114614459
326,2930.722314529424,526,1,5,73.75731307875195
327,2673.5717480468816,451,1,4,37.37701745385683
328,2550.838295898442,402,1,2,53.10498551178647
329,3269.811490440376,705,1,9,59.08160720248846
330,3089.7153696060263,695,1,7,61.34505815491399
331,2656.792118339542,421,1,4,53.40795426754861
332,3293.4837920427385,690,1,8,64.77117824867763
333,3543.4762225341897,759,1,11,54.32095441697454
334,3051.6998817420067,562,1,7,72.75762970173483
335,2963.254257850656,601,1,6,84.9500206573774
336,3423.5004350280856,742,1,10,50.50623242090217
337,2967.008943061836,591,1,6,71.23005215399289
338,3236.034548339849,607,1,7,52.68034722123329
339,2941.193686604509,495,1,5,52.951876343530955
340,2648.944429931644,477,1,4,83.2298085154526
341,3346.6579783821194,713,1,8,78.67708994280142
342,2920.2337786865314,699,1,8,52.696245326639584
343,2705.8432693767604,476,1,3,46.46876911937232
344,2684.6806040573165,486,1,5,55.77643022896286
345,2747.407328739174,518,1,5,43.26503123248216
346,2766.8747978973443,486,1,5,86.53684819904578
347,3713.837748413097,881,1,11,51.68714403478784
348,3168.131037597666,611,1,6,46.11976423377908
349,2684.0733450365087,469,1,5,46.426611561521455
350,2483.8791870117207,410,1,4,41.97160119060451
351,2971.3191423320854,563,1,6,67.34815933087111
352,3039.558930053717,568,1,7,44.9900772914809
353,2845.5161857128182,535,1,5,73.29037779964158
354,3524.3290783691505,741,1,11,47.71565809959703
355,3135.815885620123,616,1,7,68.44596748768768
356,3552.762416992196,747,1,9,72.79494391579287
357,2678.3786338996947,499,1,4,67.14766794086667
358,2510.894508934025,455,1,3,64.39250135579266
359,2671.212006912235,442,1,3,54.56055755124644
360,2579.201054916386,462,1,3,55.213449024755725
361,3247.3561814689706,673,1,8,83.75051664122952
362,2696.317003784187,442,1,4,73.8676495998675
363,2680.47086000443,510,1,4,66.60496988242144
364,2441.9950073623686,403,1,3,63.86190398699953
365,3097.1142371368446,589,1,8,78.05722052852197
366,3552.1096585083105,651,1,8,83.91676664602146
367,2546.491953125002,458,1,4,48.15967958797132
368,2782.497827148446,435,1,4,75.0490696772623
369,2928.49931362153,551,1,6,57.03752525278255
370,2489.819682130817,397,1,3,44.92452961749262
371,2755.039799804696,529,1,6,39.56387625200613
372,3371.104914550787,656,1,7,71.0854863900718
373,3156.270701904303,539,1,6,50.49677815030383
374,3341.1381453132726,947,1,16,65.60944714537028
375,2777.0061830139234,532,1,6,78.76291807811073
376,3028.2267456054747,680,1,9,49.461862063476964
377,3072.8864933013956,580,1,4,56.666372709846016
378,2678.320786857608,470,1,4,57.59547035260928
379,2972.184053344736,654,1,7,55.02891801319611
380,2659.8417840576217,472,1,4,90.13717103530317
381,2797.957556991583,581,1,6,44.428980821116
382,2843.055812416085,542,1,5,57.24029702364514
383,2953.4177520179815,673,1,9,44.83536860396843
384,2829.7700129127566,467,1,5,48.09013037037083
385,2508.002611694339,357,1,1,62.65798008548618
386,2926.764001464849,560,1,5,59.60351601133178
387,3286.128349065789,660,1,9,61.77889067533803
388,2783.0762538147023,409,1,3,60.06134171147572
389,2925.941939811708,571,1,6,76.83371763480908
390,2475.554374542241,418,1,3,88.70531768525439
391,3064.7083135795656,574,1,7,44.73274156428123
392,2440.611367511756,440,1,5,41.477120273289394
393,3641.051069335944,681,1,8,73.95878344016732
394,2510.346354579929,430,1,3,58.35612427998557
395,2821.556452636724,586,1,6,54.0067193192
396,2917.1521641159134,553,1,6,75.06170537641373
397,2737.143007123475,465,1,4,75.44627778382964
398,2742.290397949224,474,1,4,59.251774884502304
399,3275.0826140403806,630,1,7,61.106666652289015
400,2807.6763128662196,578,1,6,54.53882282900614
401,2882.9734395593473,610,1,9,52.719930490517335
402,3171.825893554697,737,1,9,57.528915885408544
403,4418.315646972679,1378,1,28,72.09106566142368
404,3916.648080415735,909,1,13,75.93547073042042
405,3149.2220220947343,618,1,8,57.44098859399411
406,3188.1798605537488,637,1,7,65.10398230484685
407,3460.6033117675865,728,1,10,74.16914240874773
408,2640.303143634802,578,1,5,72.37462215622023
409,3071.107445878993,619,1,4,56.85400491388129
410,2690.1058259964057,485,1,3,87.24819428396994
411,2912.099540557867,483,1,4,74.89557399704012
412,2765.2214653015203,615,1,4,77.31284795279778
413,2891.498178710949,663,1,5,57.79393568156145
414,2734.5832024002116,448,1,3,75.84560582544717
415,2766.5892968750068,532,1,4,51.02915492572607
416,2662.567657203679,469,1,3,76.92728148328153
417,2747.0001589822837,436,1,3,71.24430401058667
418,2622.4312402343808,442,1,4,43.440150247894685
419,2521.922151794436,383,1,3,87.49088037875582
420,3488.4563028717153,818,1,7,78.37384862707408
421,2469.354649810792,366,1,2,67.22446623777627
422,2780.642125711441,467,1,4,95.0
423,2739.7176984214825,398,1,3,74.25924082978891
424,2812.57287597657,455,1,3,60.87816547672689
425,2998.5178023147614,581,1,5,67.5479874925676
426,2547.6367797851603,400,1,3,61.171656375120826
427,3066.80136840821,571,1,7,56.53010861542869
428,3246.9534691333834,550,1,5,82.44525382605539
429,3014.7754602050845,567,1,6,45.30550405335048
430,2905.4053153228842,634,1,7,74.76007117318254
431,2646.0853370666528,430,1,3,68.74481884814128
432,2654.9593115234416,458,1,5,49.250278822888156
433,2575.73110553742,419,1,2,59.111306239663236
434,2862.1697827148473,501,1,4,75.4400956949517
435,3273.020166702277,594,1,6,70.9439038973038
436,3044.345869464887,559,1,5,65.75573000979674
437,2634.6288958740292,479,1,5,60.73249722578538
438,2829.203316383369,481,1,5,57.70821764154422
439,3391.105286254892,663,1,8,35.251836512925706
440,2698.3798895263685,443,1,4,71.35876323504257
441,2769.16261199952,633,1,2,74.17780733311982
442,3167.359284057621,743,1,8,36.018151597484916
443,3038.597997930057,623,1,8,55.77270966174077
444,2563.7693395996134,393,1,3,90.53023301814714
445,2538.96025054932,446,1,4,71.04716692379402
446,2903.5054370117246,514,1,5,74.68660299113138
447,2757.0537573242227,463,1,3,54.87315313764391
448,2451.92488941193,383,1,2,74.26510604910372
449,3283.558231296549,633,1,7,89.73625347982487
450,2517.3066961669947,368,1,1,73.37894134283515
451,2453.5952854537995,348,1,1,85.69608800457287
452,2557.153369140628,380,1,2,92.2046540336564
453,2749.0451715469408,450,1,4,75.19764078056977
454,2474.9299291610732,325,1,1,61.708954346788886
455,2983.5580786132864,433,1,4,77.64374444137499
456,3289.676052589426,614,1,10,71.49580913798802
457,2984.2060792541556,562,1,5,59.78567783773061
458,2602.176398925786,391,1,2,55.049430403945465
459,2852.293743286136,477,1,5,84.0598787667979
460,2665.4239269256627,450,1,4,49.26466571037753
461,2874.9496362304753,482,1,5,37.19600692288289
462,3139.0768164062574,613,1,7,54.40738878200105
463,2792.262500000005,385,1,2,76.88339807964032
464,3028.6759658765845,484,1,5,53.798507124774076
465,3051.078554687505,532,1,6,47.54958942895941
466,2924.6275567627035,642,1,7,47.132962826008765
467,2748.0874700927775,423,1,4,44.46942555783418
468,4103.64498046878,1548,1,25,49.25776332700036
469,2568.5775314331104,435,1,3,52.53829282398127
470,3591.9801434326364,1196,1,19,54.01804478869078
471,3031.6164871978813,466,1,5,88.22483892354904
472,2786.720015869146,487,1,6,47.18801161431421
473,2698.3991619682333,372,1,2,60.590368245830646
474,2603.0272265625035,389,1,2,60.38498720821647
475,2736.3270542144833,435,1,3,60.227009333859534
476,2821.9391747284017,466,1,3,69.62292097056255
477,2612.0852563476583,422,1,2,58.33642771183342
478,2671.0851953125043,447,1,4,54.35017343869961
479,2582.8128966236177,418,1,3,52.75274195004237
480,2505.923345284465,351,1,3,54.49666072819259
481,2965.3331339263973,473,1,5,73.40129973572341
482,2685.9778955078164,462,1,5,54.256381433005984
483,2558.0368310546905,402,1,4,40.723976197929346
484,2926.688085937508,545,1,6,80.05808251316938
485,3289.242029972082,594,1,6,74.46777495090092
486,2660.4350122070364,477,1,5,46.04026119180986
487,2789.6573272705114,515,1,4,74.59703861338302
488,2611.6941113567364,367,1,2,37.26195451013247
489,2595.17632762909,399,1,2,92.73819136
490,2740.5717238044776,427,1,3,70.0804750380366
491,2707.8103485298216,444,1,4,85.15892662207284
492,2496.797984848026,362,1,2,70.77604286331938
493,3276.779755020151,610,1,8,74.42813241531029
494,2553.4003472900426,407,1,3,66.34407326079976
495,3223.682882919318,558,1,6,61.66336620655715
496,2610.3705541992226,413,1,4,46.3354246202611
497,2937.609792175298,538,1,6,57.880238032923046
498,2501.2072361946134,370,1,3,76.01877483902456
499,2947.6783563065574,506,1,8,52.464178658643554
500,2438.553489074708,392,1,2,80.57178824703537
501,2844.5456385421803,466,1,5,51.67475269058136
502,2702.9153812789964,378,1,3,71.54994441035612
503,3394.194424438484,685,1,8,57.35831120468413
504,3143.6758311081003,541,1,6,79.2531441151485
505,2625.296519279484,410,1,3,57.25526157519608
506,2447.333121948246,436,1,4,64.30866289601468
507,2532.4448021316553,373,1,2,72.82096724606964
508,3047.1110766601623,604,1,6,52.30492030600665
509,2685.606456604007,418,1,2,75.95576202124442
510,3137.0803643035947,616,1,6,62.0692015962861
511,2773.7053992652945,388,1,3,74.01611837163827
512,2718.7188256835966,462,1,4,61.38838720019028
513,3229.344679374702,624,1,8,70.23731507383764
514,3141.7099908351956,555,1,7,62.68328030222376
515,2916.523685503012,545,1,7,37.850163404084746
516,2854.245330200201,522,1,6,47.31729560818164
517,2506.3281319427524,416,1,4,73.18177836426962
518,2671.5267965316802,505,1,5,65.04878300163463
519,3215.3798954010053,645,1,8,65.02265373234248
520,3445.887092022904,591,1,6,83.22086384781554
521,3022.232338142401,520,1,5,95.0
522,2898.719882202152,415,1,3,68.71447285875269
523,2782.6980078125034,463,1,3,71.76188237964712
524,2731.128496780398,403,1,4,61.68671641033206
525,2923.5832366037407,586,1,5,56.835899975402576
526,2613.732367422585,418,1,3,39.56043962384612
527,2823.9633823776308,493,1,4,57.864156251757336
528,2861.310379638676,423,1,3,94.24
529,3489.24171875001,611,1,8,77.80358977368941
530,2801.806421508794,418,1,3,76.18275379473418
531,2782.1941730117837,472,1,5,59.57373251744722
532,2508.123454627995,402,1,3,83.0433831809114
533,2769.603769531253,403,1,3,72.24221078032065
534,2722.6251481628437,417,1,4,73.0130535294138
535,2724.894894905097,449,1,4,44.63456485265728
536,2500.37265651703,436,1,2,71.38427397841555
537,3210.6969554138223,554,1,6,73.0671530041563
538,2594.9403362464977,504,1,4,60.095440613528076
539,2964.4944934082073,554,1,9,84.25603844477902
540,3209.103264350894,699,1,6,85.00217594198884
541,2463.689430408481,351,1,2,72.54787523493623
542,2635.641198730474,465,1,3,83.13905706227497
543,2560.5403996658356,499,1,3,71.0204249404833
544,2962.8080281448433,539,1,6,61.650496143136664
545,2993.255129680641,557,1,8,61.80938106384023
546,3041.3349090576216,625,1,7,67.68910727280192
547,3261.719684391028,481,1,4,71.12951386488066
548,3033.8728747558653,694,1,7,85.37488878847212
549,3210.1872391128622,573,1,8,64.91798617773367
550,3112.393041553502,548,1,6,51.58237243926238
551,2625.249573783879,426,1,5,52.408645778590994
552,3299.283299560554,599,1,7,84.78907279569945
553,2614.2524421787307,402,1,4,43.30586985327077
554,2628.851436996464,380,1,2,77.76958852791309
555,2972.384982414252,449,1,3,76.08278303601905
556,3165.4169251728135,551,1,5,69.92743158907358
557,2879.2601687240676,486,1,6,61.430577148458404
558,2833.9226037979165,450,1,4,75.34846432797019
559,3467.9460943603613,668,1,8,83.53735168682759
560,2953.037745170597,486,1,5,87.72026922168948
561,2715.292269287114,427,1,5,87.20402527403284
562,2535.018690948489,341,1,2,85.04862811461112
563,2812.054085102086,433,1,3,79.99231695571152
564,2516.569579253198,332,1,2,88.09505605503517
565,2562.260214843753,348,1,1,80.16677435445848
566,2975.8541180419984,521,1,5,66.73358388833934
567,2831.247253417973,455,1,4,75.87038543072721
568,2941.699285736089,533,1,8,61.46860269822884
569,2926.4470727539124,522,1,6,73.27197296437767
570,3219.364007568365,560,1,6,82.09008469986786
571,3492.6625878906366,657,1,6,75.2012128400672
572,2966.9974564170866,547,1,6,65.28776074742464
573,3242.2846714162883,708,1,7,82.19726667051572
574,2603.05880420685,406,1,2,75.25397818980264
575,2854.652497501379,494,1,4,57.637564234606394
576,2934.7124121666,525,1,5,72.37339863401296
577,2598.3876181602486,355,1,1,78.26793473067836
578,2911.534917945864,479,1,3,83.9602381321733
579,2704.547133598332,417,1,3,80.70715566166878
580,2403.5043014144912,347,1,2,62.53788463612325
581,2989.6464850616508,569,1,6,68.12533987625169
582,2663.0935870361586,1519,1,4,83.13203835183519
583,2562.985835990914,607,1,1,59.01503792740795
584,3245.4203225517326,553,1,6,65.15122639320838
585,2779.8239349556006,459,1,6,65.15122639320838
586,2733.4901768112263,588,1,4,68.26601812369493
587,2448.4353495025666,368,1,3,89.48636101574223
588,2530.4410913467445,440,1,4,95.0
589,3081.9843556308797,528,1,5,77.17417147916733
590,2989.139814701086,513,1,6,56.72728182283296
591,2740.4842816162145,421,1,3,93.05315139837639
592,2995.959668006905,683,1,5,65.1004161100292
593,2742.126406555178,421,1,4,39.829673829964015
594,2433.464158096318,343,1,2,80.93419536256869
595,2728.2286349105884,466,1,2,81.78966359867296
596,2564.7153576087962,509,1,3,71.2782328462261
597,2876.8277892494284,728,1,5,78.7255161725107
598,2800.888445816054,997,1,7,58.263766467360796
599,2495.978844928746,400,1,2,70.46241035814569
600,2716.880994625095,444,1,4,56.43362397608683
601,3087.908686523445,676,1,5,73.78050699971408
602,2900.478555984502,569,1,6,60.04667689544843
603,2863.546007862095,493,1,5,73.04993926149513
604,3010.1380555915857,586,1,5,61.93332087843041
605,2876.0925691986104,468,1,5,74.4182564041459
606,2770.092629394533,537,1,4,74.72984972686989
607,2686.65272329331,456,1,4,94.35555314550658
608,2643.545533142095,537,1,3,57.43728543629923
609,3685.560362281805,693,1,10,68.32369955037052
610,2586.0530574035674,454,1,3,74.97723569253536
611,2692.7564331054696,460,1,3,90.29394082133481
612,2580.1374737930355,504,1,2,60.23432359454843
613,3133.582754468921,535,1,5,78.42602271738527
614,3147.51762413026,663,1,7,94.5745298217657
615,2940.0018249130308,552,1,5,65.15122639320838
616,2934.611281127933,539,1,4,67.69270211421065
617,2635.2630468750067,543,1,4,59.367863207162536
618,2791.6860761881226,2315,1,4,39.95705057897109
619,2700.435878906256,647,1,4,69.93022556412541
620,2698.937172851565,532,1,3,70.51838790142651
621,2479.71603185654,499,1,4,59.926656676571376
622,2980.6432257461565,541,1,4,57.09014162934599
623,2913.613580694206,673,1,6,39.62581113542453
624,3084.8260081196163,2468,1,7,32.80274461605139
625,2707.393661689759,515,1,5,76.61057837751522
626,2751.0697642135638,641,1,5,0.0
627,3313.7179045105054,658,1,7,54.852811980489136
628,3235.3660605430655,745,1,6,51.79486696137435
629,2852.5987254428883,481,1,5,38.096089981635686
630,2891.588364181531,822,1,6,48.22413858201685
631,2844.7125380516095,600,1,6,87.49944253591724
632,2606.0863513040563,581,1,4,43.142861331077384
633,2922.484669227605,474,1,4,95.0
634,2542.818982849123,592,1,1,67.79937877797856
635,2574.0958090782187,410,1,4,53.41527142156118
636,1849.279296875039,2500,0,3,0.0
637,2843.4570734214803,559,1,5,59.757612393863056
638,2705.4194371414233,459,1,3,63.72192761660645
639,2900.589334983828,604,1,5,59.938049511188794
640,2832.4939011192373,497,1,5,84.81068967167637
641,2658.215369834903,468,1,3,86.79911115792436
642,3077.8150907516565,640,1,7,68.26601812369493
643,2571.343937664038,481,1,2,65.15814475411432
644,2597.263527679445,400,1,3,71.97399186041399
645,3157.1258930206345,525,1,5,77.21373223463954
646,2808.6202259445217,613,1,2,59.161633231906315
647,2730.601425342567,576,1,4,56.35689881450143
648,2531.8739920616167,495,1,3,61.676553063538236
649,2455.2112543869052,381,1,2,56.119847228254045
650,3019.082835044871,503,1,5,58.51313219325541
651,2778.968628692631,520,1,5,58.761393233429565
652,2423.197621917731,430,1,3,58.936110947162355
653,2646.881532592777,429,1,4,73.51254788945424
654,2661.3596771240273,455,1,3,72.29892312891732
655,2830.5156820678735,413,1,2,71.84773690434776
656,2439.6931703186074,467,1,3,56.27706291059322
657,2800.506255493167,552,1,3,74.68217454156003
658,3032.774851722724,559,1,5,69.92414973002172
659,2696.107019176487,438,1,4,57.32217856533948
660,2360.7177124023888,2500,0,5,0.0
661,2628.16563438416,558,1,4,41.04729437070641
662,2544.285927257542,432,1,3,85.44107943839592
663,2833.4841336727195,535,1,4,68.73393174303928
664,2674.9881761932406,483,1,3,89.84808096412195
665,3483.5929391479617,597,1,9,78.48147182091671
666,2611.2058978271543,489,1,3,59.33981477021753
667,3200.6048868751577,492,1,4,58.90572014605097
668,3120.380604209903,528,1,6,55.47700043714047
669,2462.743586425787,396,1,2,86.2438155643474
670,2592.578324966434,391,1,2,56.083701885962014
671,2558.973409118683,1878,1,2,56.26869291457963
672,2607.955789470675,450,1,3,56.69404147991557
673,2458.081030006411,444,1,2,80.38028834804005
674,2441.7657270240807,356,1,3,54.90248875581149
675,3111.865160455709,538,1,5,83.23063829749725
676,2744.746758499148,473,1,5,0.0
677,2838.2518246173913,485,1,5,55.335395611107806
678,2723.8745092773493,583,1,4,86.695589012425
679,2805.414226856237,533,1,4,61.44065636395328
680,2540.7645639038114,417,1,3,74.22579707259142
681,3047.3477855682386,535,1,6,35.93924153884136
682,2523.760347099308,339,1,2,35.87515230141003
683,2822.836767578133,470,1,4,80.05866482853668
684,2727.525366592411,555,1,3,75.53456921536956
685,3156.135239162452,528,1,4,86.03109078405616
686,2810.3807745266013,511,1,4,80.94486941221376
687,2596.046520423896,450,1,4,63.65995933045216
688,2853.690476274495,440,1,3,73.1211366354658
689,2647.2253026580843,432,1,3,73.09852813975773
690,2865.7474726581613,518,1,4,57.56458815034255
691,2745.025430755618,501,1,4,68.88892550481806
692,2540.7370712661764,373,1,1,82.94190673000229
693,2648.8122432327345,522,1,3,72.67445134604476
694,2740.112007637029,419,1,3,56.438561334663056
695,2443.456623687747,383,1,2,73.3770848220015
696,2636.38219497681,426,1,2,59.74120990697541
697,2926.7286673927365,508,1,5,58.509375904514805
698,2716.837427349094,454,1,3,55.90945380102366
699,3147.3102622270626,555,1,6,76.65193701084098
700,2666.6937671947558,526,1,5,77.69978167150518
701,2801.6931495428157,475,1,5,79.97819835011695
702,3398.697786445622,649,1,8,58.10062780154176
703,3287.421725463875,745,1,8,69.81959983303237
704,2567.4618467712457,543,1,3,63.98953896232226
705,2812.5736059570345,473,1,4,70.16558281378597
706,2747.010691986091,432,1,3,46.971213415851246
707,2528.5329122543385,380,1,2,69.3190363701722
708,2861.155847167973,445,1,4,52.34135135412179
709,2659.4343518829382,377,1,2,58.396684627507014
710,2856.324926643382,511,1,6,73.18923723381151
711,2835.2292353248613,402,1,3,75.20605058365373
712,2695.2625766944934,479,1,5,54.93898790294916
713,2642.5360395050066,397,1,3,59.03463629677878
714,2634.654747262006,413,1,4,55.7218082187382
715,2959.360888671883,490,1,4,95.0
716,2567.203851776124,446,1,5,87.63093097912568
717,2596.99601362229,431,1,3,95.0
718,2769.581097526554,444,1,5,71.75983951611295
719,2885.526293334966,437,1,4,79.71834292365845
720,2850.8630826473272,465,1,4,66.02301136981743
721,3123.912626390465,496,1,5,39.67145165321874
722,2784.1253307342567,505,1,3,78.58644877714079
723,2773.7810268402172,590,1,4,76.80457877799546
724,2852.9771972656304,470,1,3,81.09319417207193
725,2662.449525756839,404,1,2,75.40349343848712
726,3748.203700218212,742,1,10,58.15581381136124
727,2904.8348572158843,448,1,4,78.54702011778109
728,2769.2620532226592,464,1,3,82.55229012173754
729,2448.300438537599,353,1,2,79.87215220817635
730,2612.461006164556,380,1,2,72.46444021940266
731,2650.12336088181,462,1,5,58.25114373466306
732,3169.4444906997755,561,1,9,75.99868973735447
733,3709.035798835762,685,1,8,64.44128398798385
734,2687.46945560456,456,1,3,61.856534801348346
735,2575.879206542971,371,1,3,56.85124532298915
736,2694.0392545235177,429,1,4,57.65696815876058
737,2701.050791044239,449,1,3,71.46199218032673
738,2758.018797893531,384,1,3,56.59903472779826
739,2918.281088848119,449,1,5,58.25114373466306
740,2739.721462516789,376,1,3,71.77467544464436
741,2626.2470061492954,374,1,1,73.18320001785533
742,2859.744442615516,447,1,5,91.23599654506431
743,2825.9160083007846,439,1,5,56.65455225001686
744,2759.307272949224,433,1,5,48.99296804115598
745,2460.9817709159897,389,1,4,58.25114373466306
746,2856.846742210392,417,1,4,83.96752088527404
747,2540.1455097103167,443,1,4,60.093443931167634
748,2743.352668457035,411,1,4,57.47862056550512
749,2511.6961474609434,414,1,2,90.05655501579756
750,2491.42525497437,347,1,2,56.388314495835864
751,2687.3925185394323,389,1,2,70.22263684266542
752,2754.497051544196,389,1,3,89.08452681346665
753,2668.85337279797,382,1,3,56.307544796523516
754,2697.5384046363856,386,1,3,58.86633974274932
755,2455.139509563449,341,1,3,67.75197401738025
756,2757.4455779457126,428,1,3,57.63917739215935
757,2675.83487770081,409,1,4,58.15347940535121
758,2845.485587558752,457,1,4,56.11857233610204
759,2939.633105964668,504,1,6,69.63600653299103
760,2407.9843554687536,349,1,3,0.0
761,2660.2563402557425,413,1,5,63.42998355615117
762,2687.036013031009,420,1,3,55.0082775582032
763,2579.0987155151447,444,1,5,54.746398103272156
764,2627.065773010259,335,1,1,89.80599115400196
765,2587.7592868042025,349,1,3,73.82343571760367
766,2865.671085815433,411,1,4,81.38636595241898
767,2891.293567695624,443,1,5,64.58152273610203
768,2934.2504467773497,426,1,4,73.75906297896798
769,2581.679616403585,360,1,4,59.715195877841595
770,2724.3986542892467,399,1,3,71.07212626609605
771,2760.3379457092324,412,1,5,0.0
772,2526.3162363815345,376,1,3,78.27197796590197
773,2506.3121167755185,327,1,1,79.97173929157167
774,2586.838721885685,338,1,2,70.93759756222552
775,2714.049288558964,415,1,2,77.3866144108398
776,2930.921849431997,383,1,4,75.52346207037061
777,2629.790106391912,360,1,3,64.58152273610203
778,2815.6866696929974,422,1,3,84.8563304916273
779,2809.588510971071,416,1,4,55.66314081799623
780,2528.859853935248,395,1,2,66.41973879219114
781,2516.957214965821,358,1,2,90.53023301814714
782,2459.122575378422,310,1,2,87.6591459494988
783,2566.818526420599,382,1,4,56.382810853543646
784,2677.878599967963,463,1,3,69.37530944441548
785,2509.9836610794123,355,1,3,64.58152273610203
786,2815.157177314765,412,1,4,58.81670607186681
787,2967.1403732395206,417,1,4,58.36028174890982
788,2727.779713974011,562,1,4,69.68345582212162
789,2864.4478687286437,390,1,5,0.0
790,2988.9791001892154,452,1,5,61.230494431658826
791,2540.437868022921,370,1,4,58.32708176980977
792,2766.3156999969524,403,1,2,62.6813119923195
793,2622.02493515015,355,1,3,77.18215592039112
794,2631.2397333145177,325,1,2,67.80095638981034
795,2999.405679550176,433,1,4,93.32408568699626
796,2639.130218238833,344,1,1,54.73213302872261
797,2424.3975416851067,314,1,2,58.33518106090458
798,2506.927318763736,330,1,2,58.00121539384247
799,2508.389500427251,325,1,2,85.37183301814713
800,3177.802411079416,585,1,7,66.91091607766435
801,2467.161840553288,419,1,5,61.39312645226817
802,2549.654826049807,326,1,2,85.07481822145347
803,2867.0184085083065,424,1,4,56.40605954285154
804,2521.1631535339393,346,1,3,56.2870715445568
805,3165.961670093541,476,1,6,61.62643049666039
806,2424.243679819108,292,1,1,76.41345269978247
807,2684.491872863769,346,1,2,65.5475234357336
808,2698.757497558599,417,1,3,89.60709964508963
809,2802.0627422332805,365,1,3,69.29711750779614
810,2623.378297615053,360,1,2,74.46723807371797
811,3624.034908638015,567,1,8,64.58152273610203
812,2502.3116033649458,347,1,2,73.49769442718164
813,2605.1267445755025,309,1,1,84.64759115400196
814,2476.9498294448877,327,1,2,71.14509169581345
815,2983.961833963404,542,1,5,72.08415385797906
816,2637.431579437261,383,1,4,61.30500130598215
817,2443.3657048797627,282,1,1,94.24
818,3030.8695276451153,434,1,4,91.88090748462015
819,2694.060254955297,390,1,4,61.62643049666039
820,2482.297331352235,309,1,2,56.95543216714464
821,2608.807071609501,424,1,3,65.84120123751354
822,2432.6766441154496,321,1,2,84.92030228289858
823,2691.711759376528,390,1,3,75.83534434636245
824,2646.1288888740573,391,1,3,73.71327464797464
825,2818.1160442733785,393,1,3,44.82897236893205
826,2458.876795272829,331,1,2,81.90433894226292
827,2711.2687762069736,401,1,5,0.0
828,2779.0256808090276,436,1,6,58.20331474821147
829,2608.274482078555,354,1,2,79.96355623319917
830,2777.052706594473,429,1,4,81.83295413043722
831,3285.079967746742,507,1,5,71.44803140773735
832,2678.0248352432295,363,1,3,55.67683562242756
833,2727.996483573918,417,1,4,53.013305932284254
834,2684.2193389892673,350,1,4,41.224316919884025
835,2886.978346767428,413,1,4,81.24689382204735
836,3356.4787066269014,521,1,7,95.0
837,2826.7180448532145,425,1,5,51.30761610491245
838,4205.74997934343,643,1,10,89.67185557949696
839,2579.3142123413113,314,1,2,86.95760397348789
840,3840.2734514236604,650,1,10,87.57979136
841,2894.6114332103803,468,1,6,42.91501314591985
842,4895.8817044448815,844,1,16,61.58102431048547
843,3108.510363159188,502,1,6,75.03158517224773
844,3096.5601527404824,459,1,4,76.44215586510586
845,2487.6969429969827,360,1,2,42.76216018158504
846,2758.7893478393603,530,1,5,60.041933606014524
847,2827.125106811532,420,1,5,56.18627593930204
848,2822.8829179763875,570,1,6,58.3295414678448
849,2606.682403783802,416,1,4,24.71237863922696
850,2821.8278086853093,404,1,4,44.89484028854441
851,2817.0623917007515,413,1,4,74.48746027293282
852,2462.841030387882,391,1,4,76.66043295204176
853,3435.528880424513,579,1,8,58.3295414678448
854,2849.1332226562563,441,1,4,75.31961859170362
855,2412.3924871444756,490,1,3,66.1706510163158
856,2738.0787610244774,379,1,3,82.67791395222278
857,2674.171977920535,384,1,2,78.02436660231169
858,2526.7462066650414,385,1,2,80.16529804393922
859,3334.2826460266165,518,1,7,61.702341467844796
860,3495.9261993408336,615,1,8,74.06245295424984
861,4871.43432847977,879,1,14,47.8667727585108
862,2791.127716293342,693,1,4,46.00849503222693
863,2938.460636863716,427,1,5,61.26247167690204
864,2552.242759628299,424,1,4,59.76943103975008
865,2534.781060295107,361,1,2,76.15394592183962
866,3026.126909866341,468,1,5,63.744061929379455
867,2859.9255432510404,408,1,3,75.99969771410332
868,2907.7512302017262,472,1,6,61.289024085375644
869,2454.422012901312,325,1,2,52.704505136102036
870,2731.563791418081,415,1,4,64.71913671103027
871,2833.337500114447,414,1,4,95.0
872,2680.9950520324746,376,1,3,67.9280675708366
873,3513.2833869934184,595,1,8,72.73300891547804
874,4674.010130958569,901,1,15,58.26115718674232
875,3344.3636714172453,514,1,7,70.94821350072345
876,2721.144997901921,359,1,2,74.85090991364879
877,2451.728508300783,314,1,2,86.1048269504769
878,2755.8874290847807,368,1,3,82.54609830056668
879,2957.849957046513,412,1,5,61.23570513610204
880,2837.709254989625,372,1,3,74.26810744551047
881,3459.5657524871926,556,1,7,57.80825231780122
882,2456.4984356307996,353,1,2,72.94399596659306
883,2579.411577529911,329,1,2,95.0
884,2408.9675390625016,308,1,1,73.80499707267671
885,2861.036324882512,390,1,4,69.89494313193529
886,2934.762723312388,452,1,4,54.671842893762204
887,3043.172855815901,582,1,6,54.93898790294916
888,2720.233540306094,377,1,3,58.88477002334697
889,2725.438500862126,381,1,3,57.81350395793086
890,2709.0121442413406,377,1,4,76.27844656248138
891,2526.7769869613676,301,1,1,57.31239713005573
892,2749.309462280279,409,1,4,79.48450237747359
893,2492.4927249145553,379,1,2,90.53023301814714
894,2668.4442680358943,420,1,4,75.85690082237298
895,2882.0534568023786,609,1,4,72.36842300727363
896,2475.71382915497,309,1,2,44.72777169525016
897,2924.771497020726,407,1,4,72.45410983289095
898,2700.0227467918417,368,1,3,74.35995087191637
899,2653.060551757816,349,1,3,83.05284312184945
900,2449.051148531438,312,1,1,74.92151998733851
901,2829.6158437681256,399,1,4,39.566419173288004
902,2713.240479373936,385,1,4,73.8743009777947
903,2473.012590179447,297,1,1,71.25813369108188
904,2594.4694958496125,341,1,3,77.69141762735526
905,2798.0555421516365,370,1,3,67.56586696297114
906,2833.695443382268,433,1,5,76.13267043810855
907,2672.188333511356,350,1,2,76.84449718021472
908,2818.114973087316,359,1,3,74.10302443005968
909,2622.0086380386388,343,1,3,67.73911154017388
910,2507.639738006595,354,1,3,85.6349559436027
911,2738.640165367132,383,1,4,53.1711414678448
912,2616.9796621322685,360,1,3,74.58917129270532
913,2680.18306852341,362,1,2,64.93219196191961
914,2976.2011450195396,478,1,6,78.1211773571117
915,2680.8712928772015,370,1,3,71.30231546834136
916,2911.621383962636,407,1,3,85.6349559436027
917,2738.852963066105,410,1,3,57.37644976562252
918,2692.65482534409,413,1,4,53.1711414678448
919,2637.476728200916,365,1,4,85.6349559436027
920,2601.2546324157784,363,1,3,79.77942454678026
921,2919.1463513183676,426,1,3,78.44129294410762
922,2785.8151910018946,389,1,4,68.2146695462917
923,2529.806666679386,359,1,3,61.702341467844796
924,2452.6776200485247,334,1,1,61.21821172931756
925,2630.7881819152863,393,1,5,61.55804621555791
926,3987.5741650390755,646,1,12,79.8899958207454
927,4538.279381742497,708,1,14,51.776098789385955
928,2642.969400634769,453,1,4,61.46426575918991
929,2558.0282269287127,346,1,2,83.57796270549294
930,2513.51170227051,324,1,1,82.78839510788985
931,2822.852031879432,421,1,4,51.744331747124214
932,3051.3589638710087,445,1,5,56.525665202876304
933,2476.9831042099045,371,1,4,58.35662301513914
934,2588.586191940313,320,1,2,71.21384626141159
935,2398.6914939880403,320,1,2,59.39579866115002
936,2457.7049717330992,318,1,3,58.3295414678448
937,2708.47611789704,395,1,4,37.70673338846057
938,2470.6160916686094,330,1,2,41.66171299070218
939,3096.2163591003464,442,1,5,83.67376743295263
940,2805.734857902531,377,1,3,71.5620553803203
941,3283.7702099609546,621,1,7,49.794886786753416
942,2898.0440795898503,450,1,5,52.66939589295456
943,2894.4348204803546,444,1,6,69.55998028897334
944,2604.717345466618,358,1,3,73.40322934578424
945,2648.9853099823035,365,1,4,74.69308764868532
946,2623.2533515548735,392,1,3,76.98249637726416
947,2438.6427961254158,368,1,3,42.91501314591985
948,2716.35023363114,391,1,4,89.96897920728699
949,2414.979243965152,329,1,0,76.47483646179474
950,2978.70524631501,442,1,5,71.0198435145982
951,3043.192262191775,519,1,5,77.98226621310152
952,2585.6291881942757,323,1,2,79.38133490982655
953,2604.4473782348673,361,1,3,89.75154050342925
954,2646.7483773422287,344,1,2,75.66405704911776
955,2679.9019570922906,342,1,2,89.7254637198947
956,2598.5328551483203,339,1,2,56.79861498791249
957,2583.92889367104,377,1,4,49.878642817118404
958,2572.7724084091233,404,1,4,78.72482547075757
959,2501.9364867591894,318,1,2,69.71643333621928
960,2524.8705163192785,379,1,3,61.702341467844796
961,2509.9698780441327,308,1,2,78.27598832871327
962,2511.5789094543516,422,1,3,54.81295306795077
963,2719.205610275273,420,1,4,63.70697130357893
964,2889.485616149908,373,1,3,81.9131336005727
965,2561.5727547454867,341,1,2,77.72264498802951
966,2460.767895622257,324,1,2,61.702341467844796
967,3020.6378427887057,473,1,4,50.501239824796066
968,2636.043702201848,386,1,4,58.3295414678448
969,2951.3390040588447,444,1,5,59.25214776399097
970,2693.724158706672,448,1,4,78.59493567208054
971,2428.846226997379,319,1,1,51.20803951386133
972,2591.0868415451073,352,1,2,61.46426575918991
973,2603.1864648437563,327,1,2,69.71391374836875
974,2663.7322105026287,402,1,4,61.46900918049427
975,2472.2748282623306,364,1,3,89.83747096531535
976,2750.418185920721,359,1,3,75.33346906864969
977,2674.6330345916804,341,1,2,86.32885124685839
978,2842.0221600151135,462,1,4,48.721027219603016
979,2874.095711193093,502,1,3,50.01867656300192
980,2787.1824187088077,401,1,4,78.42330133291432
981,2458.0640293121355,340,1,2,78.4081015318088
982,2597.1305851364214,438,1,3,80.08420172286263
983,2478.42671413422,305,1,2,80.4889329898073
984,2527.69859493256,351,1,3,61.58102431048547
985,2797.529660954481,388,1,4,78.69085776793266
986,2482.9180933380167,348,1,2,84.89783261998818
987,2704.383181228642,383,1,4,84.89783261998818
988,2471.153399467472,360,1,3,58.3295414678448
989,2583.3330054473936,344,1,2,84.89783261998818
990,2738.79936775208,358,1,2,84.89783261998818
991,2439.4775969314587,346,1,2,81.65994642605175
992,2605.615593338017,315,1,2,84.89783261998818
993,2799.3277836608936,411,1,5,39.17995685212807
994,2648.6232586479223,367,1,3,60.55147122926318
995,2476.932356948858,369,1,3,37.75594032431163
996,2673.3939439201404,363,1,3,37.482072132976086
997,2650.9530371093824,378,1,4,57.35467599569974
998,2733.4832950973546,398,1,4,58.3295414678448
999,2689.023831481938,359,1,3,90.27472623556444
1000,2656.7367297554097,433,1,3,67.88649939864007
1001,2547.6120429992716,345,1,3,47.914266279004984
1002,2871.3274957275444,437,1,4,60.5171827171003
1003,2502.357630310061,327,1,2,61.167867929248374
1004,4311.682169551865,749,1,13,56.36745529173214
1005,2461.1774268150366,335,1,1,66.38046406720221
1006,2574.6919242668214,416,1,5,58.46231207561639
1007,2423.0694403553052,323,1,2,41.439550433461996
1008,3027.7900070381233,489,1,5,49.65290111679326
1009,2710.422203178414,554,1,5,58.3295414678448
1010,2899.9145594787733,644,1,5,71.15530538875396
1011,3840.6062019348283,830,1,10,57.62651557692718
1012,4322.541288909923,987,1,17,94.37406252186877
1013,2881.2957166290316,397,1,3,62.79872892894231
1014,2473.9328613662756,503,1,2,76.77164509684154
1015,2471.057890052799,334,1,2,94.24
1016,2545.684540634159,376,1,3,58.01099801595852
1017,2629.2311223983797,355,1,2,75.91239692009016
1018,2720.6753570938176,548,1,4,61.41922282250436
1019,2516.2624605751107,502,1,5,58.25363049666039
1020,2630.393993873601,364,1,2,76.3821802275431
1021,2687.9096703529394,410,1,4,58.17901729517758
1022,2968.46486621857,462,1,3,75.6181746162978
1023,2724.639489746101,430,1,4,58.25426068017637
1024,2645.49333299876,601,1,3,58.513945184010936
1025,3785.8128636169563,771,1,9,48.45183309639782
1026,2809.5941645813073,579,1,5,47.94293451988402
1027,3055.0098402404865,658,1,6,38.03592063605016
1028,2656.8587742424056,377,1,3,72.99959716201948
1029,2432.9307361793617,624,1,3,83.3796452805454
1030,2784.9024915504533,541,1,3,63.65695650401946
1031,3150.292309951799,1065,1,7,40.61709791423102
1032,3634.7922427368244,794,1,9,71.5987138666685
1033,2644.1705316925136,763,1,6,72.72506364016834
1034,2881.0917089080895,542,1,6,0.0
1035,2414.0692113876376,320,1,0,70.71130331220127
1036,2780.303529396064,503,1,4,54.852716049263506
1037,2558.494478988653,425,1,1,79.36189123718485
1038,2777.158868293768,441,1,4,50.104363350982815
1039,2637.1119287109436,492,1,2,76.50851285103434
1040,2614.113036422734,421,1,2,73.11174583504577
1041,3287.626723289504,800,1,6,87.1641039519094
1042,2602.729295387272,433,1,2,68.48160847961309
1043,3539.787466125496,656,1,9,90.32099270077877
1044,2585.338390655521,369,1,2,92.34885229308777
1045,2465.150338134773,537,1,1,89.78737379692878
1046,2543.2254578781176,349,1,1,72.92484760042394
1047,2517.804435577396,348,1,2,38.03592063605016
1048,2694.9151318359422,421,1,4,85.78942066781116
1049,2509.3481584739743,374,1,2,57.38702940162383
1050,2635.2586547088686,1024,1,2,34.267285929008324
1051,2594.8463426971484,353,1,2,53.409432222533034
1052,3406.348551788339,568,1,8,38.03592063605016
1053,2878.0294519805957,433,1,5,41.012933440450944
1054,2711.8757368469287,428,1,5,38.03592063605016
1055,2613.3577169609116,369,1,3,58.09996706155926
1056,2902.4617722702096,429,1,5,71.76642113798893
1057,2694.914298782351,397,1,3,0.0
1058,2415.494097480776,247,1,0,95.0
1059,3516.9050854873763,629,1,7,94.24
1060,3153.0625627899244,503,1,4,93.48608
1061,3846.94237869264,771,1,11,54.70874327538434
1062,3198.1062887382586,574,1,10,58.09996706155926
1063,2930.25819087029,470,1,6,61.316615190236746
1064,2989.6330460834574,486,1,7,58.09996706155926
1065,2687.6076999664356,425,1,5,57.741808663546195
1066,2651.1043262290987,316,1,1,83.4591319168719
1067,2422.7617480468757,329,1,1,68.65315476273429
1068,2514.1177870941183,384,1,3,61.31060232408878
1069,2422.1914347648644,315,1,1,84.51287780034347
1070,2487.399260139468,365,1,2,79.95864920050583
1071,2951.6629563140937,541,1,5,85.04135090106816
1072,2860.492437305456,413,1,3,78.32391491526457
1073,2506.5736500549347,356,1,1,75.69311702665631
1074,2420.2126735305806,492,1,2,55.93772736272911
1075,1856.6067962646778,2500,0,3,0.0
1076,3061.4360805893016,633,1,7,58.03158278045679
1077,2988.051096363075,954,1,6,74.84295750610777
1078,2669.9541128921546,366,1,3,61.736776791585655
1079,2737.685842132573,435,1,2,77.63877861111598
1080,3011.194601211583,1942,1,5,77.34281012299701
1081,2973.9457337188833,786,1,5,76.25389408543063
1082,3089.3772033238474,718,1,6,78.28393766701969
1083,2900.7711965942417,453,1,5,74.37953126530768
1084,2747.984463310242,510,1,3,71.61591646435679
1085,2786.3481793403694,700,1,3,75.75818082347035
1086,2879.3908539772206,1080,1,4,42.118633437145476
1087,2959.064251346592,709,1,4,87.66784413594002
1088,2521.8851319885266,457,1,3,79.54202101172832
1089,2797.714270763402,701,1,4,76.56062154934529
1090,2809.859033927924,502,1,5,77.68548895172451
1091,2405.0874828720116,478,1,1,76.3192850227273
1092,2816.3509726333664,526,1,4,58.61323692020657
1093,2522.8482294845653,476,1,2,74.78689642667332
1094,2403.678864047531,302,1,1,63.289640776984015
1095,2533.049453973772,395,1,2,70.19098226066616
1096,2735.49332931519,386,1,2,85.78006861979895
1097,2562.7897206306484,385,1,3,85.20368508558468
1098,2560.9983803558416,371,1,3,72.66279621993854
1099,2425.342520556453,362,1,2,77.12359560404299
1100,2767.4833927345326,589,1,4,82.1279234221751
1101,2630.9660287475594,442,1,2,81.0537465702521
1102,3246.9333172154443,579,1,6,78.28393766701969
1103,2874.749077167513,433,1,4,73.46987002044462
1104,2658.018985977179,458,1,2,77.5064442012702
1105,2874.6324552536066,495,1,4,42.995957991498656
1106,2871.1528906250055,598,1,4,58.47864133695956
1107,2595.2641809844995,403,1,2,51.66780859068832
1108,2499.933474388125,448,1,2,72.37618466884685
1109,2507.7801220703145,551,1,3,0.0
1110,3883.70095859529,762,1,13,49.30051746459428
1111,2640.365806188588,483,1,3,65.34649841012876
1112,2813.4090201950125,382,1,2,52.70493908122939
1113,2894.9768525695845,412,1,3,38.03592063605016
1114,2563.791203155522,378,1,3,38.03592063605016
1115,2533.148837890631,393,1,2,53.39666550868527
1116,2688.5227929687553,397,1,2,50.70033764149909
1117,2714.094734964374,427,1,3,85.17024405390109
1118,4049.664796218888,742,1,11,63.12626378455237
1119,2720.3762220764197,483,1,4,38.03592063605016
1120,4147.224682159436,779,1,11,38.03592063605016
1121,2754.9127052688677,428,1,4,61.23826297766816
1122,2707.331839447029,461,1,5,44.05360131815774
1123,2561.7613352584885,381,1,2,58.605530768283764
1124,2555.278995780948,366,1,2,51.01945260175463
1125,2568.8476013231334,406,1,4,35.63980024948925
1126,2673.2953214454733,421,1,4,68.28881239386307
1127,2809.8952026367274,585,1,3,95.0
1128,2457.6885739517247,569,1,1,54.09587248494533
1129,3331.335605468758,733,1,6,81.37793296338437
1130,4425.741558322916,1082,1,11,95.0
1131,3042.2293884468127,434,1,4,51.145012933942574
1132,2808.012078075417,621,1,4,51.57898463583898
1133,2563.6982668685964,466,1,2,76.21151812658078
1134,2477.896940097812,417,1,2,68.28881239386307
1135,3479.2586083984465,547,1,7,60.1590068788692
1136,3799.1784183901646,629,1,8,51.56423248127452
1137,2468.2990454101573,373,1,3,47.6409032046874
1138,2505.614602050785,412,1,2,85.69131215297286
1139,2565.512645683293,432,1,2,35.71056450708321
1140,2520.5410885429405,432,1,1,53.10466769845645
1141,2437.5789153862024,336,1,1,55.39646796010757
1142,2800.6168755340605,401,1,3,56.57662137896487
1143,2392.4338281250025,1107,1,0,55.43601765682873
1144,2803.767988567358,411,1,3,82.10841845687862
1145,2754.8162140655563,441,1,2,54.90010356084033
1146,2437.930579633715,314,1,1,39.48184338969218
1147,2744.9055571842246,531,1,3,57.40650535663242
1148,2712.474264984134,346,1,2,88.32767999999999
1149,2451.6278247070327,329,1,1,71.08543684237614
1150,2455.7897397041343,2035,1,1,55.08088612029776
1151,2789.888955078132,412,1,4,55.11669351605189
1152,2943.675996093757,431,1,4,47.19237439453741
1153,2416.2869495391874,310,1,0,70.63959731811654
1154,2514.407447566986,388,1,1,77.14111072092192
1155,2979.2173021125864,461,1,6,58.09996706155926
1156,2831.481611328131,391,1,3,57.879062727961816
1157,2598.399453125002,442,1,3,53.62713739786659
1158,2379.1565007972745,1221,1,1,56.68744934041495
1159,2837.2802396679026,623,1,4,51.25944660749714
1160,2640.472285885817,734,1,3,53.41526213495779
1161,2478.3018131923704,319,1,1,51.51478080931335
1162,2394.7031522750885,1200,1,0,56.715753367787606
1163,2513.5308267974874,338,1,1,55.55693688424126
1164,2416.7154683685326,337,1,1,60.29794340909556
1165,2855.121242675787,387,1,4,56.10807883639157
1166,2909.0797370147734,434,1,3,55.993717189599394
1167,2855.096321945195,381,1,3,63.12626378455237
1168,2518.6357269287123,500,1,2,57.194768935708254
1169,4104.658274765027,709,1,11,58.21391164328458
1170,8689.523398437419,1713,1,36,84.39980288694888
1171,2593.9592697811154,489,1,4,44.092612284454056
1172,2570.2903222656287,357,1,2,83.20708139239638
1173,2676.491636962894,389,1,2,58.25696983263527
1174,2996.3998730468825,516,1,5,54.82406229048167
1175,2408.7828845500953,320,1,0,49.88710905734732
1176,2695.2767526435914,461,1,5,58.531813125129645
1177,2768.023364372255,404,1,3,56.635903128886746
1178,2499.4694304847735,478,1,2,58.048559967923474
1179,2692.855580224993,1138,1,2,73.70334513022688
1180,2584.7859941482584,490,1,5,54.31983284366854
1181,2662.0788266944933,416,1,3,57.90426679201292
1182,2530.1312719726607,348,1,3,50.72427155383441
1183,2889.349743652348,425,1,5,0.0
1184,2790.001259040839,445,1,4,56.17552661255692
1185,2721.857384300234,375,1,3,64.5202000128214
1186,3391.6160496521074,616,1,7,71.31757311345572
1187,2678.265066490176,357,1,3,57.44944377238404
1188,2464.476789550783,471,1,3,57.4557649107845
1189,2433.392911186221,328,1,1,60.93959604573849
1190,2773.764919624333,482,1,2,78.55758349131261
1191,2651.5147949218785,345,1,2,73.458114041922
1192,2797.52566837311,358,1,2,51.01285905277496
1193,2455.8281214714075,295,1,1,62.98428381073385
1194,2637.0521114349417,340,1,2,78.58386866345418
1195,3231.7103059387277,482,1,5,59.272223721197435
1196,2940.2688365554854,447,1,3,50.15704524339247
1197,2731.628495941166,492,1,3,58.94600611099506
1198,2533.697276229863,359,1,4,58.25114373466306
1199,2701.540634613043,456,1,4,78.55758349131261
1200,3192.2596788787905,493,1,5,88.83932865940683
1201,2661.235466079714,371,1,3,62.67178203112973
1202,2506.5342776489283,319,1,2,85.09011153426746
1203,-29.95958480834884,2500,0,0,0.0
1204,3259.2884688949657,542,1,5,61.62394373466306
1205,2840.8465413093622,380,1,3,49.86160446397188
1206,2636.0952044677765,374,1,4,0.0
1207,2408.353828125003,311,1,0,63.59921896694509
1208,2926.8715599632314,457,1,4,51.278946531036745
1209,2732.9128084182794,355,1,3,78.55758349131261
1210,2668.8539257812563,361,1,3,51.236047161391376
1211,2437.75349315644,473,1,1,93.6269361412293
1212,2413.5316570663485,283,1,0,64.13353496744823
1213,2524.0820859527607,342,1,2,59.38029177561764
1214,2547.01917434693,527,1,3,81.93038349131263
1215,2553.2884455490134,376,1,3,59.42665678301651
1216,2534.8339000701935,310,1,1,78.00317424270584
1217,2434.6505702209497,279,1,1,74.59290929230862
1218,3343.225699653633,488,1,6,78.55758349131261
1219,2409.133828125002,272,1,0,55.054881537039115
1220,2920.360253410341,376,1,3,54.399819503993655
1221,-15.45269241332952,2500,0,0,0.0
1222,2488.679275703434,375,1,3,78.55758349131261
1223,2747.906752166755,392,1,3,70.13302482979203
1224,3199.14239269257,427,1,4,79.29154229351066
1225,2670.1757198905975,362,1,2,73.06340449561515
1226,2636.006439876561,415,1,4,94.24
1227,2477.8383882904077,318,1,1,79.95372910939214
1228,2999.575587348944,436,1,4,49.22661230007138
1229,2697.284758796695,358,1,3,66.23752416185036
1230,2613.395818672185,327,1,2,78.55758349131261
1231,3045.5211729431207,418,1,4,59.40334130093329
1232,2924.033212890632,408,1,3,58.361528298651216
1233,2413.8853292465233,300,1,0,89.37791741198302
1234,2423.776316185,289,1,1,54.65174653103674
1235,2482.18338348389,304,1,1,56.265575572578946
1236,3220.236581811909,482,1,5,51.692486422416074
1237,2737.8782934570368,353,1,2,83.95240308964131
1238,2658.465618057253,359,1,2,77.54001961446914
1239,2808.1363451957773,430,1,4,37.59148096121896
1240,3578.970759058005,560,1,6,68.80109746703486
1241,2749.9112847518973,369,1,2,59.035354599335264
1242,3036.0237774848993,405,1,4,47.324611017521605
1243,2571.5615331268377,507,1,2,88.74576822917116
1244,2525.7412182617186,1361,1,4,55.06528642241607
1245,2547.2755202102667,321,1,2,57.71347442716227
1246,2619.100308074956,393,1,1,70.09502310998914
1247,2953.4254195022622,441,1,5,78.55758349131261
1248,2788.3292506790194,547,1,3,78.55758349131261
1249,2670.340280761725,378,1,3,73.458114041922
1250,2468.8639293479964,646,1,2,51.278946531036745
1251,2600.7223461914086,281,1,1,73.5510545741233
1252,2438.2571238040937,305,1,1,51.692486422416074
1253,2878.0889405441353,454,1,4,60.833109835618245
1254,2406.0131045913727,307,1,1,62.85642660280289
1255,2472.720030403141,310,1,2,61.59696133466306
1256,2491.8862315750166,317,1,3,61.59696133466306
1257,2687.4009782791213,1380,1,3,53.09274373466305
1258,2486.726292572025,322,1,2,64.96976133466306
1259,2852.0067742919978,417,1,3,65.95548602228455
1260,2776.550015640263,390,1,2,64.85508673132581
1261,2726.5266709518496,404,1,4,56.333180482528604
1262,3085.227806701664,548,1,4,54.6677985080738
1263,2408.893828125003,284,1,0,55.336592481797865
1264,2431.359257965092,281,1,1,72.69233340601517
1265,3641.439934082041,579,1,8,51.728657653270446
1266,2804.478615341191,387,1,3,73.45977442793243
1267,3145.941793708806,496,1,7,61.59696133466306
1268,2483.991760139466,311,1,2,53.09274373466305
1269,3272.3073615646445,487,1,5,62.16821353066281
1270,3577.747275390639,528,1,7,47.67865140324215
1271,3192.6036635398887,470,1,4,52.66387451042454
1272,3163.155136108407,585,1,6,0.0
1273,2720.643422241214,399,1,4,47.80992821211778
1274,2824.419875488286,362,1,3,76.20324629515709
1275,2667.4971679687524,385,1,3,84.5984930919571
1276,2558.3615478515644,320,1,2,84.5984930919571
1277,3003.8433724784886,438,1,5,59.90403922304026
1278,2867.0942005157513,375,1,3,61.1074082662556
1279,2825.32275316239,399,1,3,56.08580958560384
1280,2907.778787193303,477,1,5,83.01361690906751
1281,3137.747548217779,439,1,5,84.5984930919571
1282,2434.5843066406283,349,1,2,84.5984930919571
1283,3427.230322265631,670,1,6,84.5984930919571
1284,2561.935586662297,354,1,2,63.99218915043719
1285,2416.287125244141,293,1,0,72.99899297354261
1286,2415.5484635162375,276,1,0,59.301509776642675
1287,3090.9597935104434,453,1,6,71.34675716508313
1288,2835.590141601571,494,1,3,84.5984930919571
1289,2716.3782641601606,374,1,3,84.5984930919571
1290,2841.2245654296908,494,1,6,84.5984930919571
1291,4127.603663196574,668,1,10,83.24687321727238
1292,2451.730043517355,321,1,1,75.77756599450171
1293,2783.6191952419317,359,1,2,66.35183620267156
1294,2412.3643807220496,291,1,1,68.28881239386307
1295,2806.793770637515,373,1,3,62.74892728658714
1296,2509.5107516860994,427,1,2,73.06024921048626
1297,2431.1527656555195,315,1,1,56.19867146409334
1298,2416.7486287689244,312,1,1,68.28881239386307
1299,2581.2696826171928,359,1,3,84.5984930919571
1300,2811.9178010559126,377,1,3,88.10586903255616
1301,2719.988187789922,375,1,3,94.24
1302,3117.578434448245,456,1,4,73.88803633042313
1303,3107.107251625067,431,1,4,71.957814588293
1304,2772.419119582182,397,1,3,74.7024570422887
1305,2622.6806307220513,353,1,2,68.28881239386307
1306,2408.6338281250028,297,1,0,89.77354895809785
1307,2707.7604589843813,378,1,2,84.5984930919571
1308,2429.415982322696,316,1,2,59.89356559706305
1309,2825.5095465850877,404,1,3,74.49513419931927
1310,3109.4240625000107,482,1,5,75.94539015280051
1311,2775.303354339603,381,1,4,59.757612393863056
1312,2732.8204064178517,366,1,2,64.57862394677952
1313,3011.4040795898477,397,1,4,89.65627555399784
1314,2621.088374862676,347,1,2,68.28881239386307
1315,2831.1114695072233,375,1,3,80.56504616132582
1316,2652.0915830588374,347,1,2,89.65627555399784
1317,2465.3933593750025,310,1,1,84.5984930919571
1318,2651.0514331054733,364,1,3,84.5984930919571
1319,2684.255626602178,364,1,3,62.94952608770196
1320,2408.233828125002,317,1,0,58.33206127303652
1321,2539.416470603946,341,1,2,59.89356559706305
1322,2485.5170703125045,334,1,2,84.5984930919571
1323,2805.2303808593797,373,1,2,83.19011247601762
1324,4285.332432250983,691,1,10,87.49735593109175
1325,2660.4142651367265,421,1,5,84.5984930919571
1326,2605.518436832431,329,1,1,74.67201895340206
1327,2427.6474224627036,300,1,1,67.39182612079819
1328,2746.1060815429723,377,1,3,86.25569634301732
1329,2669.0677239990296,337,1,2,84.5984930919571
1330,2429.023674087526,301,1,1,78.0194108004041
1331,2811.1227967453055,404,1,3,85.93689704951065
1332,2586.815712509155,342,1,2,84.1755132985885
1333,2950.0888079834017,474,1,4,84.5984930919571
1334,2703.6131312179614,356,1,3,58.407305680299864
1335,2668.8221234965376,366,1,3,63.41534387806641
1336,2455.1841439437894,324,1,2,64.94299479386305
1337,2503.591503295903,317,1,2,61.78010568029986
1338,3020.438608818059,431,1,4,59.376663084913815
1339,2694.0242153167774,360,1,3,70.81803692267106
1340,2502.1299500465443,300,1,1,80.56149804974788
1341,2430.670160064699,322,1,1,62.68845166228317
1342,2486.5788378906286,324,1,2,82.77636877498406
1343,2708.4336949539243,359,1,2,75.7155999362485
1344,2483.3171631526966,299,1,1,66.12545640929939
1345,2670.7298968887385,547,1,4,73.00007496251608
1346,3162.809677429203,444,1,4,79.19054607976167
1347,2688.664805240636,379,1,3,78.31265102912579
1348,2827.856574096685,393,1,3,73.52644043164794
1349,2592.439647657872,319,1,1,86.0847510180729
1350,2444.286953125003,282,1,1,74.58187275618515
1351,2508.5553463745164,331,1,2,79.19054607976167
1352,2421.9869121265438,304,1,1,78.91356429317482
1353,2443.222846107487,331,1,2,68.28881239386307
1354,2699.317125740057,393,1,5,74.02402777844907
1355,2425.5677050781283,344,1,2,56.33435215207358
1356,2580.5528097534225,363,1,3,79.19054607976167
1357,3433.7660357666086,529,1,7,86.63361407153897
1358,2629.883634804489,356,1,2,80.60610630626974
1359,2465.603047256473,321,1,1,70.82854468179991
1360,2665.6777666473445,368,1,3,88.2656935126888
1361,2433.095295448307,329,1,1,77.96382409925113
1362,2688.429069519049,390,1,4,79.19054607976167
1363,2593.8027397823357,354,1,3,81.95034546252546
1364,2668.247809028629,355,1,3,76.355671362494
1365,2498.123717975617,330,1,2,78.86657862483618
1366,2625.013892440798,326,1,2,68.28881239386307
1367,2802.82968719483,371,1,3,79.19054607976167
1368,2613.680122432712,347,1,1,72.83435601725688
1369,2413.101722335819,310,1,0,75.70284605968688
1370,2592.3362704086353,356,1,3,71.5105084920505
1371,2725.7221652221747,384,1,2,79.19054607976167
1372,2790.839171981817,385,1,2,67.69286273036123
1373,2517.7400830078172,356,1,2,87.18766894473569
1374,2482.574340181357,346,1,1,77.13818432337469
1375,3118.254360046393,473,1,6,79.19054607976167
1376,2945.2547780990644,405,1,4,74.37912470156358
1377,2843.869797363285,403,1,3,87.94775807744303
1378,2621.428905677802,395,1,4,68.28881239386307
1379,2937.5330099487373,438,1,3,79.19054607976167
1380,2626.6267864990286,376,1,3,80.87042449630697
1381,2812.2609608459534,416,1,4,68.28881239386307
1382,2522.8943919813673,312,1,2,89.50486342941242
1383,2576.2529171752976,336,1,1,79.19054607976167
1384,2396.5742070198085,350,1,2,88.37484287897179
1385,2680.354514560704,352,1,2,84.4572776362168
1386,3033.8300265503,419,1,4,79.19054607976167
1387,3207.478916406634,460,1,5,70.66696638623627
1388,2567.4138468170204,368,1,2,57.31946172079882
1389,2408.5338281250024,302,1,0,79.72535563987275
1390,2994.644302952294,460,1,4,88.88349984743394
1391,2437.787411060337,303,1,1,54.717387737312684
1392,2529.061858024601,373,1,3,76.78574390677664
1393,2829.2178902912165,366,1,3,79.75896744651232
1394,2646.1194072341955,372,1,3,53.09274373466305
1395,2625.0842187500048,427,1,1,87.96855145589224
1396,2784.2501953125056,395,1,2,64.43444130183566
1397,2441.102875080111,338,1,1,60.00017514851462
1398,2869.3747338867256,392,1,3,84.5984930919571
1399,2630.0900580978437,347,1,2,79.19003739480912
1400,2677.911594238286,363,1,2,73.4440950265143
1401,2664.7857876586954,391,1,2,73.97268677182696
1402,2482.0098225784336,339,1,2,59.82586199386305
1403,2596.4725120162993,357,1,3,59.45176307218837
1404,2666.1867107391395,365,1,2,77.85966962149739
1405,2639.6479394722037,351,1,3,89.05328602911098
1406,2752.2578278923097,388,1,3,64.5479439149212
1407,2804.2408325195365,390,1,3,84.5984930919571
1408,2447.6677176284816,321,1,2,56.50681093466306
1409,2751.898580436711,346,1,2,70.50774842463434
1410,2695.8980240631104,371,1,3,71.94301568665706
1411,2448.0288187789934,326,1,2,64.91601239386306
1412,2605.450444335939,344,1,2,94.24
1413,2457.3505474472095,323,1,2,57.27560635100208
1414,2516.3971460723924,358,1,2,67.65637743975954
1415,2620.3350040054347,337,1,2,70.58923547752032
1416,2543.2875875473046,315,1,1,75.48667384569806
1417,2625.2470861053507,342,1,2,78.17009232685554
1418,2667.2616430664098,353,1,2,84.5984930919571
1419,2535.6342089462305,341,1,2,76.7988849245592
1420,2614.477934188846,344,1,2,68.28881239386307
1421,2509.0073706054723,318,1,2,84.5984930919571
1422,2972.797071533211,566,1,6,89.91972159457468
1423,2416.9046215057406,280,1,0,58.015922877083376
1424,2851.2578808593807,406,1,4,76.0672930919571
1425,2503.221684875493,338,1,3,65.25043072512963
1426,2514.3970839691215,369,1,2,47.77816815623609
1427,2489.80494384766,345,1,3,54.679605665421164
1428,2398.629731254581,376,1,1,77.83981636434076
1429,2470.9741077232397,331,1,2,70.84374979592778
1430,2819.1405636596746,381,1,3,79.19054607976167
1431,2628.5752731323296,375,1,3,79.19054607976167
1432,2496.4938467407273,328,1,2,79.19054607976167
1433,2677.778141784674,380,1,3,79.19054607976167
1434,2650.071217956546,383,1,2,79.19054607976167
1435,2619.9526535034206,335,1,2,79.19054607976167
1436,2599.8371269607605,338,1,2,70.72065336996513
1437,2607.7840820527117,377,1,4,57.84759687131778
1438,2646.1893161010803,369,1,3,79.19054607976167
1439,2642.393787021642,399,1,3,84.4572776362168
1440,2629.023774900439,353,1,2,85.10280439912556
1441,2512.172497520451,342,1,2,71.51424425136933
1442,2500.851076087955,357,1,4,64.94299479386305
1443,2728.769122962956,381,1,3,76.75377416704097
1444,2879.6979647827193,394,1,4,82.56334607976167
1445,2735.873253436093,394,1,3,71.49429447901272
1446,2512.810282440189,339,1,2,78.854150563216
1447,2631.801761283878,353,1,1,85.66289301227539
1448,2672.4732207775155,365,1,3,54.3761034296216
1449,2539.6690780258236,377,1,3,64.94299479386305
1450,2731.1969772720386,383,1,2,71.67393639743973
1451,2684.533681831363,507,1,3,57.509151511548986
1452,2553.141206588748,418,1,3,58.94928080523131
1453,2521.642976074223,341,1,3,53.355034677199704
1454,2855.283252830511,449,1,4,64.94299479386305
1455,2735.935821189884,398,1,4,64.94299479386305
1456,2613.279637069706,369,1,1,72.14940598790915
1457,2626.105756607058,358,1,2,76.49452768039673
1458,2475.5567069625886,322,1,2,64.7795222762517
1459,2415.344583396914,301,1,1,64.94299479386305
1460,2805.4528339386034,375,1,2,62.91493350005339
1461,2791.4584035110483,354,1,2,62.184939085749285
1462,2563.2171342086826,404,1,3,57.12017771737944
1463,2611.1762689590505,390,1,3,68.28881239386307
1464,2539.082722930913,356,1,3,81.28789731914449
1465,2479.586796875002,319,1,1,80.02473885352593
1466,2687.167540092475,369,1,2,69.37550031279173
1467,2418.2455850982674,288,1,0,57.42303114182179
1468,2639.418301010135,345,1,2,67.33458547579694
1469,2490.3299743652365,320,1,2,91.4410782419621
1470,2501.3567050933902,360,1,2,79.45355849158044
1471,2605.409891357425,343,1,1,54.54615232521906
1472,2645.1789786338854,450,1,3,89.92096791285196
1473,2527.8472821426444,389,1,3,68.28881239386307
1474,2728.918096694953,397,1,3,68.14925957239936
1475,2580.788154411317,330,1,1,55.25784992135778
1476,2446.6011998748795,337,1,2,59.22212396990246
1477,2711.2712229156527,368,1,3,48.53469683493117
1478,2480.8194525528,336,1,1,68.28881239386307
1479,2585.8411965560945,309,1,1,58.882033090581224
1480,2500.421647949221,324,1,1,65.82951300612761
1481,2657.918757133489,476,1,3,65.17632708121361
1482,2834.9124190330554,390,1,2,59.74774055947773
1483,2506.1702557754543,369,1,3,73.08067311089795
1484,2437.4582808876053,318,1,1,70.83856435906422
1485,2246.300756835982,2500,0,4,0.0
1486,2548.2660927200386,368,1,3,68.28881239386307
1487,2411.497435398104,284,1,0,75.66868089470528
1488,2719.503378295903,375,1,2,67.72654010065757
1489,2412.2526526641864,304,1,0,61.72302495189048
1490,2416.2430267715476,283,1,1,68.28881239386307
1491,2959.776215763098,439,1,3,57.24116229307373
1492,2767.5554468917867,481,1,3,72.66125592790542
1493,2472.5011517715484,314,1,2,68.28881239386307
1494,2413.5182454681412,342,1,0,57.03475823687787
1495,2451.657807464604,309,1,2,68.28881239386307
1496,2985.4602453231855,410,1,3,87.32620958935344
1497,2737.9703479766868,400,1,3,73.38138366174078
1498,2550.312735481266,384,1,3,62.67286607541931
1499,2472.777567787175,344,1,1,68.28881239386307
1500,2430.6503105545085,423,1,1,68.28881239386307
1501,2463.1986971664464,321,1,2,80.53642296051679
1502,2484.4128729629565,341,1,2,68.28881239386307
1503,2546.1467735290544,320,1,1,85.46238800068825
1504,2507.3988532924686,343,1,2,61.57019479386305
1505,2495.3783357143443,325,1,2,61.57019479386305
1506,2796.7869532775917,424,1,2,60.22811093717074
1507,2429.783642005925,305,1,1,68.28881239386307
1508,2698.4420152664247,395,1,4,74.4173499881744
1509,2477.345819664004,320,1,2,67.45856861061249
1510,3521.1009677100324,631,1,12,95.0
1511,3137.449970016489,492,1,5,76.96299847469989
1512,2610.286903972629,349,1,2,63.36800518245309
1513,2915.577250404368,499,1,7,68.28881239386307
1514,2922.003459472662,519,1,5,74.2563356706482
1515,3390.7969287109468,494,1,6,58.827273557908704
1516,2409.65664745808,283,1,0,68.77657872599724
1517,4255.8168618011605,671,1,10,50.55186147188726
1518,2741.8160309529358,377,1,4,88.92916626646986
1519,6001.77770263671,994,1,17,94.24
1520,2552.611619164949,343,1,2,91.00961529503363
1521,2933.250800018316,421,1,4,68.28881239386307
1522,2790.6653052187,392,1,4,58.809964303720584
1523,2614.1410706901593,363,1,1,93.4470934536445
1524,2414.403601837162,385,1,3,64.5670009775418
1525,2698.640401573188,364,1,3,64.94299479386305
1526,3307.919556465158,483,1,6,80.16271870994852
1527,2652.4516574859663,365,1,3,65.02265373234248
1528,2689.550938720708,339,1,2,59.65247652553528
1529,2637.252876777655,354,1,3,59.82586199386305
1530,2475.7849991226244,338,1,1,62.86873410624899
1531,2414.051560516361,294,1,0,57.737301367440544
1532,3392.464632148755,539,1,8,59.82586199386305
1533,2431.764575996402,288,1,1,59.82586199386305
1534,2492.521644973758,335,1,1,55.120707662507535
1535,2503.2880379104654,338,1,2,59.82586199386305
1536,2454.7667927932766,309,1,2,59.82586199386305
1537,2547.3186067581214,315,1,2,59.82586199386305
1538,2624.8609822464023,354,1,3,59.82586199386305
1539,2409.152255287172,308,1,1,68.28881239386307
1540,2598.2691059875524,341,1,2,68.17298791097788
1541,2446.234573631291,311,1,1,64.94299479386305
1542,2623.238884353641,355,1,2,63.11661588166771
1543,2626.9222265625035,338,1,1,88.37484287897179
1544,4728.871499328619,851,1,15,61.62394373466306
1545,3606.967973804485,580,1,7,68.34075346901815
1546,2515.99508926392,359,1,3,68.28881239386307
1547,2428.5337563705475,289,1,1,58.25114373466306
1548,2504.33573074341,325,1,1,58.7674176073259
1549,2697.2441525077884,367,1,2,60.45981216999021
1550,4452.860634422317,770,1,11,57.805868704795095
1551,2443.9951565361052,282,1,1,58.407305680299864
1552,4068.809287414561,692,1,12,61.62394373466306
1553,4177.336154270186,665,1,10,57.81645363351942
1554,2958.1579579162676,446,1,4,68.28881239386307
1555,3879.9092677354947,555,1,8,94.24
1556,2411.0831125450177,319,1,1,59.89356559706305
1557,2869.719296197898,426,1,5,74.96874886227623
1558,4394.348085937518,647,1,10,76.51872816967258
1559,3835.5322341156143,609,1,8,78.05469018781199
1560,2571.611753959657,359,1,2,60.68835662337623
1561,2647.2997494506867,356,1,3,47.92640097505416
1562,3255.9042886352618,442,1,5,61.66572857689067
1563,3002.2419276809824,787,1,5,94.24
1564,2624.048006801608,411,1,3,77.10292241927654
1565,4169.19309547426,706,1,10,52.06072459707916
1566,2672.0051385879574,380,1,4,68.28881239386307
1567,3064.823980245598,447,1,4,61.57019479386305
1568,2659.1128118896518,373,1,2,54.4724691284813
1569,3092.5370081329424,493,1,6,49.26385555992849
1570,3360.0366897583062,545,1,8,64.96976133466306
1571,5932.090954213123,1116,1,17,58.61080614233333
1572,2951.9342524719314,449,1,4,68.28881239386307
1573,2437.673678741459,317,1,1,57.36321795664245
1574,3884.0368960952846,772,1,11,68.17298791097788
1575,5221.886080932615,925,1,17,82.46265855999998
1576,3298.056179294591,577,1,6,61.47790882284774
1577,2459.3840795898473,423,1,2,88.37484287897179
1578,3512.7556351852486,529,1,6,63.010516774036766
1579,2545.5481513595637,362,1,2,58.75200234855096
1580,2678.093058013921,380,1,4,68.28881239386307
1581,2653.230808792118,357,1,2,60.2277338177314
1582,2413.186676635745,388,1,0,55.21945060482415
1583,2619.5071340942422,318,1,1,55.39160422438042
1584,2482.6906579589877,432,1,2,75.93498075148885
1585,3820.0768998718427,607,1,7,74.3592387327364
1586,2444.138469009402,336,1,2,92.96850717350299
1587,3134.9361839675967,473,1,6,68.28881239386307
1588,2667.6675695800836,353,1,2,59.12584146820349
1589,2766.390551872259,369,1,4,0.0
1590,2667.1620678710983,391,1,3,72.43892942664081
1591,2537.10150016785,328,1,2,50.20890838351716
1592,2549.395073204043,386,1,1,54.000389726081416
1593,2801.97992584229,379,1,3,76.08707260453245
1594,2467.2262002944976,325,1,2,61.57019479386305
1595,2583.7042017746003,331,1,2,0.0
1596,2589.404436531073,333,1,2,48.08973051420313
1597,2475.3286516571075,413,1,2,62.16591036582626
1598,2851.2270884704594,374,1,3,59.115403983798174
1599,2844.505395698549,670,1,3,59.592673837351256
1600,2668.875305175784,355,1,2,64.72372978526667
1601,2461.847311706547,344,1,2,64.73110262597875
1602,2828.2768495178266,397,1,3,50.09411310761512
1603,2771.091216773993,419,1,2,65.39361896951505
1604,2661.6654013443035,346,1,2,61.57019479386305
1605,2566.0404224777267,323,1,2,0.0
1606,2802.5560224151664,362,1,2,87.30266432769781
1607,2668.333725357059,390,1,4,63.010516774036766
1608,2714.582370605474,343,1,2,75.0748755363056
1609,2579.545751934056,346,1,2,87.96710368697322
1610,2440.171708526615,288,1,1,61.57019479386305
1611,2702.296452751165,363,1,3,0.0
1612,2409.2686910796197,286,1,0,86.74854510755316
1613,2635.3767057704963,336,1,2,61.57019479386305
1614,2546.525509376531,349,1,2,61.57019479386305
1615,2490.124768676761,328,1,2,71.6951958136178
1616,2447.048288955691,338,1,2,58.1347960026378
1617,2769.374335441595,392,1,3,56.87312458008714
1618,2433.058366699221,359,1,1,53.500324580087145
1619,2534.0934927749695,486,1,4,61.57019479386305
1620,2646.007721672062,447,1,4,56.87312458008714
1621,3009.1042188644465,470,1,6,0.0
1622,2849.278464355475,428,1,3,74.3245080939573
1623,2807.70689609528,386,1,4,61.57019479386305
1624,2574.6985253906305,347,1,1,68.18751483431943
1625,2713.060377979284,470,1,3,62.20913429316714
1626,2623.9269028091476,358,1,2,61.57019479386305
1627,2695.472875330454,347,1,2,63.817842630723625
1628,2525.956652946478,349,1,2,57.93289998400344
1629,2651.53534107209,345,1,2,58.039251566778745
1630,3207.8353876113983,495,1,7,57.98266640603826
1631,2744.2740550994927,395,1,3,50.129061952926556
1632,2653.722626800542,379,1,4,0.0
1633,2896.5927641677918,406,1,3,56.445557797213
1634,2863.6190958023117,425,1,5,61.57019479386305
1635,2413.3816390228303,324,1,2,0.0
1636,2638.702368469241,334,1,2,44.6553438400619
1637,2890.8402752685593,396,1,3,70.33370340509555
1638,2729.5467186355627,363,1,2,84.15334954001523
1639,2604.6550943946877,337,1,2,62.112844724474954
1640,2886.9298477172897,395,1,4,0.0
1641,2856.617626724249,437,1,4,57.523724724589485
1642,2408.013828125002,328,1,0,82.46265855999998
1643,2507.954298439031,328,1,2,61.57019479386305
1644,2458.923008804326,351,1,3,68.28881239386307
1645,2684.445570659643,545,1,3,84.55711047002352
1646,2580.3963028335597,363,1,3,61.57019479386305
1647,2588.4059106826817,375,1,3,57.37821061980422
1648,2608.793618698124,324,1,2,0.0
1649,2473.059650993351,310,1,2,0.0
1650,2708.9762997818025,354,1,2,49.41387751215744
1651,2414.343981590276,313,1,0,60.69207636098646
1652,2457.805156250004,289,1,1,82.02086966190842
1653,2510.6964198684727,447,1,1,55.35350136244314
1654,2861.881708240515,425,1,4,65.08466425842879
1655,2414.0131167984055,302,1,1,61.57019479386305
1656,2508.506857032781,399,1,3,61.57019479386305
1657,3052.8331860351636,456,1,4,76.99347686400077
1658,2933.0749600601243,439,1,5,61.57019479386305
1659,3741.475350494392,554,1,8,64.45043323551215
1660,3074.7028189659163,430,1,4,64.25146173214756
1661,3017.7063583374093,440,1,3,58.46144319348212
1662,2439.5309082031295,325,1,3,0.0
1663,2412.120248622897,299,1,0,46.17534467922604
1664,2723.339897460946,549,1,3,73.71217583046392
1665,3503.333896026621,557,1,9,68.28881239386307
1666,2640.461774444584,340,1,3,68.28881239386307
1667,2631.583639335637,335,1,2,66.35633437403676
1668,2985.934890594488,438,1,4,57.605027884705386
1669,3201.533519477851,474,1,6,61.57019479386305
1670,2422.7906440734887,310,1,1,68.28881239386307
1671,2816.781678924567,387,1,3,89.2681731920109
1672,2718.9349943542525,388,1,2,89.2681731920109
1673,2530.6713621139547,360,1,3,68.30656856291496
1674,2827.21235627175,383,1,3,60.02735225001686
1675,2472.492595405582,309,1,1,64.98192884304828
1676,2590.3532817459154,342,1,1,62.42090766283042
1677,2699.432276268007,369,1,2,46.46855891261017
1678,2598.9875837707555,358,1,1,79.3108058820845
1679,2577.655452728276,330,1,2,84.12942984386753
1680,2611.095201873783,350,1,2,89.2681731920109
1681,2593.675005340581,350,1,3,0.0
1682,2555.0025651550327,357,1,2,89.2681731920109
1683,2496.038547744752,343,1,2,55.48804412963008
1684,2550.7298044014005,346,1,2,58.83528880518468
1685,2578.5546656703987,372,1,3,52.99458594525808
1686,2677.5482065582323,373,1,2,87.41006985214528
1687,2544.5349268341097,323,1,3,0.0
1688,2541.326665000919,336,1,2,84.29771540446283
1689,2726.5983395576495,385,1,3,58.83528880518468
1690,2631.581547527317,351,1,1,58.76758520198468
1691,2539.6120114708,338,1,2,62.33985713066542
1692,2452.2199529647883,320,1,1,52.92373767183152
1693,2568.9100240325943,312,1,1,77.22011857779471
1694,2616.323981971746,364,1,2,58.84728146712088
1695,2641.0581534194985,371,1,4,61.57019479386305
1696,2759.1913410759034,387,1,4,61.57019479386305
1697,2553.275400390628,348,1,2,86.7043015514043
1698,2755.618451499942,390,1,3,61.57019479386305
1699,3009.5246426200906,427,1,4,70.51067291748352
1700,2449.93208183289,298,1,1,62.096509910479895
1701,2907.814453392035,411,1,3,58.32510836569691
1702,2667.5671011734044,361,1,3,61.57019479386305
1703,2634.4049625015314,342,1,2,61.57019479386305
1704,2441.374690990451,496,1,3,0.0
1705,2585.205870323185,366,1,2,64.58649210788253
1706,2418.098934097293,279,1,0,83.70393973015642
1707,2668.9686332321203,357,1,3,0.0
1708,2472.0998806762723,346,1,2,69.0582876798486
1709,2737.2006991958656,382,1,3,61.57019479386305
1710,2512.493273048402,311,1,2,61.57019479386305
1711,2774.621652450567,358,1,3,64.87405902662266
1712,2457.360605907444,320,1,1,56.60357659656626
1713,2642.5157559585614,359,1,3,61.57019479386305
1714,2527.8563801765486,335,1,2,71.2277321865637
1715,2676.3471542739917,408,1,3,64.94299479386305
1716,3624.046598663338,543,1,8,64.92020052369492
1717,2618.4124026203235,338,1,2,61.57019479386305
1718,2407.534591093065,348,1,2,82.00894490825414
1719,2527.117915039063,331,1,1,82.6322579642408
1720,2559.9049732208296,340,1,2,93.69526725718642
1721,2433.451241321564,309,1,1,72.56689307553273
1722,2708.357684478763,352,1,2,71.96120773862997
1723,2676.043593750003,362,1,2,75.72982554666466
1724,2749.086444740299,386,1,3,68.28881239386307
1725,2739.515126800543,385,1,3,68.28881239386307
1726,2803.297970275885,381,1,3,90.76977714098769
1727,2555.6085735321085,425,1,3,85.30429347619838
1728,2772.821910820011,357,1,2,67.4381782351758
1729,2649.7204909133948,361,1,3,68.24304002876737
1730,2469.1703368377707,329,1,2,0.0
1731,2569.960214195259,497,1,3,0.0
1732,2576.5812831497215,342,1,2,70.49862116820991
1733,2655.1496010971114,384,1,2,56.67734981123514
1734,2454.2216622734104,308,1,1,63.969228330555204
1735,2632.748236389164,319,1,1,90.76977714098769
1736,2450.030296936037,328,1,1,90.76977714098769
1737,3058.940653724678,449,1,4,68.28881239386307
1738,2449.6998543167138,328,1,1,87.8724244974909
1739,2685.1745335197515,427,1,3,68.28881239386307
1740,2670.0908197403046,500,1,3,68.28881239386307
1741,2634.661352577214,383,1,1,60.98584916558448
1742,2676.302294921881,485,1,2,60.541335215702155
1743,2461.4889932823194,319,1,1,71.27694203005271
1744,3390.4527483558695,587,1,8,71.89839286760333
1745,2816.751425209053,458,1,6,68.28881239386307
1746,2683.2441153335635,566,1,3,64.91601239386306
1747,2746.7209690475524,438,1,5,65.17632708121361
1748,2860.5020620727582,388,1,2,43.058168181796006
1749,2674.5939739227338,485,1,7,87.55469151853409
1750,3230.7056537246763,687,1,14,68.28881239386307
1751,2700.394021797185,485,1,4,57.521015344323736
1752,3357.951499710089,842,1,21,87.55469151853409
1753,2519.379383583071,434,1,5,65.1004161100292
1754,2751.7145058441206,476,1,7,87.55469151853409
1755,2665.280188217166,378,1,4,84.23564045933409
1756,2597.520591125491,477,1,8,79.20484151664404
1757,2759.8115619659475,775,1,5,81.9870725023004
1758,2484.060167541506,373,1,2,87.55469151853409
1759,2833.0035277557427,469,1,7,87.55469151853409
1760,2558.1764055633585,343,1,2,56.336204550629496
1761,2665.2108080291778,378,1,3,87.55469151853409
1762,2721.303681945808,615,1,5,0.0
1763,2489.2117251968416,327,1,1,82.39629151853408
1764,2655.478971443182,397,1,3,90.89234668088713
1765,2422.4062262725865,304,1,2,68.28881239386307
1766,2977.555606651311,435,1,4,55.028486144988534
1767,2548.776727943427,346,1,2,68.28881239386307
1768,2431.2077902984634,354,1,1,60.129306546732224
1769,2850.6266717910817,445,1,4,68.28881239386307
1770,2719.1151977539093,480,1,3,68.28881239386307
1771,2621.458511371618,439,1,3,65.12592328029987
1772,2593.6369749069263,410,1,3,65.17632708121361
1773,2951.8534941101125,433,1,4,87.55469151853409
1774,2553.7694476699894,417,1,3,68.28881239386307
1775,2867.8962849044888,553,1,5,59.221113766543425
1776,2589.5693922805813,406,1,1,56.905512197816854
1777,2667.7816131401114,631,1,2,75.42974931796718
1778,2449.932704505924,352,1,1,68.28881239386307
1779,2442.1830148124723,403,1,1,61.916445064946394
1780,2471.4060006713894,357,1,1,55.13416555655032
1781,2539.5064060974155,381,1,2,65.04878300163463
1782,2598.039645118718,354,1,2,64.91601239386306
1783,2469.0048227691673,353,1,1,87.53762103240682
1784,2830.1461222839366,454,1,4,58.32013138961014
1785,2539.2105633926435,384,1,2,68.28881239386307
1786,2633.4967625808767,409,1,2,78.11102954757476
1787,2688.088817634588,378,1,2,75.47922323372003
1788,2606.518497962956,374,1,2,68.28881239386307
1789,3259.9600549697957,550,1,6,68.28881239386307
1790,2890.6392792129564,483,1,4,68.28881239386307
1791,2768.0497076988254,370,1,2,58.07557247490948
1792,2575.716298255927,332,1,2,68.28881239386307
1793,3697.888513832102,616,1,9,56.729922382709745
1794,2638.3559545135545,372,1,1,87.55469151853409
1795,2788.6219188308783,427,1,3,55.088088214670385
1796,2610.0736989212096,559,1,2,53.03881731683881
1797,2459.7952611541773,322,1,1,87.55469151853409
1798,2588.707419357304,372,1,2,87.55469151853409
1799,2546.7573409271276,394,1,4,87.55469151853409
1800,3949.628763751992,756,1,10,60.49712385066584
1801,2591.4874609279664,366,1,2,70.7613653506673
1802,2492.034026603704,386,1,2,51.54497277103104
1803,2691.1918573379594,620,1,2,54.96684180132731
1804,2974.7382392501863,567,1,10,61.08677608905608
1805,2540.2013365173366,373,1,3,66.1802550259945
1806,2787.3866265678444,423,1,3,51.70648688523126
1807,3625.71836683274,669,1,9,86.38992026974822
1808,2522.8492168045073,397,1,3,55.08273702128531
1809,2617.2500653076204,381,1,1,87.71020612480055
1810,2417.409247474673,346,1,1,68.28881239386307
1811,2806.994091873179,631,1,3,87.40907002135766
1812,3947.107396545419,948,1,17,90.76977714098769
1813,3672.1472862625246,1163,1,15,64.99631374313665
1814,2471.4552380371115,361,1,2,55.72688199742233
1815,2639.3666774368326,407,1,2,68.28881239386307
1816,3187.7309120559767,483,1,4,68.28881239386307
1817,2416.672168273928,309,1,0,49.908222358600824
1818,2655.6825116348327,469,1,2,68.28881239386307
1819,2642.9653015518247,588,1,2,68.28881239386307
1820,2623.6429464340245,455,1,1,77.64827941886342
1821,2608.411519927984,1134,1,1,61.41468419857625
1822,2544.758065834048,453,1,3,68.28881239386307
1823,2622.444518890384,423,1,2,56.66592039123529
1824,3068.4456933593788,497,1,6,76.31674739934715
1825,2594.0006304168733,363,1,1,84.65636413577498
1826,2801.005343532565,445,1,3,46.56431163356851
1827,2906.379985505349,620,1,4,70.58673249351976
1828,2617.304503822329,395,1,1,49.51512372295221
1829,2544.2920051956203,743,1,15,68.28881239386307
1830,2853.9093561935474,571,1,3,56.47173099074014
1831,2714.1560207748435,383,1,2,67.00312511069308
1832,2525.3123264884994,322,1,1,55.095511633568506
1833,2458.4609403610266,355,1,1,58.47022614525604
1834,2633.4585851669362,375,1,3,89.64546386536335
1835,2836.294202709205,495,1,4,55.095511633568506
1836,2462.3628158187917,357,1,2,64.94299479386305
1837,4026.1433250427344,640,1,9,56.66592039123529
1838,2594.38744640351,530,1,3,75.97949725942486
1839,2565.7073632812544,1072,1,4,58.18162723599855
1840,2736.9232427978595,643,1,4,72.72691270079123
1841,2641.0406045150808,389,1,3,64.94299479386305
1842,2530.615967674259,359,1,2,64.94299479386305
1843,2783.7716628646904,437,1,4,64.94299479386305
1844,2451.791979827882,363,1,2,56.66592039123529
1845,2672.872516503337,378,1,3,77.24659142066176
1846,2877.6454959106486,439,1,5,0.0
1847,2721.278651237492,470,1,4,49.82646836585298
1848,3128.8613247299277,668,1,6,64.94299479386305
1849,2499.2373705291775,373,1,2,58.772266643177275
1850,2688.455589866642,415,1,3,54.92401065952446
1851,2589.3038677597115,433,1,4,75.58085297026912
1852,2713.7614550590574,460,1,3,61.70190323677247
1853,4667.920984840398,1070,1,16,58.35583745083186
1854,2896.7167882537888,472,1,4,58.772266643177275
1855,2709.0046810531667,473,1,5,64.94299479386305
1856,2455.3997714805632,396,1,1,54.8738311002123
1857,4793.42195915223,1118,1,24,58.772266643177275
1858,2699.438805999759,438,1,3,55.02154725786151
1859,2755.13256557465,416,1,4,61.8288524923978
1860,2695.4716678238,427,1,3,59.88351053852791
1861,2590.2309482193027,362,1,1,51.902525960925
1862,3300.564872875221,728,1,8,55.095511633568506
1863,2911.929661293033,514,1,5,64.85070882284774
1864,2610.867621421817,400,1,1,62.28172818818979
1865,2608.7470625305223,363,1,2,74.58345989415861
1866,2829.926724243168,395,1,2,74.4887738909586
1867,2623.3531903457697,404,1,3,54.62032881702298
1868,2450.394666748049,366,1,1,56.898975496895055
1869,2864.7300312423763,413,1,3,56.01349481604706
1870,2463.743972587588,360,1,1,52.66004120916636
1871,3672.4542407226727,619,1,9,75.21368550495072
1872,2545.916913642889,443,1,2,59.21994630557865
1873,3070.7031942367635,555,1,5,64.94299479386305
1874,3158.980982551585,762,1,7,61.77842639320837
1875,2952.938382911689,455,1,5,65.25043072512963
1876,2631.429974155431,566,1,3,76.59047258971454
1877,3274.766862907419,518,1,7,68.28881239386307
1878,2751.3200372123783,573,1,4,63.33843587290396
1879,2537.6270940399218,372,1,2,76.4073530007481
1880,2734.463427886971,497,1,2,76.51876823882563
1881,2552.5670599365253,368,1,2,75.38490046897698
1882,2777.391136436469,686,1,2,54.684856394252414
1883,2763.9112661552504,634,1,3,58.37090806025084
1884,2723.9759412384087,462,1,6,64.92020052369492
1885,2453.5311458969177,468,1,4,64.94299479386305
1886,2660.121061553959,408,1,4,68.28881239386307
1887,4194.185619544991,885,1,15,68.28881239386307
1888,2837.357186889651,435,1,4,78.43768820788702
1889,4470.599098815923,753,1,11,61.62394373466306
1890,2679.9259416198747,462,1,4,0.0
1891,2602.613885345462,633,1,3,87.73594661055567
1892,2554.7365761947694,504,1,5,64.94299479386305
1893,2759.1956301498467,416,1,3,64.94299479386305
1894,2422.764094696048,337,1,1,57.43986595732402
1895,2549.197532615667,347,1,2,64.94299479386305
1896,2421.6754589843777,331,1,1,77.35085186911061
1897,2821.1781787109444,409,1,3,74.00503426911061
1898,2533.7509351730378,350,1,2,74.98771225415773
1899,2694.906884765629,365,1,2,75.567154782237
1900,2710.629199371342,387,1,3,71.3352573167803
1901,2640.650068893435,358,1,2,73.41299399495773
1902,2769.358789062504,375,1,2,74.00503426911061
1903,2434.1700477600125,330,1,1,68.28881239386307
1904,2652.62501895905,356,1,2,68.28881239386307
1905,2709.0618791771,434,1,2,57.670868313746574
1906,2433.506189049484,329,1,1,76.68358629427036
1907,2985.863171691901,504,1,4,61.62394373466306
1908,2579.8305535888717,337,1,2,83.91177537201531
1909,2476.342090072638,468,1,2,62.70173866611939
1910,2628.5195159912155,340,1,1,60.60329685668008
1911,2833.842540740971,475,1,2,65.4619365664183
1912,2857.7809168243457,403,1,3,68.28881239386307
1913,2411.0634130477933,330,1,0,56.87614516081446
1914,2413.2709986877458,329,1,1,71.05261795770664
1915,2718.679745435719,395,1,2,53.025679285658505
1916,2592.094441528323,349,1,2,77.3240853283106
1917,3161.9225089645415,537,1,6,64.82717031097788
1918,2483.7934771537807,345,1,2,58.06126545735771
1919,2454.8657812500037,458,1,2,77.35085186911061
1920,2633.244919967655,455,1,2,58.08875231245529
1921,2660.499798774721,445,1,2,83.54298185432185
1922,2670.2448931884824,369,1,3,64.87405902662266
1923,2639.734039916995,378,1,2,77.06265892608502
1924,2799.115130996707,410,1,2,62.15872623675375
1925,2482.2891280746476,287,1,1,57.12624118399567
1926,2716.4129462814367,392,1,2,74.98771225415773
1927,2572.2479924774184,367,1,2,61.2127612615896
1928,2652.6168461322836,480,1,3,66.45221083409683
1929,2707.722803459171,372,1,2,73.41299399495773
1930,2487.1890635681184,334,1,1,71.25684088399596
1931,2550.9778790283226,351,1,2,77.35085186911061
1932,2436.4789532661466,310,1,1,69.72357867769469
1933,2419.2971737670923,306,1,1,61.57345158589365
1934,2577.8130946922374,456,1,3,59.89356559706305
1935,2820.2094812011806,607,1,6,61.62394373466306
1936,4053.7903675842326,761,1,12,68.28881239386307
1937,2638.5077605056786,381,1,3,57.54708821576891
1938,2605.0146006011996,348,1,2,59.74606145983647
1939,2629.872227973945,549,1,2,64.91603672945465
1940,3109.4170870208804,453,1,4,86.88970789358146
1941,2671.4368215942413,388,1,2,64.30045916736678
1942,2675.171698799136,448,1,3,64.91603672945465
1943,2504.504160385137,411,1,4,72.57340653327078
1944,2919.3842851638856,435,1,4,74.35708506190427
1945,2400.4088424301185,457,1,2,75.60531809199297
1946,2512.713917083744,344,1,2,72.64551302774754
1947,3179.0788815116935,547,1,6,64.30411310779678
1948,2519.769551162722,351,1,2,56.8569389902109
1949,2783.398661346437,439,1,3,57.59321502760623
1950,2783.9731577968664,407,1,4,57.62509798946335
1951,2439.9306347656275,346,1,2,22.60931892890398
1952,2841.152608513838,430,1,4,57.46866176502536
1953,2567.0703558158925,364,1,2,53.37344142532253
1954,2578.33967264176,361,1,2,53.304527769829065
1955,2463.694277343752,332,1,2,61.409794448429054
1956,2675.6575549697914,442,1,3,72.4962961834341
1957,2920.011422805792,451,1,5,68.642350037013
1958,2545.0133201217704,347,1,2,68.28881239386307
1959,2519.7807911300706,383,1,3,52.66672239038947
1960,2641.05833522797,374,1,3,56.208352465275595
1961,2750.2432990455673,388,1,3,75.75538937550749
1962,2726.2606325531037,403,1,2,62.524037963638705
1963,2564.5409366607682,345,1,1,57.67232295123173
1964,2630.294364624027,356,1,2,76.09814208077175
1965,2732.7259863281306,388,1,2,36.97674963112461
1966,2451.5383301925676,319,1,2,56.2729407744546
1967,2762.564825973515,387,1,2,71.14243062881931
1968,2629.1032049942137,681,1,2,58.34253193129748
1969,2614.952415142063,347,1,2,77.00842143868645
1970,2881.008922538763,422,1,4,69.6975617485716
1971,2809.9283584976206,418,1,3,58.28336199101406
1972,3079.68103912354,491,1,6,55.31337933578202
1973,2883.796209640508,414,1,4,53.55463817313413
1974,2924.442757568364,387,1,3,66.13933697565359
1975,2717.102183647159,469,1,5,54.93518645997108
1976,2595.554381752017,385,1,3,52.04239603298221
1977,2698.363306026465,666,1,3,55.5593266990259
1978,2813.459192285543,507,1,3,54.200833023311674
1979,2562.235320110325,284,1,1,57.56268931092824
1980,2671.573572998049,346,1,2,61.63525852396233
1981,2830.332661461838,655,1,3,59.941814988870924
1982,2676.206162452703,410,1,3,55.06528642241607
1983,2677.8751868438767,389,1,2,55.21553596794306
1984,2600.669371852877,412,1,4,51.278946531036745
1985,2533.71453430176,309,1,1,52.2608225483297
1986,2648.572109355928,398,1,3,55.663210660706774
1987,2838.668505992895,398,1,3,53.23505006625725
1988,2548.9522051620515,331,1,1,54.00567623313694
1989,2558.766369895939,371,1,2,60.98125830568961
1990,6703.233741855598,2135,1,62,59.48145237653191
1991,2767.0906836700474,339,1,2,60.68481446903192
1992,2878.431620101938,571,1,8,57.489445572370165
1993,3014.7211260604936,471,1,5,55.697193283533636
1994,2705.207964267735,403,1,2,58.160194909167316
1995,2623.283477516179,379,1,3,57.482363972371765
1996,3026.571811409002,419,1,4,56.13007757214674
1997,2692.1487352371273,405,1,3,50.99543046373229
1998,2423.264535064701,309,1,1,56.04080178478575
1999,2799.063202056891,407,1,3,54.11664557237017
2000,2575.326764888767,354,1,2,57.57814215840735
2001,2600.5356130790765,379,1,3,54.018157658616516
2002,2543.111880073551,382,1,2,54.14362797237017
2003,2776.086873035436,411,1,3,56.643346838686305
2004,2585.707785758977,462,1,3,58.83011325601872
2005,2646.4459607505796,393,1,3,69.20826312292262
2006,2437.942884674077,333,1,2,56.04080178478575
2007,2528.5785921096813,340,1,1,71.34410535586328
2008,2486.472405920033,327,1,1,68.51946104421701
2009,2455.2602887725875,342,1,2,61.10165870775162
2010,2608.244649086002,482,1,3,62.21044501248786
2011,2646.346948661808,358,1,2,68.06443325107111
2012,2855.819591197971,402,1,3,61.49343910816641
2013,2792.0432215881374,369,1,2,60.68481446903192
2014,2464.9240541076692,312,1,1,58.50919741249165
2015,2516.6626548767135,615,1,1,55.28268803183315
2016,2707.498620300296,401,1,2,49.010791368575376
2017,2775.9495326232945,444,1,4,60.68481446903192
2018,2645.11184101105,390,1,3,61.73227234997057
2019,2511.240365810398,449,1,3,66.57361755897351
2020,2602.760205974582,368,1,2,51.82892988972677
2021,2622.047653064732,387,1,3,56.220815122862696
2022,2723.686457438477,439,1,4,69.70288949018408
2023,2438.4297867965715,314,1,1,49.31555573987911
2024,2780.4584985542324,406,1,3,57.607203236031985
2025,2818.1753245163004,486,1,5,56.54710200740531
2026,3732.899752750404,638,1,9,57.31953161124998
2027,3042.7099882507364,428,1,4,57.489445572370165
2028,2582.2720920181364,602,1,3,50.77082797237017
2029,2955.332607440955,421,1,3,59.65635990833687
2030,3126.7288265609814,548,1,7,59.89356559706305
2031,2541.3727299118063,338,1,1,53.966196869031926
2032,2648.545233459476,389,1,3,58.80618621659717
2033,2429.429357032779,331,1,1,56.84141120780003
2034,2690.671652565004,387,1,2,56.33688229754269
2035,2521.6405791378043,347,1,2,51.46562255607864
2036,2578.332411594393,334,1,2,59.605236158458
2037,2462.8410033035316,346,1,1,52.75727757214674
2038,2567.523050918582,443,1,2,54.14362797237017
2039,2396.634737625124,328,1,1,56.190204570545454
2040,2478.4606201171896,380,1,1,94.24
2041,2498.5439280700716,384,1,4,0.0
2042,2543.763652038576,350,1,2,57.133329300468255
2043,2954.127857952125,571,1,5,54.182802955339895
2044,2842.6005119514534,399,1,3,58.66056372220182
2045,2712.6447611999583,409,1,3,57.489445572370165
2046,2485.721561012271,367,1,2,59.605236158458
2047,2673.9196533966096,371,1,2,60.68481446903192
2048,2540.163359451297,310,1,1,60.68481446903192
2049,2546.7392235565226,316,1,1,54.165988259821894
2050,2798.4154257011464,414,1,4,49.97594627730723
2051,2574.4997913742113,343,1,2,59.27303363060613
2052,2448.2394187927257,300,1,1,57.676175114814306
2053,2834.6171045684882,448,1,3,60.68481446903192
2054,2615.888434944156,357,1,2,51.98929260802243
2055,2595.869439029698,365,1,3,56.58792757143746
2056,2448.262331542972,302,1,1,60.892447915339226
2057,2576.051541862491,372,1,3,54.212170174018404
2058,3522.756649074565,557,1,7,56.031893079895006
2059,2539.152591705324,330,1,2,56.04080178478575
2060,2415.70413421631,268,1,0,88.32767999999999
2061,2457.1122790908835,307,1,1,57.78513458478576
2062,2529.7407167053266,317,1,2,56.04080178478575
2063,2696.619584274293,405,1,3,56.19567424275633
2064,3542.328358821873,561,1,8,54.97988056649038
2065,2501.4401115798983,308,1,1,59.51931229788723
2066,2521.9583606719984,325,1,1,75.62125825451236
2067,2631.4424217987084,406,1,4,61.15793458478576
2068,2622.3063172531174,329,1,1,64.37200180933657
2069,2590.82826541901,378,1,2,58.47006517365189
2070,2524.2623846459396,331,1,2,58.277696143136666
2071,2727.0509988594094,371,1,3,52.99924357387792
2072,2584.717817764286,346,1,2,56.09031585244459
2073,2435.9854166793843,296,1,1,55.717164782707705
2074,2482.537750644688,364,1,3,41.53105821533604
2075,2412.1394209480322,312,1,0,55.393714379493375
2076,2675.9834053039576,345,1,2,60.68481446903192
2077,2598.765941143039,330,1,1,74.48920840688704
2078,2417.5539391326943,286,1,0,60.48227657128408
2079,2413.3362636566194,290,1,0,59.689722608874405
2080,2631.4417189407372,341,1,1,59.08951230109147
2081,2464.6124561691317,338,1,1,53.02033907529987
2082,2447.75031658173,302,1,1,62.33524764919576
2083,2451.565703125004,339,1,2,55.11669351605189
2084,2591.926832809451,363,1,3,0.0
2085,2525.2096905899107,369,1,2,72.91722108088484
2086,2704.1088193512005,357,1,2,69.57140348088485
2087,2686.418753433235,415,1,3,57.53781043103045
2088,2464.6083454132104,310,1,1,55.3290451513292
2089,2595.5710936737114,394,1,3,61.15793458478576
2090,2676.503195037845,378,1,3,74.54440412597758
2091,2598.329717712406,336,1,2,57.774071911655845
2092,2761.7694059944242,812,1,3,72.94776418631201
2093,2415.571026268009,283,1,0,72.67361382216903
2094,2705.5382241821335,507,1,2,59.173340396180635
2095,2463.9797158050546,286,1,1,73.16062683243969
2096,2492.633988084795,318,1,1,72.75314026551158
2097,2618.0769371414226,343,1,1,75.03080395485854
2098,2627.0875418472297,356,1,1,62.62887738605492
2099,2556.5728387451213,402,1,4,73.16062683243969
2100,2562.3539889907865,302,1,1,74.15444013557048
2101,2514.8754628753695,372,1,2,73.16062683243969
2102,2645.0153492164663,334,1,2,70.18820993918061
2103,2482.951447200777,335,1,2,57.971029270826456
2104,2446.7368301010165,302,1,1,57.25097969721979
2105,2426.9333124542272,288,1,1,59.38215026101083
2106,2608.035074157718,339,1,2,60.61765249465753
2107,2460.3380213928267,329,1,2,56.04080178478575
2108,2628.7344392395003,362,1,1,76.82375534652734
2109,2484.7959040832548,329,1,2,54.74661863546506
2110,2712.7238122940084,410,1,4,57.7873956922852
2111,2418.0682200241117,286,1,0,94.24
2112,2417.8680379486086,272,1,0,67.02867657153111
2113,2618.4894081878692,341,1,3,68.31974991171906
2114,2620.8852889251725,374,1,2,57.774071911655845
2115,2606.9061040115366,354,1,2,76.45522045296892
2116,2574.819684867863,346,1,2,78.60485689840094
2117,2597.4683012771643,346,1,2,68.53308271611277
2118,2414.9395528030423,279,1,0,82.28303743325722
2119,2455.291130638126,310,1,1,81.70816899912151
2120,2524.532097892764,351,1,1,75.89190470026077
2121,2691.455749244695,354,1,2,71.69720355970983
2122,2480.0820361328138,309,1,1,76.48220285296892
2123,2587.4670588684126,314,1,1,86.35730841918505
2124,2444.219897308351,298,1,1,73.17840597206761
2125,2450.7099168777495,320,1,1,70.28333290493352
2126,2571.870010261538,316,1,1,76.45522045296892
2127,2481.7850297927885,300,1,1,76.45522045296892
2128,2546.062470340731,370,1,3,64.96976133466306
2129,2601.5875452232403,359,1,3,72.13687429833418
2130,2735.464786262516,414,1,3,87.66333688815133
2131,2590.3574245834384,323,1,1,56.07702960176984
2132,2566.809480056764,302,1,1,76.5746681662873
2133,2847.52968990326,404,1,4,54.708363112322694
2134,2721.4595433044474,366,1,3,64.50375218478575
2135,2590.73527774811,420,1,3,57.57592882667303
2136,2537.6714050292985,320,1,1,54.20312882667303
2137,2566.120840969089,348,1,2,71.89157258949145
2138,2747.743161869052,340,1,2,92.34895111064455
2139,2601.5767726898216,325,1,1,87.1971790859777
2140,2659.021570625307,348,1,2,73.2376101001642
2141,2529.4257756423976,324,1,1,93.64062677581825
2142,2530.227846393587,372,1,3,84.15229033817504
2143,2572.2800724029594,330,1,2,95.0
2144,2404.074219245913,284,1,1,76.45522045296892
2145,2536.7697253799456,312,1,1,90.13080545841706
2146,2818.50240528107,394,1,3,76.45522045296892
2147,2692.4894188690196,331,1,2,76.89018872634367
2148,2760.1642326355045,415,1,4,64.50375218478575
2149,2869.0441856765788,538,1,7,76.45522045296892
2150,2719.6149966812177,367,1,2,74.75041235042184
2151,2508.4118610262917,350,1,2,61.62394373466306
2152,3081.4694570922898,483,1,6,71.31736437632689
2153,2751.5157915115415,380,1,3,75.03080395485854
2154,2461.766766586307,293,1,1,73.16062683243969
2155,2708.615237693791,391,1,3,73.0804135454242
2156,2919.651303329473,448,1,5,73.16062683243969
2157,2669.000113754277,331,1,2,73.16062683243969
2158,2714.772742938997,395,1,3,76.92472302925552
2159,2994.960185699469,446,1,5,71.10296410235256
2160,2767.356286926277,414,1,4,73.08119608683654
2161,2500.414129467013,339,1,2,69.71971455345673
2162,2745.389268722537,383,1,3,71.7928250415976
2163,2432.476348323825,299,1,1,75.50903188754
2164,2639.74759933472,319,1,2,72.31571170627112
2165,2590.52173847199,433,1,1,72.57674545276174
2166,2432.0766350364715,282,1,1,61.45740851319936
2167,2556.799513196947,345,1,2,61.47276706155926
2168,3119.712567825323,459,1,5,78.14912593367185
2169,2537.5182992172267,294,1,1,72.94776418631201
2170,2755.7746616935756,332,1,2,69.71971455345673
2171,2541.6885900974316,370,1,3,58.25114373466306
2172,2742.616448287969,376,1,4,61.15793458478576
2173,2452.8640254592924,387,1,2,74.55021105850038
2174,2521.2886728668236,348,1,1,79.65131379563952
2175,2634.815653381351,367,1,3,71.65353894542278
2176,2686.782567214971,350,1,2,71.81371944677308
2177,2725.233096580511,426,1,3,61.87313187069284
2178,2677.324061927798,362,1,3,74.39303393068901
2179,2553.2793424606375,335,1,2,71.2727203662661
2180,2834.332992782593,368,1,2,68.31974991171906
2181,2598.994666347506,337,1,1,70.53400650341189
2182,2577.4834194183372,330,1,2,68.31974991171906
2183,2474.1319559860262,311,1,2,64.50375218478575
2184,2578.718832588198,315,1,1,68.26557542837642
2185,2598.124495067598,323,1,2,69.71971455345673
2186,2444.6996676635777,314,1,2,52.62673458478575
2187,2521.392810897831,321,1,1,71.8278898226077
2188,2395.9127242469804,303,1,1,72.77926953480375
2189,2417.2786038970958,367,1,0,75.96796617482696
2190,2489.450873107913,344,1,2,74.64580388863891
2191,2470.0175315856955,310,1,2,64.50375218478575
2192,2545.6688697814952,345,1,2,69.73205341200585
2193,2751.0412630462665,368,1,4,0.0
2194,2789.2674013137876,365,1,3,79.83981766045561
2195,2520.696630249028,322,1,2,57.78513458478576
2196,2416.0023517990135,283,1,0,72.201259383148
2197,2376.375295181278,299,1,1,73.09991980911998
2198,2446.4043559646625,307,1,1,76.45522045296892
2199,2414.3501406478886,276,1,0,73.55898545619237
2200,2411.4542312240624,292,1,1,62.787217072286545
2201,2499.0175377655046,356,1,2,75.63139763291468
2202,2628.423975105289,369,1,3,76.45522045296892
2203,2769.7717297935533,388,1,3,76.57838984476341
2204,2596.3049764823936,359,1,3,74.7093462385083
2205,2622.7121081924465,327,1,1,71.89137232408692
2206,2932.2700639724776,480,1,3,76.45522045296892
2207,2729.584189720157,339,1,2,72.34769590356984
2208,2538.4757502746606,334,1,2,55.72192617008811
2209,2605.185509891512,314,1,1,71.82357907932575
2210,2652.363551635746,409,1,4,82.38108089239118
2211,2627.2511302566554,337,1,2,72.55626904468892
2212,2679.9510995292685,338,1,2,74.7093462385083
2213,2418.272559051516,291,1,0,89.18567724916427
2214,2601.7944146728546,342,1,2,75.17763501635753
2215,2428.577235584265,366,1,1,73.84711374237308
2216,2410.7057362747228,284,1,1,71.32272565515021
2217,2549.1791276931813,365,1,2,83.3266998720015
2218,2419.1440304565463,346,1,0,75.56534192433465
2219,2578.5705783462563,317,1,1,72.99358805012854
2220,2602.5261064529427,395,1,3,76.45522045296892
2221,2456.516729011537,288,1,1,76.45522045296892
2222,2849.8994845199636,416,1,5,62.787217072286545
2223,2786.8899368381544,382,1,2,73.24401808090867
2224,2530.0866931343107,353,1,2,69.82525258889882
2225,2748.525038032535,381,1,4,73.71639919034855
2226,2655.504447250369,386,1,3,72.74291786881442
2227,2548.40346281052,314,1,1,74.7093462385083
2228,2469.609017791751,328,1,1,72.47664668482842
2229,2460.707398681642,301,1,1,73.29602542353754
2230,2814.7367638015767,378,1,3,69.73323549408741
2231,2639.2217796134983,366,1,2,71.47249933879105
2232,2491.977616653446,302,1,1,74.16174202257031
2233,2563.531738166812,336,1,2,76.45522045296892
2234,2416.897970008852,275,1,0,72.88632536237716
2235,2512.6600299072306,304,1,1,93.44214022699924
2236,2414.3578617095964,320,1,0,78.89770705011576
2237,2671.3960883331324,339,1,2,71.87315952377452
2238,2644.6156816482585,380,1,3,76.45522045296892
2239,2679.0368087768616,485,1,3,73.91279444623495
2240,2470.4068273544335,320,1,2,62.787217072286545
2241,2699.6713121795697,368,1,2,79.09258693314615
2242,2662.4824516677877,348,1,2,76.45522045296892
2243,2449.988364658358,302,1,1,76.67948212281458
2244,2690.319425849918,336,1,2,71.43277365616892
2245,2649.0769130325366,357,1,3,67.85266058647696
2246,2444.2992680740367,344,1,2,76.45522045296892
2247,2760.343120384221,380,1,3,62.787217072286545
2248,2448.7026737213173,320,1,2,73.34838369391586
2249,2706.9425378036517,359,1,2,70.8940507696582
2250,2622.64056468964,307,1,1,76.37371397791803
2251,2911.590420684822,547,1,5,73.75374983835245
2252,2459.9448198056234,307,1,1,82.40658806266184
2253,2638.991465339664,322,1,1,76.45522045296892
2254,2739.3037913894673,352,1,2,76.45522045296892
2255,2823.1400379943875,346,1,2,76.64604093919867
2256,2607.9879446411182,413,1,3,77.59028855161026
2257,2464.8066846466086,297,1,1,79.79330935468757
2258,2511.355654525762,330,1,2,72.70965722014924
2259,2711.77472888947,344,1,2,76.45522045296892
2260,2555.591481676105,358,1,2,62.708556811100195
2261,2900.9239685630846,397,1,3,87.66784413594002
2262,2975.957554969793,412,1,3,75.38921397981822
2263,2416.5422566604634,294,1,0,76.29888058155586
2264,2820.519465255741,380,1,4,91.2354112822614
2265,2550.9027271652253,318,1,2,83.20757959342347
2266,2416.321808738711,269,1,0,80.17480670489778
2267,2588.538101081853,371,1,3,76.45522045296892
2268,2635.8695889949827,415,1,2,73.6167905490606
2269,2478.9121347618134,304,1,1,74.54969069747078
2270,2466.6262377929734,294,1,1,80.33288423315736
2271,2590.84009658814,324,1,1,81.12387656139734
2272,2447.8465930557268,292,1,1,79.98735704127125
2273,2732.9003683853184,371,1,2,75.17763501635753
2274,2414.296434898379,279,1,0,76.93727909445062
2275,2625.6642693328868,341,1,1,81.1533441752051
2276,2636.2226905822818,340,1,3,59.42755644718575
2277,2653.5700562286424,351,1,3,76.5208290863661
2278,2664.4291557693514,348,1,2,76.45522045296892
2279,2570.1018046951326,337,1,2,76.45522045296892
2280,2617.934225158693,336,1,1,79.3906621287558
2281,2777.706085567479,386,1,3,89.31740302137646
2282,2830.3264925003145,570,1,4,62.91993343201673
2283,2922.1551515197807,412,1,4,0.0
2284,2449.769773521426,323,1,2,76.84324068214924
2285,2413.9115505600016,403,1,3,74.35287688665198
2286,2779.4074156189,343,1,2,84.17678288252043
2287,2574.956394386294,325,1,1,74.76266810314253
2288,2472.951758308415,299,1,1,73.12936136937653
2289,3047.457398605351,465,1,5,81.17020301489087
2290,2418.4508761215225,271,1,0,74.0805932649395
2291,2769.0083956909198,514,1,2,74.50506400069554
2292,2747.6036775779776,384,1,3,80.63189787921849
2293,2478.4641411209122,308,1,1,73.12936136937653
2294,2548.5722576093704,374,1,3,76.3767514503086
2295,2476.6247972106967,292,1,1,76.42497540501572
2296,2568.1810207748435,358,1,2,69.41781393622666
2297,2419.48518875122,291,1,0,74.5047343920835
2298,2414.263213195804,313,1,0,76.69263808338344
2299,2489.825805854799,330,1,2,59.54023445851565
2300,2763.3840742874186,396,1,3,79.72028927255221
2301,2442.9472853660623,305,1,1,55.12773662515537
2302,2556.9770603942898,326,1,1,76.49849026996763
2303,2434.0877251052884,293,1,1,76.45522045296892
2304,2614.822633514407,312,1,1,74.34116808100634
2305,2419.2734294128454,284,1,0,75.02833330417779
2306,2542.2754190921823,330,1,2,73.69756218739485
2307,2466.23228645325,305,1,1,51.66780859068832
2308,2544.1526886367824,308,1,1,75.17763501635753
2309,2486.220193729404,312,1,1,81.182286632263
2310,2889.27992420197,405,1,3,76.45522045296892
2311,2659.447704677585,341,1,2,76.21499929443442
2312,2647.377104988101,353,1,2,76.45522045296892
2313,2417.56521018982,283,1,0,77.4500864877467
2314,2659.500595474247,345,1,2,80.01274983383787
2315,2481.4207746887237,303,1,1,75.43068681147285
2316,2914.6498587131523,415,1,3,74.80842799045031
2317,2609.290200881959,316,1,1,71.91739902429622
2318,2714.537845764163,347,1,2,65.55857831447486
2319,2883.7587368011505,405,1,3,55.30480601577068
2320,2412.00140174866,303,1,1,64.34392951258319
2321,2541.5805681610136,308,1,1,58.68709725268209
2322,2531.1986790275605,347,1,1,64.83976198926946
2323,2468.409785842898,320,1,1,68.14243860782405
2324,2863.0769686126787,418,1,4,62.787217072286545
2325,2495.7446015930195,307,1,1,60.21993129079638
2326,2442.778084983828,423,1,1,62.75600221914979
2327,2471.892517356875,316,1,1,62.47130158486818
2328,2533.125365467076,299,1,1,57.616583508254905
2329,2456.3025422668497,312,1,1,55.7603367021515
2330,2635.445042991641,330,1,2,59.531658814078284
2331,2686.646767578128,337,1,3,44.87644109011228
2332,2715.9439650201857,363,1,3,52.94156706155926
2333,2621.700959053043,333,1,2,57.735989533005494
2334,2667.3625386047406,346,1,2,66.3741566734833
2335,2448.082084045413,312,1,1,67.3782878769843
2336,2559.7257519912764,384,1,2,76.44689654183948
2337,3036.871342029576,438,1,4,58.20789200972398
2338,2455.0055304813413,331,1,2,59.833237351879696
2339,2603.2024233627358,296,1,1,57.6117488014341
2340,2455.6727548980757,303,1,1,57.28801257993276
2341,2476.088176155093,315,1,1,57.45104631813659
2342,2613.89842384339,336,1,2,59.586595636325725
2343,2733.5312659835836,372,1,2,61.10912521093238
2344,3103.820320167547,778,1,6,58.58701975686208
2345,2617.395832672123,338,1,1,57.838599316968086
2346,2456.7902038192774,302,1,1,73.36333692930074
2347,2589.538228149418,354,1,2,47.57722348240345
2348,2599.7741210937534,355,1,2,88.32767999999999
2349,2511.1614714622533,340,1,1,57.029290553367986
2350,2577.3314704513596,417,1,3,59.82667023833817
2351,2505.2314953231853,323,1,2,76.56109503293084
2352,2604.2170924758943,312,1,2,67.01638119876364
2353,2775.6333134079036,368,1,3,58.3295414678448
2354,2665.1353000259423,302,1,1,72.31513490889044
2355,2700.839317569739,387,1,3,52.78541519023675
2356,2838.907262039189,355,1,3,56.096473351343356
2357,3372.4357138633795,510,1,7,74.69505436130656
2358,2673.031405372622,324,1,2,57.851705284342984
2359,2868.435992794043,401,1,4,74.69505436130656
2360,2770.3947769737283,372,1,3,74.69505436130656
2361,2829.006863861088,351,1,2,70.77844286721611
2362,2628.823278522493,320,1,1,52.04514466522331
2363,2670.068275089266,324,1,2,54.757534857240614
2364,2736.172410955433,388,1,3,51.02516487333536
2365,2902.8137516593993,417,1,5,61.702341467844796
2366,2572.535184326172,353,1,2,84.23280254231507
2367,3012.716935539254,420,1,4,61.702341467844796
2368,2772.5456566715256,353,1,2,74.09249635229418
2369,2768.4124889373807,410,1,3,71.09693420970339
2370,2710.4664398956356,381,1,2,66.65073775123874
2371,2785.736801261904,399,1,4,61.702341467844796
2372,2984.202528800971,423,1,5,61.702341467844796
2373,2583.485045623782,315,1,1,70.77844286721611
2374,2758.577676281933,412,1,4,54.53334500278592
2375,2687.2584528350885,338,1,2,79.41620798195989
2376,2607.4649255085055,321,1,2,53.3742566454192
2377,2537.0460408782988,392,1,3,59.44941915673443
2378,2531.703375701908,306,1,1,70.77844286721611
2379,2414.538065071107,269,1,0,86.5467640972491
2380,2637.8811100769085,366,1,3,46.301999695177585
2381,2490.7219573974608,320,1,1,77.51304213450351
2382,2511.695024833683,322,1,2,66.0936218989012
2383,2634.869893569951,344,1,2,58.44224961909963
2384,2459.1679557800335,370,1,2,70.77844286721611
2385,2510.9829916000404,385,1,3,70.10010672448205
2386,2426.052202081682,295,1,1,58.85385030901349
2387,2544.7563951110874,312,1,2,70.77844286721611
2388,2415.080038261414,275,1,0,70.8940507696582
2389,2821.8616111755396,405,1,3,71.43441821909629
2390,2441.169353084566,331,1,1,72.1893488715314
2391,2572.842919464116,299,1,1,77.26027705352948
2392,2710.1410108184846,337,1,2,58.89243226726476
2393,2525.032282409672,307,1,1,73.21527743293083
2394,2597.192856063845,343,1,2,58.84268765292702
2395,2457.2894236373913,306,1,1,59.2078751291131
2396,2540.7577676773076,295,1,1,70.8940507696582
2397,2584.046941108704,314,1,1,69.62013198150996
2398,3205.5897682952955,426,1,4,76.57600207452916
2399,2495.193188591008,319,1,2,61.702341467844796
2400,2618.715832290652,307,1,1,56.58926682615027
2401,2912.265069885258,364,1,3,71.34923676130657
2402,2424.739292964939,297,1,1,74.69505436130656
2403,2514.9739370727552,323,1,3,0.0
2404,2648.546119365694,347,1,2,78.38336709000458
2405,2679.2760736084015,377,1,3,72.5167672217
2406,2586.2382881927533,341,1,2,54.755097078429486
2407,2681.671976890569,338,1,2,69.33722227177579
2408,2573.8507083702125,366,1,3,74.69505436130656
2409,2824.2985586929362,401,1,2,63.213019607764664
2410,2907.4300626754825,455,1,5,58.3295414678448
2411,2477.0672607421907,340,1,2,58.67674810189595
2412,2715.776880760199,364,1,2,78.04108782050656
2413,2465.774897117619,299,1,1,59.193165947232586
2414,2597.123962144856,346,1,2,58.740044724474956
2415,2481.106781654362,321,1,1,72.50467120157487
2416,2413.49232120514,340,1,0,61.27522909149113
2417,3550.857680120472,603,1,12,58.09996706155926
2418,3060.0998692321805,481,1,6,54.73450528758175
2419,2571.639492416388,350,1,1,74.69505436130656
2420,2515.386217079168,352,1,2,57.783093124580475
2421,2543.3417099571266,342,1,2,74.69505436130656
2422,2727.4535605430624,350,1,3,74.69505436130656
2423,2442.4558803558375,345,1,2,61.88665642972344
2424,2613.212899665835,331,1,1,60.33793998879509
2425,2799.980982418063,379,1,3,74.69505436130656
2426,2606.4525714111373,384,1,3,59.0171770755913
2427,2554.8047010040314,332,1,2,58.33391195183802
2428,2518.7899490737937,328,1,2,56.21950219005963
2429,2414.6159535598795,284,1,0,53.44147055899388
2430,2808.0787439346336,370,1,3,58.61060260668811
2431,2532.6355880546616,316,1,2,58.09996706155926
2432,2501.999879093174,299,1,1,51.155931858914975
2433,2449.9387314987184,359,1,2,56.49549707334383
2434,2532.6990655517598,317,1,2,52.94156706155926
2435,2682.729866580969,411,1,4,61.47276706155926
2436,2414.4100721168547,281,1,1,61.47276706155926
2437,2656.5652719879176,363,1,3,0.0
2438,2625.3769542121927,383,1,3,53.018707340224495
2439,2569.416950378421,352,1,3,59.52879398740297
2440,2516.318086109166,362,1,3,60.58051134559939
2441,2461.3500797271754,310,1,1,64.95236743548934
2442,2761.6974469757124,422,1,4,55.97595943511742
2443,2920.425922203071,405,1,3,62.124010504246726
2444,2563.5998077583363,344,1,2,51.744331747124214
2445,2493.6854748153714,333,1,3,55.81369424640156
2446,2731.164399280552,403,1,3,55.6936300466382
2447,2643.5786854934727,379,1,2,58.20745174532003
2448,2684.1191805267376,353,1,2,56.228100433317316
2449,2692.7727971267723,379,1,2,61.289440521050224
2450,2411.209178752901,284,1,0,59.181050168751305
2451,2447.571411628726,304,1,1,61.11375553283836
2452,2552.91665541649,329,1,2,84.48888210146988
2453,2466.5489046955126,298,1,2,73.66000614025727
2454,2652.305060806279,383,1,4,82.02059195095819
2455,2877.6046487999024,384,1,3,74.69505436130656
2456,2417.3577274704,278,1,0,94.24
2457,2607.998918819432,315,1,2,74.69505436130656
2458,2413.4265451240544,281,1,0,77.11529991895164
2459,3061.3773323440605,448,1,5,78.5266525493562
2460,2506.650591449743,346,1,1,61.19396281406326
2461,2461.9457235145605,301,1,1,74.72203676130657
2462,2410.080863523487,285,1,0,73.66000614025727
2463,2722.6468416976963,381,1,3,61.47562853642246
2464,2773.323661918646,339,1,2,54.81505928674971
2465,2433.7510214805625,300,1,1,74.69505436130656
2466,2734.2187365722702,399,1,3,61.56092261092127
2467,2548.8510207653094,365,1,1,55.86500039405747
2468,2951.315307617191,430,1,5,44.87644109011228
2469,2465.334774780277,330,1,2,76.32613305651591
2470,2551.438180465699,304,1,1,71.37330976264614
2471,2452.7750937461888,300,1,1,74.69505436130656
2472,2475.246331253052,298,1,1,59.80904617201366
2473,2817.16211837769,368,1,2,75.40560814779816
2474,2466.0903123855614,325,1,1,78.52061691146851
2475,2786.4697301483207,412,1,4,74.97666802349563
2476,2411.23197398186,275,1,0,79.05269939001775
2477,2506.460823516852,326,1,2,92.53897377305518
2478,2674.6791293907204,376,1,3,74.69505436130656
2479,2411.223716135026,279,1,0,85.2461550250855
2480,2849.944824447635,388,1,2,80.53330922205225
2481,2737.726796798709,491,1,5,73.64134865705456
2482,2490.44169685364,349,1,2,73.05296820855686
2483,2604.5813339805636,327,1,1,74.69505436130656
2484,2411.0412539863614,293,1,0,81.1886139699138
2485,2622.4698886680626,351,1,2,74.69505436130656
2486,2414.0365065765404,284,1,0,73.98131676740489
2487,2551.0185551071195,333,1,2,85.26532904418326
2488,2450.8144723510745,337,1,1,83.0348273156989
2489,2411.2769856071486,282,1,0,67.58792969627899
2490,2417.6523381805437,277,1,0,75.21797559090336
2491,2453.9358174514778,294,1,1,77.47029392641612
2492,2543.5316233825706,319,1,1,77.32542182473686
2493,2598.5664461517335,338,1,1,83.31242228747004
2494,2413.5508564186102,289,1,0,79.05269939001775
2495,2592.5760206222562,320,1,1,74.93154487411438
2496,2421.955884666445,359,1,2,72.0943287948891
2497,2604.331678023342,343,1,2,61.47276706155926
2498,2484.2956434750586,298,1,1,85.17024405390109
2499,2459.796883101465,349,1,2,61.47276706155926
2500,2518.980916595462,300,1,1,73.97650365241776
2501,2481.817748909,311,1,1,67.70208552818583
2502,2434.9864574050953,322,1,1,74.92592320977575
2503,2826.3355849075365,426,1,3,66.18675356967691
2504,2509.08422851563,315,1,2,55.88881093281455
2505,2694.015655899052,345,1,2,92.35939593548194
2506,2463.732733402253,312,1,1,57.6690587937594
2507,2682.905592651368,354,1,3,77.55663420096222
2508,2475.4416754150416,298,1,1,88.37484287897179
2509,2511.4353461074834,306,1,1,72.05238711583205
2510,2409.039443130496,304,1,1,74.03293468799825
2511,2758.235050277713,356,1,3,0.0
2512,2468.5563782882714,309,1,1,76.30484463853942
2513,2585.222269544607,342,1,2,61.47276706155926
2514,2600.494137153627,332,1,2,62.99706981946233
2515,2467.5090477371205,318,1,1,77.32542182473686
2516,2665.828761243825,360,1,3,61.47276706155926
2517,2413.28684522629,289,1,0,56.812791873254405
2518,2424.7936346817028,331,1,1,58.631030975331434
2519,3622.1614373207167,610,1,9,57.63898384973782
2520,2709.027495727543,387,1,3,79.98402889149652
2521,2542.091215133668,295,1,1,76.67910718991838
2522,2413.5389951515235,276,1,0,77.38181232654533
2523,2443.4125416183488,293,1,1,85.17024405390109
2524,2417.5693526077303,271,1,0,72.718881305488
2525,2588.383451232912,322,1,1,69.97048890052332
2526,3551.366137313853,735,1,7,72.94884831116705
2527,2569.0983781814607,320,1,1,79.517277630302
2528,2408.9255331039444,285,1,1,77.9704872122232
2529,2676.613763885501,391,1,4,78.76710174863737
2530,2627.3881165695216,344,1,1,80.58490910378565
2531,2604.785967254642,375,1,3,77.72099107022825
2532,2710.3855068588286,383,1,3,77.9704872122232
2533,2414.5534170913716,266,1,0,79.05269939001775
2534,2817.6328206443845,433,1,2,59.77204051744031
2535,2651.016333866123,325,1,1,73.80889042485266
2536,2411.3923061752344,273,1,0,60.61800323072632
2537,2625.9930870437656,338,1,1,69.26841911982841
2538,2761.1376678466854,345,1,3,0.0
2539,2492.9241052055404,328,1,1,77.16727194010251
2540,2543.3640575027503,322,1,1,64.99200420918162
2541,2626.321271705633,345,1,1,66.90063927971153
2542,2850.7678115367958,375,1,3,61.47276706155926
2543,2602.2799638748183,305,1,1,63.63461779786137
2544,2638.835402183535,341,1,3,64.66116334539313
2545,2413.0369642829924,262,1,0,65.2909182841768
2546,2544.8463667297387,353,1,2,74.5071770926998
2547,2487.3029492187534,346,1,2,56.283342464525404
2548,2418.2408521652246,285,1,0,68.87138577209802
2549,2599.650345611577,380,1,3,72.56674753253131
2550,2439.6576655197177,296,1,1,70.27553907639704
2551,2486.00578807831,343,1,2,70.27553907639704
2552,2534.983310546877,333,1,2,56.32119573259211
2553,2603.102156438832,353,1,2,58.58023277540258
2554,2640.2981883049047,390,1,3,65.25121600594338
2555,2463.461660156254,287,1,1,60.73035681018335
2556,2622.828655300144,347,1,1,71.36363792476537
2557,2573.2809611892735,377,1,3,61.57019479386305
2558,2477.336875357632,318,1,1,62.01065895915002
2559,2675.753102264409,392,1,4,80.48878059381883
2560,2496.494296865466,481,1,3,77.54746602938388
2561,2411.9687465858474,284,1,0,71.54418190595577
2562,2476.419171925785,298,1,1,71.05066413722173
2563,2593.564013061528,457,1,1,56.92106267409458
2564,2745.2721772241653,446,1,3,70.54550154994605
2565,2457.534797019961,304,1,1,54.536418761057426
2566,2408.773828125002,290,1,0,60.14704772336515
2567,2828.3660589695032,355,1,2,83.9237411462357
2568,2469.1663125801115,326,1,2,79.28929171901574
2569,2733.0752260589634,388,1,3,95.0
2570,2644.8844451904324,355,1,2,85.86945533837152
2571,2642.2962214279205,371,1,2,77.81286925212854
2572,3095.0206558609107,443,1,4,58.89648412992613
2573,3268.833937988288,492,1,5,80.63219304239709
2574,2686.055858869558,414,1,3,81.81097795491293
2575,2687.0976506042525,346,1,2,73.7027464375456
2576,2934.4169507598963,447,1,4,73.18474775261771
2577,3652.1518094563585,523,1,7,52.38973624296337
2578,2411.7682153701808,275,1,0,85.93779805382155
2579,2678.9619681644467,341,1,1,85.69448435360933
2580,2431.5906557464623,293,1,1,85.31603143194349
2581,2799.8351502990768,412,1,4,61.01653598577066
2582,3145.320778255473,476,1,6,83.82873439411838
2583,2739.0533782959005,350,1,2,72.3566881685195
2584,2408.1595030689273,413,1,0,94.24
2585,2729.362788581853,355,1,3,74.15807143419923
2586,2949.8610053253237,444,1,5,51.66780859068832
2587,2689.459401855475,392,1,4,66.5811522514636
2588,2563.668545227056,346,1,2,71.00891334246785
2589,2409.3849795126935,263,1,0,78.66980384043586
2590,2533.3175976562525,311,1,1,74.0870663061195
2591,2442.225594673159,297,1,1,64.58152273610203
2592,2627.7190434384383,356,1,2,37.81961959846506
2593,2788.3208060932234,454,1,5,51.752165772639245
2594,2744.073134212499,376,1,3,80.54550857773158
2595,2837.334170494087,377,1,2,76.26041132816539
2596,2423.112128906252,296,1,1,57.87038132441211
2597,2463.421494140627,308,1,1,88.32767999999999
2598,2826.669064331059,405,1,3,59.50126834519943
2599,2735.291478881841,407,1,4,51.21911957753209
2600,2736.7070304203075,366,1,3,72.26290811806989
2601,2569.324757690434,384,1,3,57.686729451747055
2602,2495.6218023681668,313,1,2,54.64954782251253
2603,2745.698945975308,420,1,4,52.280492362691646
2604,3226.838408203136,734,1,7,54.90516487571109
2605,2441.7833984375047,520,1,1,83.89929499624354
2606,2631.0393017578126,416,1,2,80.75193496531949
2607,2582.043895788193,409,1,1,75.02391794386423
2608,2559.3421923828155,349,1,2,47.962505447569136
2609,3920.9353906250167,802,1,8,9.40532441724822
2610,2412.764166297916,308,1,0,67.40065447429456
2611,2451.334013671879,349,1,2,51.18474535354952
2612,2476.357339115146,314,1,2,61.09434585926112
2613,2559.2931558609057,350,1,3,66.50134141792165
2614,2496.6308332061794,307,1,1,72.42324818266526
2615,2613.6287196350145,359,1,2,73.52098626230791
2616,2440.1607488727605,292,1,1,67.45806166344701
2617,2516.145917968756,366,1,3,23.8986747096887
2618,2636.9666210937526,401,1,2,81.64856710465175
2619,2500.5153076171987,755,1,1,31.552961421891872
2620,2623.42639677048,364,1,3,69.4581975708898
2621,2475.9804906654385,326,1,1,70.96187979761297
2622,2805.6622802734437,405,1,3,54.65802405605346
2623,2736.3181462574057,361,1,2,74.97802302601077
2624,2504.636152038578,362,1,2,70.93511325681297
2625,2415.974742584232,286,1,0,55.84562392578775
2626,2417.4040370559715,282,1,0,65.7848715206967
2627,2450.6805177307165,312,1,1,62.143371858293094
2628,2409.733300476077,306,1,1,70.93511325681297
2629,2412.4574310302746,270,1,0,88.32767999999999
2630,2582.454528141024,355,1,2,53.65728681943749
2631,2457.8828453826936,331,1,1,64.35659418370136
2632,2411.4491228389757,271,1,0,58.21782607270698
2633,2414.8333116531376,290,1,0,46.82960289026149
2634,2641.7757290840173,395,1,2,56.4843298117695
2635,2494.961535224916,337,1,2,74.54089885683821
2636,2594.739693603519,317,1,2,0.0
2637,2416.108868675235,291,1,0,80.11064310349335
2638,2505.5369042968778,312,1,1,89.08754322476995
2639,2444.1496842575116,334,1,1,75.90213844462295
2640,2599.838974838261,336,1,1,74.20843703722774
2641,2415.6799820709257,311,1,1,69.40888168545952
2642,2414.5902193450947,278,1,0,61.135652659892315
2643,2799.049777832033,378,1,2,75.58694099168571
2644,2742.454155197151,403,1,3,75.0192383832059
2645,2531.8621566772495,310,1,1,83.0579045594087
2646,2412.6555566978473,279,1,0,58.190843672706976
2647,2656.3943531322507,351,1,2,78.3504160657817
2648,2596.599272565843,301,1,1,78.3504160657817
2649,2482.032701454166,317,1,1,74.69621375571238
2650,2416.780726242068,270,1,0,58.609640375562954
2651,2425.888301200869,289,1,1,61.563643672706974
2652,2520.632050676348,339,1,2,58.08013417190251
2653,2410.0449462890656,350,1,2,35.62228670606854
2654,2408.8109379875686,291,1,0,89.08754322476995
2655,2415.102741775514,267,1,0,71.25368683119318
2656,2524.3833502388024,342,1,2,78.09931007897178
2657,2492.318630027772,315,1,1,61.05141930146247
2658,2441.313965339664,289,1,1,54.31983284366854
2659,2493.706665039069,465,1,1,87.66784413594002
2660,2450.2504938507113,323,1,1,70.56921917685304
2661,2408.8815983676923,323,1,1,56.23162032922474
2662,2555.11307956696,329,1,2,70.91972934901824
2663,2479.6644976997395,288,1,1,88.37484287897179
2664,2410.9510402298006,292,1,0,72.62562101684475
2665,2459.822560119633,325,1,1,78.71440299822152
2666,2417.3267435455336,273,1,0,77.41686674952854
2667,2416.3329204940815,278,1,0,70.39676873455662
2668,2409.0938281250037,274,1,0,87.66784413594002
2669,2554.9033931541476,311,1,2,74.9776160657817
2670,2580.27939901352,300,1,1,72.33707441716547
2671,2411.683271942142,302,1,0,86.56226047897178
2672,2445.3731738281276,319,1,1,35.62228670606854
2673,2446.4962602043174,298,1,1,73.99365907539462
2674,2603.300119476321,361,1,2,71.01065789353434
2675,2415.402057304386,273,1,0,88.37484287897179
2676,2431.66131835938,292,1,1,94.24
2677,2448.7099882888806,331,1,1,69.10166851289848
2678,2417.978673896792,292,1,0,70.15264824343433
2679,2585.4514160156295,350,1,2,74.14095921284185
2680,2414.693469734193,259,1,0,88.37484287897179
2681,2447.507464418416,292,1,1,75.6086142490664
2682,2445.5876026439696,281,1,1,78.3504160657817
2683,2423.687471199038,325,1,1,54.31983284366854
2684,2418.536384887698,304,1,0,79.34434545302099
2685,2521.859457035067,314,1,1,88.32767999999999
2686,2579.5288943481482,344,1,2,81.41836113817179
2687,2593.2174902343813,358,1,2,38.58109687876163
2688,2597.2531783103996,305,1,1,74.9776160657817
2689,2536.3644174122846,333,1,2,86.71707835090909
2690,2592.610497913363,307,1,1,69.81921606578169
2691,2631.49536132813,330,1,2,93.48608
2692,2595.4823670196606,336,1,1,87.66784413594002
2693,2571.8044117736836,321,1,1,84.64759115400196
2694,2408.933828125003,282,1,0,93.90303301814714
2695,2446.366083984379,301,1,1,93.48608
2696,2411.7544121933024,269,1,0,88.37484287897179
2697,2488.664550781254,295,1,1,84.86977258398676
2698,2594.063154335025,334,1,2,78.64551446874444
2699,2419.6158398437537,301,1,1,77.22729547809065
2700,2453.0315631485014,337,1,1,80.53712248923864
2701,2450.873207483293,322,1,1,85.37183301814713
2702,2469.9072558593775,289,1,1,93.48608
2703,2832.82271198273,393,1,4,87.66784413594002
2704,2414.720048179628,268,1,0,90.9603427866664
2705,2834.438869132998,378,1,2,87.99340875400196
2706,2604.3278160476725,318,1,1,88.37484287897179
2707,2600.701750488285,344,1,1,84.165077385761
2708,2420.730234146121,275,1,0,94.24
2709,2471.3296972656276,303,1,1,93.48608
2710,2472.7339223051094,303,1,1,70.57274942427647
2711,2585.4417127990782,308,1,1,91.26031554248704
2712,2470.8083435821577,306,1,1,92.73819136
2713,2458.502871093755,317,1,2,48.37936577263925
2714,2601.517910156253,317,1,1,86.043391452481
2715,2639.5773482322747,345,1,2,83.17959888675931
2716,2412.354491004946,277,1,0,89.80599115400196
2717,2551.865908203129,307,1,1,90.20109203184592
2718,2414.9844635772747,271,1,0,80.30359844673046
2719,2536.196878471377,308,1,1,89.24256239514001
2720,2409.473828125002,255,1,0,87.66784413594002
2721,2741.6181915283246,355,1,3,93.48608
2722,2938.1164961624213,456,1,4,88.61096657169092
2723,2646.0480780792263,349,1,2,83.03806968353496
2724,2814.0465394592334,397,1,3,85.83839930046338
2725,2793.3269287872367,366,1,2,91.99628582912
2726,2674.015111064915,355,1,2,79.17934098540896
2727,2412.99892095566,293,1,0,86.03407960133438
2728,2531.2925043487585,328,1,1,89.80599115400196
2729,2456.738173828127,332,1,1,82.73022851879114
2730,2613.996269531254,329,1,1,93.48608
2731,2511.5281347656287,293,1,1,93.48608
2732,2488.0943740081816,299,1,1,86.4405114285623
2733,2612.1402636718785,324,1,1,93.48608
2734,2597.876662654881,309,1,1,77.70938871552589
2735,2596.5155877685593,302,1,1,80.04195223115636
2736,2649.016186809543,350,1,2,75.09738782561637
2737,2554.589559020999,323,1,2,90.53023301814714
2738,2413.873303070069,263,1,0,88.37484287897179
2739,2672.8682128906285,340,1,2,86.77704337061685
2740,2514.2125404548674,339,1,2,94.24
2741,2409.0538281250033,276,1,0,95.0
2742,2517.381474094393,326,1,1,95.0
2743,2408.8138281250035,288,1,0,80.83687738163167
2744,2857.7719914627173,479,1,5,83.11761820810445
2745,2416.505504646305,273,1,0,94.24
2746,2559.498227958683,321,1,1,86.77371331248008
2747,2752.415649604804,370,1,3,94.24
2748,2669.346841850285,368,1,2,77.75844192982451
2749,2602.085498046879,310,1,1,85.40970645610894
2750,2634.740317382818,383,1,4,93.48608
2751,2533.7419433593773,295,1,1,93.90303301814714
2752,2595.0880130004916,324,1,1,79.21201776926502
2753,2425.2572076547153,321,1,1,85.89365746074259
2754,2409.1138281250023,273,1,0,88.37484287897179
2755,2493.246396484378,333,1,2,79.98346287525182
2756,2425.346604766848,308,1,1,82.96970688576508
2757,2628.861899032596,358,1,1,76.69492959954296
2758,2551.091015625006,330,1,1,82.94612687606362
2759,2485.681225619318,302,1,1,78.75053761076322
2760,2707.5114746093795,355,1,2,93.48608
2761,2655.1098915863063,406,1,3,86.22472937078783
2762,2620.185090332032,336,1,1,89.08754322476995
2763,2392.0805558633824,314,1,1,90.53023301814714
2764,2409.5900732946425,284,1,0,90.53023301814714
2765,2587.3638916015652,340,1,2,80.31655916210879
2766,2508.744648437504,321,1,2,90.53023301814714
2767,2411.458596305848,276,1,0,88.37484287897179
2768,2493.211258850103,317,1,1,84.49203462005498
2769,2513.500566406253,374,1,3,83.1968430580953
2770,2478.7583227539108,318,1,1,90.53023301814714
2771,2693.7416026306173,424,1,4,88.09233812689999
2772,2504.305500488284,346,1,2,94.24
2773,2683.2517944335964,370,1,2,71.92763695981989
2774,2518.4956622314508,329,1,2,93.48608
2775,2591.7705352783264,340,1,2,93.48608
2776,2484.9001054954556,324,1,1,87.99340875400196
2777,2490.4366308593785,358,1,2,90.53023301814714
2778,2739.9751869964634,396,1,3,94.24
2779,2561.073134765629,317,1,1,93.48608
2780,2783.3585527801533,373,1,2,82.84950941320197
2781,2507.5875118255644,405,1,2,83.21644287897178
2782,2587.289215135576,395,1,1,95.0
2783,2769.1098388671935,385,1,3,79.86247217949365
2784,2743.015231323247,390,1,3,93.48608
2785,2607.49054138184,369,1,3,95.0
2786,2743.4204119825404,463,1,5,88.37484287897179
2787,2605.572821464541,338,1,2,88.37484287897179
2788,2448.11336951256,280,1,1,89.93998849915253
2789,2631.1844897460983,359,1,2,93.48608
2790,2488.8493554687507,307,1,1,79.92580031597586
2791,2521.4356445312537,285,1,1,93.48608
2792,2472.143553650382,305,1,1,85.815504220764
2793,2740.3495922851585,366,1,2,89.08754322476995
2794,2775.514514160161,390,1,3,93.48608
2795,2719.2571664047296,349,1,3,80.06625928450623
2796,2557.179776096345,285,1,1,94.38646173594002
2797,2563.6526098632858,363,1,3,93.48608
2798,2428.837682818178,346,1,2,86.05359759000584
2799,2644.7031443977403,318,1,2,94.24
2800,2630.058344116213,348,1,2,89.08754322476995
2801,2473.2637353515665,332,1,2,91.99628582912
2802,2673.67903472901,424,1,4,94.84835833087637
2803,2724.4758757782015,389,1,3,89.80599115400196
2804,2925.0819886779814,432,1,4,83.25771007897178
2805,2580.9437500000063,330,1,2,77.60881635382633
2806,2862.2943475341826,407,1,4,52.68611243794232
2807,2413.657009067538,283,1,0,74.80860470892594
2808,2721.8948748779344,374,1,3,93.48608
2809,2602.0305721759833,360,1,3,83.1901146717774
2810,2694.570314941411,367,1,3,93.48608
2811,2423.1790880215194,284,1,1,73.90163213221113
2812,2613.5720525360125,402,1,3,95.0
2813,2940.9010223388727,405,1,4,93.48608
2814,2721.3027363967935,374,1,2,86.5611639209017
2815,2412.168410797121,284,1,0,86.01888059903015
2816,2410.606439456941,292,1,0,71.87100331018307
2817,2409.0138281250033,278,1,0,73.11636869191014
2818,2409.133828125004,272,1,0,88.71765061814715
2819,2474.397030506138,307,1,1,72.37866485912353
2820,2484.19467254639,292,1,1,77.51335296958005
2821,2672.540390625005,338,1,2,88.32767999999999
2822,2429.3145873451253,308,1,1,94.24
2823,2591.4389428710997,362,1,3,93.48608
2824,2409.0138281250015,278,1,0,69.74356869191013
2825,2457.907681121829,298,1,1,75.94919657078782
2826,2627.7176166152994,362,1,3,57.63742327596023
2827,2542.564580078131,339,1,1,55.37478178201929
2828,2470.348828125004,300,1,1,71.15254368833428
2829,2474.811279296879,300,1,1,75.16724168656634
2830,2579.5112790298517,314,1,1,88.89127211683048
2831,2594.697732963565,378,1,2,80.15749399322847
2832,2497.8012799453777,319,1,2,76.14812481141404
2833,2568.7229163360794,1129,1,3,67.79625083551215
2834,2409.8717712307007,278,1,0,91.1408529003269
2835,2582.8158816432992,332,1,2,58.230255090778094
2836,2506.351875076297,337,1,2,74.84290890829327
2837,2462.3188576698312,320,1,1,73.22645474254874
2838,2763.8371740245852,413,1,3,71.24033542945298
2839,2415.382837638856,327,1,2,94.24
2840,2456.8605761718777,329,1,2,93.48608
2841,2412.9680614280724,276,1,0,72.05140025954819
2842,2527.2397841644324,324,1,1,70.30601682652231
2843,2725.8479829025305,374,1,3,68.70484830057121
2844,2459.2085870456713,309,1,1,73.78035425531037
2845,2471.9408441162136,347,1,2,93.48608
2846,2508.2347456359894,393,1,2,54.980873763960545
2847,2812.4538116168987,409,1,3,54.05865540969585
2848,2484.6974523735075,294,1,1,95.0
2849,2680.2607324218798,332,1,2,54.47515030373336
2850,2468.848531455994,314,1,1,78.7844025134746
2851,2450.067107543948,317,1,2,93.48608
2852,2555.121064777376,294,1,1,95.0
2853,2687.2645629882863,375,1,3,93.48608
2854,2482.5799902343806,303,1,2,50.974015243668546
2855,2535.647067260743,320,1,1,94.24
2856,2646.3419107592135,327,1,1,69.18562014237484
2857,2417.9986266708397,277,1,0,73.83303840377998
2858,2425.776368942265,343,1,2,78.63260304215858
2859,2544.222719421389,343,1,2,78.11364126931488
2860,2411.8275244522115,271,1,0,69.93514024259588
2861,2463.19221962452,297,1,1,66.26861444135022
2862,2544.0297677397766,295,1,1,70.5833233388276
2863,2457.9723046875033,297,1,1,93.48608
2864,2411.5442599487346,319,1,1,87.62105855999998
2865,2537.143067736628,329,1,2,70.5833233388276
2866,2669.4163834571887,330,1,2,65.53163358331973
2867,2580.030981273656,299,1,1,53.62761708583083
2868,2618.1935668945375,375,1,3,93.48608
2869,2442.1673963165294,297,1,1,71.1709439979606
2870,2415.038442077641,263,1,0,79.46192723378647
2871,2485.3930193424267,305,1,1,75.90423774237486
2872,2450.2998632812537,293,1,1,56.110249651769465
2873,2496.8560206031857,347,1,2,70.84097102013855
2874,2685.7989453125033,391,1,4,83.66022149209336
2875,2541.7538627815306,374,1,3,72.94259364203909
2876,2555.3266732406637,299,1,1,77.48442511428941
2877,2417.8073456954976,269,1,0,75.87539502800132
2878,2479.1391181182894,339,1,2,80.13065957089081
2879,2413.538569641117,265,1,0,75.23080915338285
2880,2825.517530136114,371,1,2,71.21504088637182
2881,2581.1996203231847,341,1,2,74.83917665224033
2882,2441.389535980227,296,1,1,72.7408498998961
2883,2461.552162666326,299,1,1,80.1158439308632
2884,2513.579306640631,323,1,2,74.18092162470046
2885,2520.3904119873073,313,1,2,95.0
2886,2665.710325317391,391,1,3,75.07901248013681
2887,2436.862885742192,296,1,1,95.0
2888,2539.513378543855,329,1,2,74.77923232356399
2889,2469.74226967812,364,1,3,69.62083232356399
2890,2417.0310412597682,264,1,0,95.0
2891,2411.1794749736805,265,1,0,74.5196323569907
2892,2625.9868067550683,326,1,1,71.7205971340632
2893,2497.413617286685,297,1,1,75.67178904643468
2894,2521.916188211442,359,1,3,78.152032323564
2895,2457.0705706787144,314,1,1,56.064843675544495
2896,2533.085820572376,296,1,1,94.24
2897,2418.6142523956337,294,1,0,76.03140083318782
2898,2416.245424690248,278,1,0,82.57624526177548
2899,2570.925092773442,391,1,3,50.883926464301574
2900,2450.542333421709,322,1,1,70.57892904802125
2901,2477.550688476566,294,1,1,95.0
2902,2412.2396567535425,274,1,0,95.0
2903,2472.7627855682385,308,1,1,80.07027174226877
2904,2517.1143766021755,347,1,2,85.88683852152722
2905,2654.2097980499316,335,1,2,83.4886439308632
2906,2602.057150268559,370,1,3,95.0
2907,2698.2384529686,352,1,2,79.9358858723662
2908,2672.0369429206885,347,1,2,94.24
2909,2584.5550390625035,373,1,4,95.0
2910,2661.496054687505,353,1,2,50.783316874309754
2911,2787.9704021453886,390,1,2,53.518348101895945
2912,2579.9780094146768,385,1,4,0.0
2913,2880.5216924667407,465,1,4,78.76688109877477
2914,3152.0847279167265,442,1,6,85.61912104668112
2915,2938.0873114013725,408,1,3,60.85210342265437
2916,2463.418161640171,302,1,2,92.90273740488705
2917,2796.7190600585973,349,1,2,95.0
2918,2416.298019104007,281,1,0,79.57985908152571
2919,2687.655037040713,304,1,2,80.1158439308632
2920,3020.8743517303506,438,1,4,94.24
2921,2800.4116088867227,380,1,2,79.07042883628304
2922,2418.9997351074257,298,1,0,79.65984097635875
2923,2728.7575976562553,359,1,3,95.0
2924,2652.6627539062547,348,1,2,83.35247422188772
2925,2669.6966613388086,357,1,2,77.53961998678295
2926,3087.105930175787,458,1,4,74.34139854616004
2927,2557.161891422275,317,1,2,94.24
2928,2714.937467536931,347,1,3,58.410466750908235
2929,2409.273828125004,265,1,0,83.46336096723321
2930,3216.6520989990295,512,1,6,95.0
2931,2412.739594192507,274,1,0,75.78431978414481
2932,2895.946892280585,419,1,4,93.48608
2933,2446.2953173828164,299,1,1,95.0
2934,2418.9346609878567,291,1,1,95.0
2935,2682.891176757818,332,1,2,95.0
2936,2738.1979132080114,343,1,3,95.0
2937,2603.2380110549966,336,1,2,73.46354638957777
2938,2638.8246249389686,339,1,2,64.94299479386305
2939,2409.0938281250033,274,1,0,83.46336096723321
2940,2449.0220362281843,307,1,1,84.13473944643468
2941,2684.212627868657,406,1,4,64.94299479386305
2942,2420.740064468386,283,1,0,86.40616307068413
2943,2414.4244231033354,276,1,0,87.32080601866335
2944,2460.8236614227335,315,1,1,94.24
2945,2960.598380317695,463,1,5,91.93710626937012
2946,2892.8336225891157,393,1,3,84.6859419258932
2947,2624.1020639801072,328,1,2,84.13473944643468
2948,2410.8837630462663,274,1,0,78.06742780971238
2949,2555.264125976567,322,1,2,95.0
2950,2429.448901367191,295,1,1,95.0
2951,2521.962152671817,340,1,1,90.66064792985739
2952,2490.3379132080127,301,1,1,69.93675013325559
2953,2638.0349812316927,321,1,2,92.19980019502152
2954,2751.2263544845637,361,1,2,75.34965380942089
2955,2464.1722346878096,312,1,2,93.48608
2956,2442.3124658203155,287,1,1,95.0
2957,3014.1965144729693,472,1,5,93.48608
2958,2732.3996733856247,414,1,5,0.0
2959,2436.919797782903,291,1,1,72.82764588624066
2960,2736.9674882984186,347,1,2,75.66487703488139
2961,2479.4854882812515,307,1,1,83.22815060120934
2962,2907.2235986328164,367,1,3,95.0
2963,2726.8060520744375,347,1,2,71.18431079925352
2964,2500.2038456344635,298,1,1,89.31011100523835
2965,2655.246887035373,324,1,2,95.0
2966,2518.4743637084994,325,1,2,64.94299479386305
2967,2452.304378280642,282,1,1,75.60353944643467
2968,2831.2836230468806,364,1,3,95.0
2969,2675.403946764474,364,1,3,75.38229064875402
2970,2412.880577011109,264,1,0,73.99639248271689
2971,2520.5884570312533,314,1,2,37.38229155570104
2972,2692.9550521850633,370,1,4,64.94299479386305
2973,2550.1349237632767,309,1,1,89.1288504612186
2974,2454.314353485111,289,1,1,95.0
2975,2904.388602142338,416,1,4,72.25749230179241
2976,2412.8549388122583,264,1,1,95.0
2977,2409.955594649318,288,1,0,95.0
2978,2445.676558189392,281,1,1,87.29608104350208
2979,2524.956376953127,289,1,1,95.0
2980,2513.7512026977556,359,1,1,83.242182723564
2981,2761.121533546452,352,1,2,73.5000300597754
2982,2410.4680232429528,273,1,0,88.71765061814715
2983,2732.642207031256,321,1,2,93.48608
2984,2449.36573215485,277,1,1,95.0
2985,2606.0873941993746,297,1,1,95.0
2986,2413.2743775177014,271,1,0,86.83446153086321
2987,2517.6173555564883,299,1,1,75.90423774237486
2988,2441.3667637634303,346,1,3,62.7971768379548
2989,2448.7738964843775,286,1,1,93.48608
2990,2476.375820598606,297,1,1,78.46322497116697
2991,2480.5498106193563,304,1,1,83.242182723564
2992,2407.0766477966345,278,1,1,95.0
2993,2485.3834042358417,361,1,2,64.94299479386305
2994,2672.428652343755,527,1,6,73.11636869191014
2995,2716.6827332687417,404,1,4,0.0
2996,2643.895929946903,348,1,2,83.242182723564
2997,2435.3498632812516,283,1,1,93.48608
2998,2658.1306476020886,343,1,2,76.04246575223061
2999,2438.6085185623187,287,1,1,70.77201387182139
3000,2494.596342163089,316,1,1,84.13473944643468
