episode,reward,steps,laps,collisions,speed
1,4143.842735042594,1768,1,21,49.83196239857485
2,3843.5916902923777,1138,1,16,37.744476163731115
3,4953.01944335938,1423,1,22,82.56806172650717
4,3832.301690273296,1116,1,18,63.18612797883288
5,3269.594384441385,697,1,10,88.83487224527497
6,4639.530713500987,1118,1,22,93.07915462718935
7,4995.367963867188,1211,1,26,50.95177280749147
8,5730.223712997417,1271,1,27,95.0
9,3794.6658460807894,684,1,13,94.24
10,5932.401458892802,1252,1,28,95.0
11,6306.80577611921,1300,1,29,95.0
12,6022.370124740592,1229,1,29,95.0
13,6267.03260918614,1337,1,34,58.573409958410586
14,3298.566273288735,516,1,10,95.0
15,5223.389348373407,912,1,20,94.24
16,3704.4538175964453,558,1,11,95.0
17,4798.318926868437,777,1,17,56.547747997063055
18,5193.434445800777,888,1,21,62.147029972119434
19,6162.002209472647,955,1,21,95.0
20,3173.5023217773487,472,1,9,95.0
21,4719.601594715127,846,1,22,95.0
22,5284.629227037432,894,1,23,95.0
23,4626.910688858033,751,1,18,95.0
24,3360.7343658447357,490,1,10,58.615528641669606
25,3085.026802883156,362,1,5,95.0
26,3320.732465820315,421,1,7,64.71738100365936
27,3636.9776000213737,594,1,14,95.0
28,4299.442621259696,681,1,16,62.173369961325236
29,3362.846240959171,497,1,10,95.0
30,2946.4253796768257,429,1,9,61.85075273561715
31,8053.9678281020615,1494,1,43,95.0
32,4536.136034622202,758,1,19,95.0
33,2626.3667871093808,332,1,5,95.0
34,4027.2239645385876,618,1,15,95.0
35,3168.0739425468487,441,1,8,95.0
36,3334.697347049717,461,1,9,95.0
37,3153.2431478881917,463,1,10,95.0
38,3200.623780746467,479,1,10,65.43952862284583
39,2964.7026861953777,406,1,8,95.0
40,3280.533696289064,439,1,9,65.43952862284583
41,3905.827577476508,571,1,12,95.0
42,4215.5117554664685,635,1,15,65.32277007155028
43,4555.284373521809,720,1,17,65.43952862284583
44,3989.691686754233,596,1,13,95.0
45,3431.945552368171,454,1,8,68.24304002876737
46,4680.374448919305,750,1,18,65.43952862284583
47,3720.107291259779,513,1,10,95.0
48,3043.4859044647274,372,1,6,95.0
49,2811.1021986389146,333,1,4,94.24
50,3192.3686747741763,459,1,9,95.0
51,4207.546000366223,606,1,13,95.0
52,3610.3025433349712,516,1,11,65.43952862284583
53,3889.582941284187,638,1,16,65.43952862284583
54,2975.750375556949,390,1,8,0.0
55,3139.5461638832126,448,1,9,95.0
56,3521.123628439912,543,1,12,62.173369961325236
57,3336.0628902435337,450,1,8,95.0
58,3033.2739324951226,418,1,8,95.0
59,3351.78900939942,509,1,11,95.0
60,3260.60718575955,493,1,11,65.43952862284583
61,3386.8467767334046,512,1,11,65.43952862284583
62,3695.4260322570904,570,1,12,95.0
63,2713.093365478518,375,1,7,95.0
64,2690.1236457633995,351,1,6,95.0
65,3179.591391677862,434,1,8,95.0
66,3466.6622119140666,489,1,10,62.06672862284582
67,3259.1903815460255,454,1,9,95.0
68,3027.170644302371,379,1,6,95.0
69,3537.8020327639642,484,1,10,62.093711022845824
70,3453.6407622528154,419,1,7,95.0
71,4113.60663330079,589,1,12,65.41655052791828
72,4104.227180519115,558,1,11,95.0
73,3411.8635736083993,402,1,6,95.0
74,3389.7860290527365,495,1,11,95.0
75,3714.619365158088,483,1,9,95.0
76,4414.578212890639,707,1,16,95.0
77,3744.6064849853606,535,1,11,95.0
78,4622.772560005191,716,1,17,68.28881239386307
79,3096.4076171875026,420,1,8,95.0
80,3378.045324096686,442,1,8,95.0
81,3682.4211104583796,559,1,13,65.43952862284583
82,4326.514165177346,698,1,17,65.25043072512963
83,4086.389698200232,621,1,13,63.42998355615117
84,3102.816378326424,409,1,8,95.0
85,5343.858462867737,812,1,18,95.0
86,4905.468999481201,745,1,17,95.0
87,4216.557308378224,593,1,12,95.0
88,3573.7481846451856,540,1,12,68.28881239386307
89,3249.248732299813,434,1,8,95.0
90,3171.9353219342315,484,1,11,68.28881239386307
91,3786.326281509409,537,1,11,95.0
92,2909.4014357757624,424,1,9,65.43952862284583
93,3019.510047283177,383,1,7,95.0
94,3615.850551872256,516,1,11,95.0
95,3102.6226746368475,416,1,7,95.0
96,4201.906090354931,655,1,15,95.0
97,3121.012011203768,447,1,9,65.43952862284583
98,3669.318229026802,559,1,13,68.26601812369493
99,3260.0990374755884,429,1,8,65.25043072512963
100,3431.845110025415,443,1,8,65.2012269637148
101,3550.138053131112,500,1,10,95.0
102,3063.289611320502,426,1,8,95.0
103,4351.185114154826,647,1,15,65.27473777847952
104,3403.311790809638,447,1,8,95.0
105,2907.9291221618705,390,1,7,95.0
106,3570.954131717685,499,1,10,65.41655052791828
107,3698.8640816640923,504,1,10,65.43952862284583
108,5089.30118747711,802,1,19,95.0
109,5725.159129428854,870,1,20,95.0
110,3415.7492699623162,520,1,12,68.28881239386307
111,2741.407176971437,375,1,7,95.0
112,4088.6828908825,638,1,16,65.43952862284583
113,4762.408220214843,749,1,18,62.077538271272246
114,2980.8529663086,415,1,8,95.0
115,3541.5206325054246,495,1,10,65.43952862284583
116,3741.6701573181244,501,1,9,95.0
117,3520.5090251541246,557,1,13,95.0
118,3668.385889892583,496,1,10,95.0
119,3998.7262683486974,582,1,13,95.0
120,3331.253003444675,448,1,9,65.43952862284583
121,4843.416369476332,738,1,17,95.0
122,3649.1105236053504,540,1,12,68.17391450684094
123,4372.900234889997,645,1,14,65.43952862284583
124,3463.211720581061,474,1,9,95.0
125,3608.350869026189,428,1,7,95.0
126,3452.8194435691885,507,1,12,68.28881239386307
127,3265.005573329932,457,1,9,95.0
128,3634.677837829598,526,1,11,95.0
129,3500.3262492752133,462,1,9,95.0
130,2979.682200927739,419,1,9,0.0
131,3420.432816162117,543,1,13,65.43952862284583
132,3658.8394334793156,530,1,11,95.0
133,2951.0183839416545,392,1,7,95.0
134,2947.7993368148864,395,1,8,95.0
135,4371.784976158147,627,1,14,95.0
136,4063.6891615677023,586,1,13,95.0
137,3469.440942993171,488,1,10,65.43952862284583
138,2806.999041557315,370,1,7,95.0
139,3419.9345135498106,451,1,9,95.0
140,3594.7822855377294,528,1,11,95.0
141,3480.8724359130924,472,1,9,65.43952862284583
142,3041.335450057988,396,1,7,95.0
143,3010.806118164068,402,1,8,95.0
144,3298.0060262680104,445,1,8,95.0
145,3016.3098966598545,370,1,6,94.24
146,3601.5805273437595,523,1,12,95.0
147,2818.7910216331484,345,1,6,65.43952862284583
148,4094.5053265381,621,1,14,65.1004161100292
149,3882.775072631842,582,1,13,95.0
150,4186.698122482311,596,1,13,95.0
151,3376.456888847359,461,1,9,95.0
152,4278.681011543284,622,1,14,95.0
153,4462.081882715236,745,1,20,65.43952862284583
154,4105.508866767894,641,1,15,95.0
155,3761.875031147011,537,1,12,68.28881239386307
156,3234.0514665985206,443,1,9,95.0
157,4225.016501007088,612,1,14,95.0
158,3391.85947265626,500,1,11,95.0
159,3641.9742833137557,490,1,10,95.0
160,8693.916996593412,1459,1,38,61.78010568029986
161,4599.266001052863,679,1,16,95.0
162,5120.775645294188,778,1,18,95.0
163,3160.354781208045,432,1,8,95.0
164,3637.4276683426,557,1,14,0.0
165,4309.113722076422,638,1,14,95.0
166,2832.8802783918422,294,1,3,95.0
167,2843.736299438481,369,1,7,65.43952862284583
168,3347.240989341743,418,1,7,95.0
169,4125.5488467788755,582,1,14,0.0
170,4223.12073476792,646,1,15,65.43952862284583
171,3476.1290090560938,470,1,9,95.0
172,3387.5374893760713,477,1,10,95.0
173,3246.795000476841,454,1,9,65.43952862284583
174,3747.100519981393,558,1,13,95.0
175,3749.9394202089366,522,1,11,65.43952862284583
176,3539.471483993536,520,1,11,95.0
177,3018.4272473144592,401,1,8,71.11530189471218
178,4664.265703506473,669,1,16,0.0
179,3039.5968119049126,443,1,9,95.0
180,3281.194232559205,465,1,10,95.0
181,3071.344666080481,426,1,9,65.43952862284583
182,4727.0259136962895,731,1,18,95.0
183,3499.3915575409005,483,1,10,95.0
184,2863.1534478759813,372,1,7,65.43952862284583
185,3515.5293982315125,491,1,10,95.0
186,2955.785993652345,441,1,10,65.43952862284583
187,3774.2497651672415,547,1,12,68.28881239386307
188,3245.6246743774495,487,1,11,68.28881239386307
189,4080.662216711055,610,1,14,95.0
190,2989.0073500061044,373,1,7,95.0
191,3791.2096246337974,502,1,11,0.0
192,4499.4020534896945,613,1,13,95.0
193,5964.669130058263,989,1,26,95.0
194,3704.2342641449027,522,1,11,95.0
195,4739.103805389412,683,1,15,95.0
196,3973.623835220344,568,1,12,95.0
197,2795.3952307510417,301,1,4,95.0
198,3351.048654632575,451,1,9,95.0
199,3013.1396874046404,422,1,9,65.43952862284583
200,3440.261412620554,500,1,11,95.0
201,3037.5775258636513,387,1,7,95.0
202,3441.030614776623,484,1,10,95.0
203,4255.6603580570345,657,1,16,65.43952862284583
204,3057.027914943699,398,1,7,65.43952862284583
205,3284.3745991993023,496,1,11,68.28881239386307
206,4285.247015657438,633,1,14,65.43952862284583
207,2581.7325292968753,308,1,4,95.0
208,4365.06437397004,645,1,14,95.0
209,2920.3850439453167,373,1,6,65.43952862284583
210,3253.4094989013756,489,1,11,62.173369961325236
211,5748.728700618738,901,1,21,95.0
212,4034.609013137827,592,1,13,95.0
213,3501.3331976318473,498,1,10,95.0
214,3423.7420972824166,550,1,14,95.0
215,3997.2574458074655,614,1,14,62.147029972119434
216,3004.6004933929476,442,1,10,95.0
217,3435.720020141606,463,1,9,65.41655052791828
218,2980.1240472221434,368,1,6,95.0
219,3043.109770774851,410,1,8,65.43952862284583
220,3422.2727462005673,504,1,11,65.43952862284583
221,2863.7257683563257,401,1,8,95.0
222,3237.0643674850494,415,1,7,95.0
223,2988.6726274681105,374,1,7,65.43952862284583
224,3942.274299316414,611,1,14,68.28881239386307
225,4183.447405136833,649,1,15,62.147029972119434
226,4206.113553457269,611,1,14,65.43952862284583
227,3287.0848376464896,489,1,11,67.97771589405748
228,2802.082070236209,356,1,6,95.0
229,3673.069313735972,509,1,10,95.0
230,3756.2141338157726,531,1,12,65.43952862284583
231,3352.4678485107465,479,1,10,68.28881239386307
232,4089.148864040381,692,1,18,65.43952862284583
233,3153.0116999435472,451,1,9,94.24
234,3032.265816116337,405,1,8,95.0
235,3787.4432942199783,501,1,10,95.0
236,3341.5913293457093,477,1,10,95.0
237,4216.02525890351,616,1,13,95.0
238,2987.2097069168126,388,1,7,95.0
239,2786.791541042335,378,1,7,95.0
240,3337.6635266876283,492,1,11,95.0
241,2908.0973125648557,354,1,5,95.0
242,4441.196873011592,633,1,13,65.02265373234248
243,4075.6775457763756,553,1,11,95.0
244,3412.7345447397297,482,1,10,95.0
245,3118.6889976120046,452,1,10,95.0
246,4526.16340881348,712,1,17,65.43952862284583
247,4427.396718750005,632,1,14,95.0
248,2797.9171914482176,353,1,6,95.0
249,3491.3521350860688,485,1,10,95.0
250,2923.5000408935593,421,1,9,70.92921746109397
251,3956.566021862038,613,1,14,95.0
252,3987.39117242814,614,1,15,0.0
253,3420.195176754004,482,1,10,95.0
254,2870.7714438247713,376,1,7,95.0
255,3045.9357943725654,434,1,9,95.0
256,3395.4728796005334,415,1,7,95.0
257,2972.330184345248,371,1,6,95.0
258,3924.422324752815,620,1,15,95.0
259,2854.176008343698,375,1,7,65.43952862284583
260,2983.7264569139556,462,1,11,65.43952862284583
261,2947.9080802345325,413,1,9,64.96976133466306
262,3433.831190147409,508,1,11,95.0
263,4261.207521896366,591,1,12,95.0
264,3971.0058690643386,597,1,13,95.0
265,2857.870161647799,354,1,6,95.0
266,3479.8237425804195,545,1,13,65.43952862284583
267,3099.6811267852827,400,1,7,95.0
268,3607.223999023443,505,1,10,95.0
269,3994.780027406226,581,1,13,65.43952862284583
270,3897.3110510253964,543,1,11,95.0
271,3245.375962333686,451,1,9,95.0
272,3505.0516733169616,490,1,10,95.0
273,3438.6540814209006,481,1,10,95.0
274,3971.066713194852,541,1,11,68.28881239386307
275,4330.6488842773515,601,1,13,0.0
276,4707.9052767372095,732,1,18,95.0
277,3794.8825862884573,550,1,12,95.0
278,3231.648057174686,485,1,11,95.0
279,4372.404494400038,684,1,16,95.0
280,3626.047200317388,474,1,9,95.0
281,3487.8567641449063,499,1,12,0.0
282,3522.58176208497,532,1,12,65.43952862284583
283,5212.747247352601,828,1,20,95.0
284,3727.7817836225136,555,1,12,95.0
285,3887.24277053834,602,1,14,65.43952862284583
286,2694.376792087557,333,1,5,95.0
287,4076.6995635986386,610,1,14,95.0
288,4370.274314498904,660,1,15,65.15122639320838
289,3656.254724121105,500,1,10,62.06672862284582
290,3752.73607693673,582,1,14,65.43952862284583
291,3104.891488914493,421,1,8,95.0
292,3401.431077766426,445,1,8,95.0
293,4672.503675594339,708,1,16,95.0
294,3830.127502441413,575,1,13,65.43952862284583
295,3355.0992795562797,492,1,11,95.0
296,2856.7254031372095,339,1,5,95.0
297,3384.0874389171645,465,1,9,95.0
298,3153.290644512185,452,1,10,68.28881239386307
299,3284.8121535110517,471,1,10,95.0
300,3620.571215724951,525,1,11,65.43952862284583
301,3603.126317901619,499,1,10,95.0
302,2813.3875151634284,360,1,6,65.43952862284583
303,3170.837165622716,391,1,7,95.0
304,3069.1922568511977,389,1,7,95.0
305,3225.3428300309247,491,1,11,65.43952862284583
306,4243.047273578654,628,1,14,68.28881239386307
307,4585.290239162447,699,1,16,65.43952862284583
308,3762.912591495524,538,1,11,95.0
309,3996.5027801513747,605,1,14,65.34649841012876
310,3346.425252685555,452,1,9,65.43952862284583
311,4761.632208538061,695,1,16,95.0
312,3410.9479030454186,473,1,9,95.0
313,3195.9944994545062,402,1,7,95.0
314,4023.758825855259,551,1,11,95.0
315,4542.2782250023,712,1,17,65.43952862284583
316,3192.6099202156147,455,1,9,95.0
317,3148.1052123069803,455,1,10,65.43952862284583
318,5242.45048280715,787,1,17,95.0
319,3403.5619108009428,501,1,11,95.0
320,3499.4033653259376,510,1,11,95.0
321,3507.30403818131,523,1,12,95.0
322,3151.811618552211,462,1,10,62.173369961325236
323,4551.745218286517,692,1,16,65.43952862284583
324,3908.257418098457,573,1,13,95.0
325,3926.7317825317464,560,1,12,95.0
326,3397.2498950195372,504,1,11,95.0
327,3183.1048807382626,425,1,8,95.0
328,3368.7074145507877,489,1,11,95.0
329,3537.6115197753957,487,1,10,95.0
330,2714.134293327328,327,1,5,95.0
331,3661.994660301216,484,1,9,95.0
332,3118.786240234375,463,1,10,65.43952862284583
333,4093.846467285161,576,1,13,95.0
334,3180.5759616851883,440,1,9,95.0
335,3796.552365112312,555,1,12,95.0
336,3909.426042480475,539,1,11,95.0
337,3898.165411891943,563,1,12,65.43952862284583
338,3614.4881899643037,526,1,11,95.0
339,4020.560486412053,600,1,13,95.0
340,3490.5247709846544,502,1,11,68.28881239386307
341,3586.827578086861,479,1,9,95.0
342,3829.9423620605507,583,1,13,95.0
343,3153.0680355453537,473,1,10,95.0
344,3970.4759619236074,610,1,14,95.0
345,3878.701854171761,563,1,12,95.0
346,3133.839323115347,440,1,9,65.43952862284583
347,3282.5231278228807,481,1,10,65.17632708121361
348,3421.594742012022,485,1,11,0.0
349,3168.280206756602,476,1,11,95.0
350,3295.914927978519,429,1,8,95.0
351,3025.944652118686,403,1,7,95.0
352,2865.874416418081,374,1,7,65.43952862284583
353,2900.04259222031,361,1,6,95.0
354,4453.656409301768,618,1,14,95.0
355,5075.564671630862,769,1,19,95.0
356,2686.8347216796897,344,1,6,65.43952862284583
357,3067.134633102421,438,1,9,65.05698751305945
358,4568.487548446658,690,1,17,65.43952862284583
359,2740.9105483245858,309,1,4,95.0
360,3469.4603782272397,497,1,11,95.0
361,3507.398231865323,467,1,9,95.0
362,4924.954970097541,770,1,19,65.43952862284583
363,3341.6888349914584,418,1,7,95.0
364,3777.377242736818,536,1,12,95.0
365,2814.703216552735,395,1,8,61.87763072512964
366,3291.574287929543,428,1,8,95.0
367,5280.426752103867,835,1,22,65.43952862284583
368,3655.0367127227805,476,1,9,95.0
369,2873.52366210938,384,1,7,71.09268997870538
370,3089.9577980804506,426,1,8,95.0
371,3618.4813507080166,520,1,12,65.27473777847952
372,4762.611922683726,718,1,18,95.0
373,10271.687669067293,1776,1,50,95.0
374,3134.4798754882813,419,1,8,95.0
375,4166.565367927564,653,1,16,95.0
376,2968.7140703582836,408,1,8,95.0
377,3126.9497219562536,405,1,7,95.0
378,3341.610821990968,436,1,8,95.0
379,3141.7807294464124,407,1,7,95.0
380,2893.2268278122006,350,1,6,95.0
381,3210.5492260742253,376,1,6,95.0
382,2987.193446502692,362,1,6,95.0
383,3229.711782369621,477,1,10,95.0
384,3252.945226440435,472,1,10,65.43952862284583
385,3184.629246330266,370,1,6,0.0
386,3726.7445115280248,554,1,12,95.0
387,3843.603478488927,567,1,12,95.0
388,3091.323039627079,440,1,9,95.0
389,2699.306106815341,347,1,6,65.43952862284583
390,3613.69977416039,533,1,13,65.43952862284583
391,2961.973169822696,399,1,8,95.0
392,2701.8560418701195,297,1,4,95.0
393,3635.140197753915,540,1,13,95.0
394,3532.806125564584,464,1,9,95.0
395,2978.9282584476523,431,1,9,65.43952862284583
396,3914.472989349371,516,1,10,95.0
397,3629.285676193246,495,1,10,95.0
398,3192.5321538543726,447,1,9,95.0
399,3263.4083791732833,495,1,11,65.43952862284583
400,2758.5777747464226,409,1,9,71.11530189471218
401,3014.2036547851635,414,1,8,65.43952862284583
402,4137.77778980255,554,1,12,0.0
403,3213.356164627081,431,1,8,95.0
404,3195.6984865951586,401,1,7,95.0
405,3162.672757949834,463,1,10,95.0
406,3080.2751031303446,413,1,8,68.28881239386307
407,4686.290045328141,644,1,13,95.0
408,3853.5159776973824,586,1,13,95.0
409,3409.4962887191828,438,1,8,65.43952862284583
410,3944.185832519535,539,1,11,70.7815934788998
411,4192.700580482486,566,1,11,95.0
412,2907.2394663810765,355,1,6,68.28881239386307
413,3320.2484563064563,479,1,11,0.0
414,3565.725096564302,556,1,13,65.43952862284583
415,3862.0124341583355,552,1,12,95.0
416,2754.119418191916,330,1,5,95.0
417,3448.872120819101,507,1,11,95.0
418,2969.381369018561,365,1,6,95.0
419,3494.726879787449,460,1,9,65.43952862284583
420,3118.0640102529587,478,1,11,65.43952862284583
421,3044.9349228477554,412,1,8,65.43952862284583
422,4135.031862335211,601,1,13,95.0
423,3749.110147075664,521,1,10,95.0
424,3219.0366015243612,451,1,9,95.0
425,3925.979765014658,591,1,13,65.43952862284583
426,2805.202546501163,375,1,7,68.28881239386307
427,3248.4848895263726,434,1,8,65.43952862284583
428,4017.7229595947297,546,1,11,95.0
429,3164.483859481816,438,1,9,65.43952862284583
430,3716.2802163314886,529,1,11,95.0
431,4364.327814435961,645,1,15,65.43952862284583
432,4215.225745353704,612,1,14,95.0
433,3230.967340087896,420,1,8,65.43952862284583
434,2962.2497558593777,375,1,7,95.0
435,3341.8052636718803,452,1,9,95.0
436,3436.4070401001054,511,1,12,95.0
437,3074.277991323481,411,1,8,65.43952862284583
438,2597.9052553939864,296,1,4,95.0
439,5756.673540649401,982,1,27,68.28881239386307
440,3187.2833336639433,436,1,9,95.0
441,4364.348842659003,633,1,14,65.43952862284583
442,4122.9680556869625,612,1,14,95.0
443,3866.153667697912,512,1,10,95.0
444,2758.2409258079547,409,1,9,65.43952862284583
445,4162.385114612592,618,1,14,95.0
446,4360.417514419572,650,1,15,95.0
447,2939.176620254522,377,1,7,95.0
448,2998.706938838963,425,1,9,65.43952862284583
449,2715.6639806747426,310,1,4,95.0
450,3238.1539315509817,471,1,10,65.43952862284583
451,4223.829093627941,621,1,14,65.43952862284583
452,2779.3199967002856,337,1,5,95.0
453,5125.008446044923,779,1,18,65.43952862284583
454,3858.956194448478,540,1,11,65.43952862284583
455,3466.1345703887996,471,1,9,95.0
456,3221.0272601699903,442,1,9,95.0
457,3997.1042602157636,557,1,12,95.0
458,3196.493921508795,438,1,9,65.43952862284583
459,3097.2327301025416,390,1,7,95.0
460,3414.284665832527,497,1,11,95.0
461,4159.970509414682,606,1,13,95.0
462,2826.8028198242264,370,1,7,95.0
463,3929.768943481457,531,1,11,95.0
464,3171.1738537788447,480,1,11,68.28881239386307
465,4308.1623742103675,650,1,15,95.0
466,3617.9429681778024,495,1,10,95.0
467,3935.232986831673,580,1,12,95.0
468,3344.105640485293,413,1,7,95.0
469,3328.526229305269,469,1,11,95.0
470,3288.111381835941,444,1,9,65.43952862284583
471,3220.101312637335,340,1,4,95.0
472,3489.2868674087576,451,1,8,95.0
473,3090.2725994491625,403,1,7,95.0
474,3120.2175798797634,383,1,6,95.0
475,2727.7660417270704,429,1,10,68.28881239386307
476,2821.897291870119,399,1,8,65.43952862284583
477,3079.713535232549,414,1,8,95.0
478,2694.6378499412563,363,1,7,68.28881239386307
479,4544.670280056009,691,1,16,65.43952862284583
480,4258.428413085949,626,1,14,65.43952862284583
481,3367.2853359222468,460,1,9,68.28881239386307
482,3084.876984481817,366,1,6,65.43952862284583
483,3455.4219014930773,481,1,10,68.28881239386307
484,3674.1761430931215,539,1,12,65.43952862284583
485,3167.012183227546,423,1,9,95.0
486,2956.0277838516295,411,1,8,95.0
487,2682.6971533203146,343,1,7,95.0
488,2995.10507995606,434,1,9,95.0
489,3923.2150461959914,581,1,14,95.0
490,4361.690898818976,659,1,15,95.0
491,3135.24645596505,447,1,10,65.43952862284583
492,3270.5095829057714,441,1,8,95.0
493,3610.701909832963,526,1,12,65.43952862284583
494,3824.984271144876,580,1,13,95.0
495,3824.1192398929666,578,1,13,65.43952862284583
496,4772.872717247016,732,1,17,95.0
497,3530.547711257942,421,1,7,95.0
498,4164.701153354651,596,1,13,95.0
499,4364.7902526092585,639,1,14,95.0
500,3223.593403739933,444,1,9,95.0
501,4018.2853442001415,581,1,13,95.0
502,4135.352316894537,603,1,13,95.0
503,4043.044179077155,579,1,12,65.43952862284583
504,3013.1404570579575,435,1,9,65.43952862284583
505,3495.6965932083226,444,1,8,95.0
506,3290.9400202274373,470,1,10,95.0
507,2926.912629127508,390,1,7,95.0
508,4221.187164878851,610,1,13,95.0
509,3824.0295623779393,565,1,14,0.0
510,3220.7283143234295,454,1,9,95.0
511,2918.394503936768,397,1,8,95.0
512,3513.1440234375114,479,1,10,65.43952862284583
513,3073.137607688909,439,1,9,95.0
514,2958.6629350471494,381,1,7,65.43952862284583
515,3354.0180206728064,469,1,10,65.43952862284583
516,3751.638241348273,552,1,13,95.0
517,3884.601366577162,552,1,12,65.43952862284583
518,4180.512374954231,581,1,12,95.0
519,3273.890183105471,448,1,9,95.0
520,3454.745351467141,507,1,12,65.43952862284583
521,3337.4370677566594,472,1,9,95.0
522,3012.970428009037,414,1,8,95.0
523,3583.493421535499,476,1,9,65.43952862284583
524,4306.741664433479,625,1,14,65.43952862284583
525,3718.2906439209014,523,1,11,95.0
526,2953.640591831212,379,1,7,95.0
527,3356.8269308853232,506,1,12,95.0
528,3806.0095385742284,564,1,13,95.0
529,3295.9667894601885,475,1,10,95.0
530,2880.78762691498,401,1,8,95.0
531,4913.152052106856,743,1,17,65.43952862284583
532,3796.5909252929755,561,1,13,68.28881239386307
533,5344.490121459953,755,1,16,95.0
534,4879.307395935061,710,1,16,68.28881239386307
535,4068.2716593551677,571,1,12,95.0
536,3327.71846633912,457,1,9,95.0
537,3551.4910445022683,491,1,10,95.0
538,3538.51833454133,497,1,10,95.0
539,5034.980802230835,841,1,21,95.0
540,2891.1922727775604,364,1,6,95.0
541,3265.901237792973,454,1,9,95.0
542,2865.1203126144446,424,1,10,0.0
543,3863.569740810404,558,1,12,95.0
544,4379.422380180365,674,1,16,95.0
545,3513.3196466255276,501,1,11,68.28881239386307
546,3420.7360717678093,478,1,10,95.0
547,3611.6266805458117,546,1,13,68.28881239386307
548,4092.0385582542535,652,1,16,65.43952862284583
549,3432.125237421996,511,1,11,65.43952862284583
550,3429.665692749032,503,1,11,65.43952862284583
551,3360.746953811649,473,1,10,95.0
552,3294.4617321682044,499,1,11,65.43952862284583
553,3143.397273836142,442,1,9,65.43952862284583
554,3363.8681477737505,449,1,8,95.0
555,2955.284758987432,353,1,6,95.0
556,3543.288999366768,475,1,9,95.0
557,4339.0005744743485,676,1,17,95.0
558,2894.650038394931,327,1,5,95.0
559,3184.0506091690163,447,1,9,95.0
560,4460.841354293839,679,1,16,95.0
561,3191.313225765236,464,1,10,95.0
562,3218.1431838607905,447,1,9,65.43952862284583
563,3225.8267873668724,443,1,9,65.43952862284583
564,3305.177701721196,432,1,8,95.0
565,3025.3346344757106,436,1,8,95.0
566,3399.799731216438,437,1,8,95.0
567,3815.103259887703,618,1,16,65.43952862284583
568,3203.583698730472,451,1,9,65.43952862284583
569,3955.827956800469,566,1,13,65.43952862284583
570,3979.4132047271855,597,1,14,95.0
571,4793.088912963862,710,1,16,95.0
572,4380.552114877713,677,1,16,95.0
573,4532.07440124513,682,1,16,95.0
574,2864.6619689846084,413,1,9,65.43952862284583
575,3850.9618546295283,551,1,12,95.0
576,3745.3484930420004,603,1,15,68.28881239386307
577,4199.531908912668,619,1,14,95.0
578,2973.910802726755,421,1,9,95.0
579,3765.337761230477,544,1,12,95.0
580,3163.033082885747,449,1,9,65.43952862284583
581,2821.479078979494,354,1,6,95.0
582,3532.912132089144,531,1,12,95.0
583,2942.3099068450983,356,1,6,68.28881239386307
584,3009.8945238685633,397,1,7,95.0
585,2681.556197090154,299,1,4,95.0
586,3191.976208496101,445,1,9,65.43952862284583
587,3351.0302055931174,437,1,9,95.0
588,2690.1320609664945,347,1,6,95.0
589,2859.708613891605,349,1,6,95.0
590,4546.689382095345,674,1,16,95.0
591,2958.068710174565,403,1,8,95.0
592,2941.320951521404,430,1,9,95.0
593,3802.991359863284,512,1,10,95.0
594,2740.9033038520834,308,1,3,95.0
595,4265.797617797872,666,1,16,95.0
596,2688.3682366943344,322,1,5,65.41655052791828
597,4786.288002710346,811,1,22,94.24
598,3553.0804443359375,490,1,10,95.0
599,3958.063615226752,595,1,13,95.0
600,3803.96473228455,569,1,13,95.0
601,2648.889259757997,338,1,6,68.28881239386307
602,3189.338038940436,384,1,6,95.0
603,3938.7733602905323,578,1,13,95.0
604,3423.6607197952294,484,1,10,95.0
605,3625.11067081452,517,1,11,65.43952862284583
606,4038.8716368866053,594,1,13,95.0
607,3535.4124542236373,450,1,8,65.43952862284583
608,3845.5628491211005,531,1,11,95.0
609,2797.0694179534953,395,1,8,95.0
610,3243.1446061325123,454,1,9,95.0
611,4801.394155530937,776,1,20,65.43952862284583
612,6907.865376396149,1249,1,37,95.0
613,4674.702032508866,793,1,22,61.70190323677247
614,4217.407503404625,623,1,14,95.0
615,2930.8822266006505,408,1,9,95.0
616,3070.398583707812,437,1,9,95.0
617,3033.4722679710426,422,1,9,65.43952862284583
618,4068.2735297584604,608,1,14,95.0
619,3345.2071357154905,473,1,10,95.0
620,3055.723438949585,399,1,7,95.0
621,3173.4499378585874,388,1,7,95.0
622,3176.762932405475,447,1,9,68.28881239386307
623,3211.0466902160706,448,1,9,65.07470323677248
624,4188.976711130158,660,1,16,68.28881239386307
625,3273.065461692816,467,1,10,95.0
626,4656.141480693821,737,1,18,95.0
627,3735.2674679946945,494,1,9,95.0
628,3561.310609531405,455,1,8,95.0
629,3918.6765220451425,576,1,12,95.0
630,3096.0665312385604,427,1,8,95.0
631,3214.8852557373093,449,1,9,71.11530189471218
632,3335.719646301278,488,1,10,95.0
633,3552.403853759774,517,1,11,65.0892000560695
634,3051.0629323577946,372,1,6,95.0
635,3020.471016082771,382,1,7,95.0
636,3377.4189599609485,467,1,10,0.0
637,4040.8784527587977,591,1,13,65.2012269637148
638,3927.4572729492265,563,1,12,95.0
639,3684.4462493896604,550,1,13,65.43952862284583
640,3884.0662298584093,548,1,12,65.41655052791828
641,4428.230461654674,637,1,14,95.0
642,2844.886398277286,397,1,8,95.0
643,3323.3878637695357,468,1,10,95.0
644,5316.5970727539,867,1,21,58.77465996364583
645,4507.327105102547,687,1,16,68.03436168537726
646,3519.6388986587567,520,1,12,95.0
647,7518.010037231411,1315,1,38,68.28881239386307
648,5753.691743507371,913,1,23,95.0
649,3525.2065147399985,490,1,10,94.24
650,5948.106130371081,947,1,23,67.84914323319157
651,4165.962275772108,546,1,10,95.0
652,3564.372876701361,447,1,8,95.0
653,3694.104086303722,510,1,11,65.43952862284583
654,2988.1501248169006,371,1,6,95.0
655,4165.587282562274,580,1,12,95.0
656,3060.116487979893,365,1,6,64.99631374313665
657,3099.843342971807,435,1,9,95.0
658,3156.9097557830883,451,1,9,95.0
659,3729.544026489264,569,1,13,65.43952862284583
660,3003.870173854835,454,1,10,65.43952862284583
661,3463.6612158203206,558,1,14,68.28881239386307
662,3314.013742332462,461,1,10,65.43952862284583
663,3295.3844795990026,501,1,12,95.0
664,4418.298173828136,684,1,16,65.43952862284583
665,4131.81218688966,626,1,15,62.08634149464564
666,4157.755849609383,582,1,13,95.0
667,3558.074858398445,529,1,12,95.0
668,3761.5423664856053,561,1,13,95.0
669,3063.3978466796902,441,1,9,65.43952862284583
670,7381.044710516895,1195,1,29,65.05190896660434
671,3469.849711914071,459,1,9,95.0
672,3546.836254959113,501,1,10,95.0
673,3073.8872137451217,423,1,10,0.0
674,3943.8050694274984,591,1,14,95.0
675,3663.0851770019594,517,1,10,95.0
676,3705.7762959289653,546,1,12,95.0
677,6138.333023414601,972,1,23,95.0
678,3291.0765292573024,436,1,8,95.0
679,3601.742272567753,545,1,12,95.0
680,4040.5086511230556,587,1,13,95.0
681,3522.6218614769045,524,1,12,0.0
682,3787.6442009925936,530,1,11,65.43952862284583
683,2700.468264770511,350,1,6,95.0
684,4427.486465606696,667,1,15,95.0
685,4231.749883322722,601,1,12,62.173369961325236
686,2876.2664156341616,428,1,9,65.43952862284583
687,3416.430951442718,493,1,10,65.43952862284583
688,3477.584446792609,521,1,11,95.0
689,2981.3388457679816,428,1,9,65.43952862284583
690,3136.3406451034602,406,1,7,95.0
691,3293.283308105476,501,1,12,68.28881239386307
692,3182.5397851562575,457,1,9,95.0
693,4925.403438930506,811,1,22,0.0
694,3480.6855506134084,519,1,11,95.0
695,3206.252416915901,409,1,7,95.0
696,3766.687734651574,625,1,15,65.43952862284583
697,7196.311996688801,1253,1,34,95.0
698,6146.684550189961,1000,1,25,95.0
699,3042.3250390625044,442,1,9,95.0
700,2966.998750305179,350,1,5,95.0
701,3162.511333007821,404,1,7,95.0
702,4196.629276676188,629,1,14,65.17632708121361
703,3216.805914154058,398,1,6,95.0
704,3330.7457034492572,508,1,11,95.0
705,3906.3836425972077,589,1,13,95.0
706,5090.711199378968,865,1,22,0.0
707,3135.5341058731055,415,1,8,0.0
708,3430.7245513820712,478,1,9,65.43952862284583
709,3615.6750123596285,527,1,11,61.932892449111364
710,4392.3819139957495,610,1,13,65.18015528206031
711,3272.3569713974043,478,1,10,95.0
712,2752.042097167969,336,1,5,65.43952862284583
713,3454.8143586731017,447,1,8,95.0
714,2921.423607923991,383,1,7,95.0
715,2812.676502647403,328,1,5,95.0
716,3617.4097722244323,524,1,11,95.0
717,2714.2450070571913,314,1,4,95.0
718,3024.530160312657,401,1,7,95.0
719,2857.4719573974635,405,1,8,65.43952862284583
720,2855.6342846107536,364,1,6,95.0
721,4497.10623165132,657,1,14,95.0
722,3904.6421643066506,586,1,13,95.0
723,4186.082809352883,650,1,15,65.43952862284583
724,4705.373118133549,729,1,17,95.0
725,2928.4071258544964,430,1,9,65.43952862284583
726,3704.4151605224706,547,1,12,65.27473777847952
727,3152.9393968772947,429,1,8,95.0
728,2780.839724636086,440,1,10,65.43952862284583
729,3065.4165443992624,352,1,5,95.0
730,3147.3972755432155,445,1,9,95.0
731,3143.3636529636456,434,1,9,65.12592328029987
732,2984.5951243901304,358,1,5,95.0
733,3664.279680137644,511,1,10,95.0
734,3243.3918524169935,478,1,10,95.0
735,2757.6966541671745,323,1,5,68.28881239386307
736,3144.695778808602,407,1,7,95.0
737,3636.452406501779,555,1,12,95.0
738,3003.31376567841,402,1,7,95.0
739,3357.64554138184,475,1,9,94.24
740,2459.66218032837,250,1,2,95.0
741,3580.6106851959335,558,1,13,65.17632708121361
742,3280.095324459086,483,1,10,65.43952862284583
743,2958.8087553024357,400,1,7,95.0
744,2849.7729003906297,360,1,7,70.93182255913466
745,3518.567468261727,520,1,11,68.28881239386307
746,4081.2242477035625,647,1,16,95.0
747,3945.91634437562,564,1,12,94.24
748,3233.3910725402893,406,1,7,95.0
749,2907.0750395774876,465,1,11,65.43952862284583
750,3325.9857446289134,447,1,9,65.37003692199865
751,3885.4581284523115,545,1,12,95.0
752,3815.3975726318417,549,1,12,95.0
753,4586.425885047921,668,1,14,68.28881239386307
754,3090.1774515914994,391,1,7,95.0
755,2801.053447189337,378,1,7,95.0
756,2821.9452831173,373,1,7,65.43952862284583
757,2949.9162103653007,375,1,6,95.0
758,3335.2869076252014,470,1,9,65.43952862284583
759,2951.7628221893347,418,1,8,95.0
760,3879.6401979064995,592,1,13,95.0
761,3657.7785323906023,501,1,10,95.0
762,2734.3978377294593,399,1,8,65.43952862284583
763,3255.77904380799,493,1,10,95.0
764,3965.7524310302856,594,1,12,65.17632708121361
765,3659.861706542976,525,1,10,95.0
766,3253.330831022267,439,1,8,95.0
767,4064.305632514964,624,1,13,95.0
768,3322.5616181945843,497,1,11,61.77842639320837
769,4148.64647392274,623,1,13,95.0
770,3706.2213832187745,526,1,10,65.2012269637148
771,3412.5251750946095,435,1,7,95.0
772,3373.2806772232143,495,1,10,94.24
773,3060.231725845342,447,1,10,0.0
774,3472.023058671962,519,1,11,61.9181820393838
775,4712.745109100354,714,1,16,95.0
776,2913.979406862263,406,1,8,95.0
777,3844.1882292175383,543,1,11,95.0
778,3850.1901149368364,527,1,11,95.0
779,2523.511235013008,283,1,3,62.16351515410353
780,3896.05558368684,544,1,10,95.0
781,3511.166076354986,521,1,11,95.0
782,4337.182197902215,607,1,12,95.0
783,4169.21735671998,643,1,14,95.0
784,3702.7766000747783,530,1,10,95.0
785,2982.714259262093,439,1,8,95.0
786,3752.8560418701245,547,1,10,58.59214594177996
787,3650.0547331428616,547,1,12,65.32370413996063
788,2605.155617637635,344,1,6,95.0
789,4661.268547878269,717,1,16,95.0
790,3755.393173217781,550,1,12,95.0
791,4582.910923919686,677,1,14,94.24
792,3000.29517485142,423,1,8,61.807917459302786
793,4147.8811101818255,618,1,13,95.0
794,3839.6185522639857,598,1,13,62.124051877191874
795,3944.148460235607,548,1,11,0.0
796,2802.341110887531,328,1,4,95.0
797,3370.465390396123,520,1,11,95.0
798,2864.7807481384316,397,1,7,95.0
799,3537.4578814315873,551,1,12,94.24
800,5751.8343015289165,892,1,20,95.0
801,3104.0530210113593,447,1,9,65.17632708121361
802,2829.1251332473785,389,1,8,0.0
803,2965.2945737075834,439,1,9,95.0
804,2615.5248846435557,298,1,4,65.37114434174335
805,4107.950240783697,616,1,15,0.0
806,3376.119835224154,503,1,11,95.0
807,3686.245200805673,521,1,11,95.0
808,3401.1949584961017,470,1,9,95.0
809,3355.911715698252,475,1,10,65.43952862284583
810,3189.540226268778,415,1,7,95.0
811,3132.795721426018,463,1,10,65.43952862284583
812,4077.20237503053,575,1,11,95.0
813,2858.287606811527,360,1,6,95.0
814,3003.266029586796,398,1,7,95.0
815,3375.7025772857705,476,1,9,95.0
816,3880.1979144287184,539,1,11,95.0
817,3141.9618939209013,441,1,8,95.0
818,4318.988004417433,679,1,15,61.76448886233305
819,6517.620798511489,1079,1,25,95.0
820,3784.53523349763,605,1,13,95.0
821,3122.2537843704276,450,1,9,95.0
822,3173.4873486328165,431,1,8,61.75312328029987
823,4457.202833671578,669,1,14,65.27605610523445
824,4193.612172946944,662,1,16,95.0
825,3986.830344848644,641,1,16,65.43952862284583
826,3424.0189996337926,472,1,10,68.17298791097788
827,3750.2332566833575,527,1,11,95.0
828,3526.8899541473506,517,1,10,95.0
829,3159.4914789581408,538,1,11,95.0
830,5425.865105133052,966,1,20,94.24
831,3799.832002773298,658,1,14,0.0
832,3744.4936319351286,655,1,14,94.24
833,4773.174244575507,816,1,17,94.24
834,3829.158184504515,625,1,13,61.7977482538513
835,4500.268582763679,788,1,18,95.0
836,5184.02176612854,828,1,18,95.0
837,3772.4354710388297,591,1,12,61.71887937809586
838,3389.935670776375,544,1,12,0.0
839,4361.172985458385,790,1,18,95.0
840,6530.3833238982925,1208,1,29,61.74431546351612
841,6125.653647537206,1199,1,28,95.0
842,4944.655373497008,854,1,19,56.64761631804662
843,3767.247088127143,586,1,11,95.0
844,3543.987420654308,495,1,8,91.7417472
845,3524.3924768066495,552,1,11,90.0066155218479
846,3197.3557176971503,468,1,9,58.486964618779275
847,3576.300424613964,633,1,15,63.552456789194444
848,3358.226412754067,546,1,11,61.767203979376795
849,3241.477622680671,511,1,11,0.0
850,3990.5688735389813,633,1,13,65.15122639320838
851,3779.1895745849724,587,1,11,62.147029972119434
852,3696.014975433357,596,1,12,61.8305094812136
853,3431.820266847617,531,1,10,95.0
854,3006.464680805213,498,1,10,62.093316698589625
855,3392.047865238195,443,1,7,95.0
856,4177.900679283151,701,1,16,59.93433425963194
857,2974.7726116943422,396,1,7,68.28881239386307
858,4890.485366821292,850,1,21,95.0
859,4322.110161018384,755,1,18,95.0
860,3606.9381297493046,483,1,9,95.0
861,4266.721705017101,622,1,13,0.0
862,3179.786225414282,455,1,9,95.0
863,3544.3855804443424,520,1,10,95.0
864,2920.130739402776,425,1,8,95.0
865,3661.1011509323193,523,1,10,61.92892017847952
866,3839.4950099945154,605,1,13,95.0
867,3672.4998957443318,541,1,11,95.0
868,4737.908378441343,754,1,18,94.24
869,4240.501333007817,632,1,14,95.0
870,5081.557277297972,835,1,20,94.38061322240002
871,3966.191169776927,618,1,14,95.0
872,3689.8499524688846,517,1,9,95.0
873,3101.633144817353,392,1,6,95.0
874,4754.5174922561655,767,1,17,95.0
875,3045.610557250983,451,1,9,56.420413136456176
876,5055.3028167724715,875,1,21,95.0
877,4331.101890869144,634,1,13,95.0
878,4154.092318115242,657,1,14,95.0
879,3818.3732531738374,599,1,13,94.24
880,3713.696456604009,561,1,12,95.0
881,3378.089641189583,475,1,9,95.0
882,3864.595176696788,625,1,14,95.0
883,3232.489095828538,517,1,12,95.0
884,3906.7450304412923,573,1,12,65.43952862284583
885,4922.996431350712,775,1,17,95.0
886,3274.0290793609706,544,1,13,95.0
887,5086.949627952578,831,1,20,95.0
888,4579.845679321293,698,1,16,95.0
889,3458.3394698333836,544,1,13,95.0
890,3733.190274772652,627,1,15,95.0
891,3577.348734626778,572,1,13,95.0
892,3062.2220409202628,476,1,10,65.43952862284583
893,3828.0756618881287,643,1,14,53.10660820342016
894,3289.557077636728,493,1,10,95.0
895,3723.787228679668,565,1,13,94.24
896,3099.723756103519,396,1,6,68.28881239386307
897,4013.4875044250593,618,1,14,95.0
898,3906.69846305848,620,1,14,95.0
899,4109.4413345241655,663,1,16,95.0
900,3438.523554477696,492,1,10,61.728885636772475
901,3393.4372500610434,519,1,11,65.43952862284583
902,4410.194740238202,718,1,17,65.225927647156
903,2974.0706152343805,423,1,8,65.43952862284583
904,5773.933266258224,900,1,21,95.0
905,3964.733484010701,586,1,12,95.0
906,3636.3935641861076,597,1,14,58.720911022845826
907,3617.531367874153,530,1,11,95.0
908,4134.614216384898,622,1,13,95.0
909,4040.3540765380967,622,1,14,95.0
910,3957.9796793747023,581,1,12,95.0
911,3761.2662145423947,561,1,12,61.92605037540258
912,3885.4480140686055,565,1,12,56.7862068788692
913,4324.162074756632,685,1,16,62.05882098317416
914,3378.489301481255,468,1,9,65.27473777847952
915,3108.4875531005896,471,1,10,61.828426963714804
916,2911.125733032233,423,1,9,56.953600127918264
917,3371.5579723167507,511,1,11,65.43952862284583
918,3844.64947204591,580,1,13,65.43952862284583
919,2947.5481709289584,396,1,7,95.0
920,3089.8843662262007,415,1,7,56.95788666146856
921,2891.2214974021954,392,1,7,65.30072604503307
922,3717.3570823478767,551,1,12,95.0
923,3656.1139267730773,536,1,11,95.0
924,3043.7474362945636,447,1,9,61.45740851319936
925,4338.788175659186,701,1,16,68.28881239386307
926,4464.769221878063,690,1,15,95.0
927,3739.197701301583,568,1,12,95.0
928,3391.6206609916744,504,1,10,62.0425692814056
929,3859.4145315170367,560,1,11,65.29885037540258
930,4439.694370117193,663,1,13,95.0
931,3744.986992492685,578,1,12,95.0
932,3358.037980766301,459,1,8,95.0
933,3783.1744377899245,586,1,13,95.0
934,3190.9405724525564,510,1,11,58.58513207440325
935,3707.8265846824725,552,1,11,65.2012269637148
936,4098.490045852676,674,1,15,95.0
937,3527.8569427299567,506,1,10,58.40982434011405
938,3726.2721153402404,548,1,11,62.19949923061741
939,3888.861920089733,634,1,13,58.638826448082284
940,3813.5643200016125,677,1,16,95.0
941,4440.677783203132,695,1,16,95.0
942,3621.1098507690535,531,1,10,95.0
943,3064.753503532413,424,1,8,95.0
944,2947.4291450119085,412,1,7,95.0
945,3647.618609008788,502,1,9,95.0
946,3780.260321898468,594,1,13,65.43952862284583
947,3131.010994567876,493,1,10,95.0
948,3883.294263687144,598,1,12,95.0
949,4111.445740432748,589,1,11,95.0
950,4652.3201653289825,746,1,16,95.0
951,3039.5452707099976,416,1,7,95.0
952,3555.170928878795,549,1,12,95.0
953,3198.7072723865585,505,1,11,64.71603729414986
954,3446.673368606573,522,1,11,95.0
955,3820.707760620124,605,1,13,65.43952862284583
956,3313.6596253204393,456,1,8,95.0
957,3412.1315561676133,523,1,11,93.6793172574208
958,4900.383972778325,763,1,15,95.0
959,3266.2207489979323,509,1,10,53.538047712528204
960,3131.885967330939,441,1,8,95.0
961,4498.620217285159,742,1,18,0.0
962,4326.00324066163,711,1,15,54.786968137979635
963,2791.4529979658173,324,1,4,89.0816
964,2726.3156961822547,413,1,8,95.0
965,3255.816867065429,465,1,8,63.345393266446294
966,3230.910127887735,512,1,10,60.01948394250588
967,3856.3574767303567,644,1,13,63.18214242654966
968,3803.8459001159763,562,1,11,0.0
969,4515.119920043951,756,1,16,48.17823083099462
970,5194.783445396426,838,1,17,95.0
971,4433.330500869757,756,1,16,95.0
972,3904.4961784362868,630,1,13,61.84114302541425
973,3726.6450049209657,586,1,11,95.0
974,2790.180465726858,426,1,8,58.34323097550506
975,3267.1995608520574,519,1,10,95.0
976,3741.890463294999,593,1,13,0.0
977,3783.010888957983,580,1,12,61.89389434213409
978,3478.6909751319968,448,1,6,92.73819136
979,4371.432593383796,718,1,15,62.09923803760903
980,3914.636984577187,633,1,13,58.45750600097526
981,3683.104656982432,570,1,11,61.892754634073725
982,4134.311466236126,689,1,15,58.56726596805287
983,3141.9624355316223,425,1,7,95.0
984,4808.542398376476,794,1,17,94.24
985,3212.5080879592947,503,1,10,94.24
986,3630.7763920593293,546,1,10,95.0
987,3425.5207477569656,575,1,12,62.030271420823865
988,3058.7829345703167,440,1,8,94.24
989,4821.751421155936,773,1,16,95.0
990,3410.026013793953,553,1,10,95.0
991,2744.5560194587742,342,1,5,51.70424796351652
992,3071.480405769353,462,1,8,95.0
993,2984.6188964843827,440,1,7,95.0
994,4317.541948852547,702,1,15,61.51225004758377
995,2876.218530349737,431,1,8,95.0
996,4451.910371246348,713,1,15,95.0
997,2673.7075237083463,371,1,6,54.99421430023422
998,2906.0060799789476,429,1,8,94.63311554248705
999,4242.466077499395,666,1,13,95.0
1000,3521.76622314454,505,1,9,95.0
1001,3209.4790698242246,454,1,8,94.92600194167497
1002,3312.150790405278,505,1,10,58.34680491254467
1003,2929.538008499153,480,1,9,95.0
1004,4193.035533447275,709,1,15,95.0
1005,3509.7390914917064,580,1,12,95.0
1006,3779.102965755467,574,1,11,95.0
1007,4199.303475952163,650,1,13,58.58582346088752
1008,4306.437554168715,695,1,15,95.0
1009,3340.2207000732496,605,1,14,95.0
1010,3585.6523510742254,511,1,9,95.0
1011,3731.068352947249,657,1,15,56.54517973901387
1012,2816.1199586677635,416,1,7,59.87941315731406
1013,3862.4861364364706,645,1,14,94.24
1014,4078.432853832256,678,1,14,94.24
1015,3965.6161315918025,595,1,12,64.37826849084271
1016,3362.3936029052797,577,1,13,62.71890437481092
1017,3592.770769310008,495,1,9,95.0
1018,4518.49727252961,763,1,16,95.0
1019,3557.8746923828157,528,1,10,95.0
1020,3268.945697135933,494,1,9,95.0
1021,3081.4072143554727,435,1,8,95.0
1022,5269.33159675597,900,1,20,95.0
1023,3941.9397362709146,620,1,12,95.0
1024,3963.0522474670515,648,1,15,94.24
1025,3115.0367944336,477,1,9,64.20256055871866
1026,3341.821623535165,509,1,10,95.0
1027,3575.7427024459976,652,1,16,95.0
1028,3202.733124485024,438,1,8,95.0
1029,3738.2054059219454,594,1,14,61.86542463588425
1030,3924.4250196838466,598,1,12,86.1841130227264
1031,3055.975455703742,423,1,7,95.0
1032,3142.3019010400817,467,1,9,95.0
1033,3810.7808319091887,555,1,11,95.0
1034,2666.758715820317,355,1,6,95.0
1035,3131.53936459542,484,1,10,61.91285480497658
1036,3189.8373542022746,469,1,9,95.0
1037,4997.138333129889,785,1,17,95.0
1038,3220.0483666992227,437,1,8,95.0
1039,4183.012984046948,652,1,15,95.0
1040,4439.045127277385,771,1,19,89.0816
1041,3973.748419063103,606,1,14,68.28881239386307
1042,3423.034155273444,490,1,10,0.0
1043,3240.1748810195986,448,1,9,95.0
1044,3783.7759246826245,585,1,13,95.0
1045,2809.605755615239,410,1,8,95.0
1046,4041.8788749313453,627,1,13,95.0
1047,2979.788183593755,390,1,6,95.0
1048,3441.1632714843836,497,1,10,59.99335065436994
1049,3851.301321392067,646,1,15,55.18087292386211
1050,3574.372036132819,532,1,11,95.0
1051,2727.3111834716838,379,1,7,59.45921794499461
1052,3465.1920599889845,514,1,10,95.0
1053,4186.022812356958,623,1,14,61.817371185698185
1054,3440.3203485107515,472,1,9,95.0
1055,3078.157435913091,449,1,10,0.0
1056,3634.755839233403,531,1,11,71.11530189471218
1057,3875.2578053665234,594,1,13,95.0
1058,3169.876281738286,415,1,8,0.0
1059,3008.859002685552,380,1,6,95.0
1060,3164.924866065983,367,1,5,95.0
1061,3226.5488413810813,485,1,10,95.0
1062,3892.932839965829,585,1,11,54.00284255096703
1063,3349.7133475875908,507,1,10,95.0
1064,4226.978928222668,743,1,18,93.48608
1065,4123.872114629759,659,1,16,64.96976133466306
1066,2915.984613952637,367,1,6,95.0
1067,3076.387587890628,452,1,9,55.393484516172464
1068,4250.522457962045,671,1,15,89.0816
1069,3193.38076229096,485,1,10,95.0
1070,3673.835499877942,514,1,11,0.0
1071,4011.9446434783995,656,1,15,95.0
1072,3768.0089660263147,597,1,13,95.0
1073,3380.9452655029345,504,1,11,0.0
1074,4028.606222553266,689,1,17,95.0
1075,5132.18537532806,779,1,18,42.82667786097163
1076,2861.0669891357484,445,1,9,64.8293852219137
1077,4799.892260055543,871,1,22,53.3984114735993
1078,2782.0478796005305,370,1,6,95.0
1079,4351.377316284193,690,1,15,94.24
1080,3186.521015014657,493,1,11,94.24
1081,4472.93515928269,766,1,19,92.801730632501
1082,4107.582281112674,605,1,12,95.0
1083,3913.3218256759756,566,1,11,91.7417472
1084,3187.5252418899595,433,1,8,95.0
1085,3643.902389774328,587,1,13,37.667671981640254
1086,3876.4006922245094,600,1,13,95.0
1087,3360.6408844614016,443,1,8,62.10088847504716
1088,4059.180883588798,643,1,14,48.13800054790145
1089,4467.915118007674,676,1,15,83.2105472
1090,3557.8548531341635,566,1,12,58.67656607977212
1091,3355.5510347747895,493,1,10,95.0
1092,3736.4442327880934,553,1,12,95.0
1093,4781.115248794565,734,1,17,95.0
1094,3296.79390319825,478,1,10,57.596640934470216
1095,5965.80669160961,1041,1,27,56.989003079269764
1096,3005.249817504888,438,1,9,53.330128818224324
1097,3575.5383596420356,500,1,10,94.24
1098,4631.450444145214,739,1,17,95.0
1099,3776.7850814914814,607,1,14,95.0
1100,3044.7028387451246,438,1,8,92.54506946235846
1101,3833.285447826386,568,1,12,95.0
1102,3257.7577147769975,421,1,8,76.31880394817804
1103,3761.576082267773,568,1,12,95.0
1104,4506.015995655066,682,1,16,94.24
1105,3669.0340204239005,530,1,10,95.0
1106,4324.356439208993,685,1,15,61.883828430487206
1107,3992.3753948974686,606,1,13,61.24600046750239
1108,3538.0271013641436,543,1,11,64.08681004840754
1109,3099.3508264637057,427,1,8,91.0078132224
1110,3916.0914237117877,607,1,14,64.54779798579317
1111,3819.74432729722,568,1,12,89.0816
1112,3761.457712478644,549,1,11,95.0
1113,3146.400257949836,461,1,10,95.0
1114,3400.301544157269,482,1,10,95.0
1115,3759.6165154266437,596,1,14,95.0
1116,3256.0850048828174,366,1,5,95.0
1117,3791.153369140635,625,1,15,67.59047385580217
1118,3052.0362860107466,423,1,8,58.740452712247084
1119,2886.9354345703186,388,1,6,56.048654016546216
1120,3407.7892529296937,616,1,15,59.56177101003343
1121,2741.442207031251,376,1,7,61.26608489366217
1122,3834.825812377937,613,1,14,54.443835124610374
1123,4533.805544128424,743,1,19,95.0
1124,3757.21551147462,642,1,16,59.24776385662146
1125,3073.6145331192038,406,1,6,91.7417472
1126,3568.107328491222,566,1,13,52.81633803272542
1127,3585.7876708984427,570,1,14,91.7417472
1128,3064.158896963899,457,1,10,55.373348967808035
1129,4240.403588905344,708,1,16,51.43825765287746
1130,3052.826720581063,452,1,9,61.18291962465092
1131,3281.564272460942,472,1,10,39.17781420668853
1132,3858.5347161865293,602,1,12,47.82667027755829
1133,4157.161994628916,636,1,14,93.48608
1134,3595.2287549877205,538,1,11,55.22144653328453
1135,4018.663754692085,558,1,12,95.0
1136,3427.78911071778,467,1,9,95.0
1137,3062.8135994482113,456,1,9,95.0
1138,3929.43300590516,560,1,11,88.32767999999999
1139,3298.129287328726,488,1,10,91.43888274641742
1140,2874.542565040592,346,1,5,95.0
1141,3990.1424366378865,573,1,12,94.24
1142,3548.9467411613537,512,1,10,94.24
1143,4245.328103008282,598,1,12,95.0
1144,3353.3673236084064,459,1,9,94.24
1145,2908.8358331298873,427,1,8,66.1967646611065
1146,4344.824568481449,664,1,15,58.630103508764684
1147,3217.058710136419,468,1,9,94.24
1148,3879.182327423106,622,1,14,95.0
1149,2771.288371582035,419,1,8,54.015088380498305
1150,2832.403400268564,428,1,8,53.50511370516299
1151,3578.4698275375476,531,1,11,95.0
1152,2964.1734572601354,439,1,9,95.0
1153,3710.890427246103,553,1,12,59.73612553996622
1154,3156.868421421059,457,1,10,95.0
1155,3720.8741657781698,626,1,15,50.17711423334821
1156,3656.2659646606544,552,1,12,94.24
1157,2643.5796631622334,311,1,4,95.0
1158,3328.1360388183675,573,1,13,43.8936406796475
1159,2839.534297752383,345,1,6,95.0
1160,2780.886629037859,361,1,6,83.95239246535454
1161,3644.21718746186,532,1,11,94.24
1162,2887.575615081791,427,1,8,95.0
1163,2796.9029077148516,422,1,8,49.64612213788485
1164,4106.885036621104,667,1,16,52.88983457951271
1165,4077.568807373053,607,1,13,94.24
1166,3458.9841841125544,538,1,11,53.176335248426525
1167,2885.4825927734405,385,1,6,55.480688841739045
1168,3033.3916133880666,395,1,7,95.0
1169,5894.241397705065,983,1,24,39.066642920526625
1170,4143.918553867349,643,1,14,86.92009009151998
1171,3687.288853149417,551,1,12,54.251297816572134
1172,3890.3394141387967,619,1,14,95.0
1173,4294.642234411247,633,1,14,56.85431773836995
1174,3753.6663920784113,618,1,15,51.61374921270587
1175,4488.830253295906,761,1,19,89.0816
1176,3327.9792334747394,464,1,9,95.0
1177,3459.759121704108,475,1,9,95.0
1178,3077.652780227664,406,1,7,95.0
1179,2916.9193289947575,399,1,8,58.37661627631007
1180,3974.3715716552847,639,1,14,44.95485651321615
1181,3239.796485729221,474,1,10,94.24
1182,3404.122842864996,511,1,12,0.0
1183,4173.89190521241,640,1,14,47.34955664909112
1184,3884.7749475097776,597,1,12,51.568343446268734
1185,3221.5739227294994,485,1,10,39.59041888717086
1186,3534.2915037727435,582,1,14,58.453257135280424
1187,2775.5720844650277,318,1,4,95.0
1188,3960.884395561227,582,1,12,95.0
1189,4206.629707031261,671,1,15,59.74563021803628
1190,3665.690192327508,587,1,13,53.37564296061885
1191,4017.9051325225905,583,1,12,95.0
1192,4220.47843799592,670,1,15,95.0
1193,3253.796134033207,463,1,9,95.0
1194,6165.746833953838,967,1,23,89.0816
1195,3502.8262726211633,553,1,12,67.5957254819071
1196,5173.020977816574,882,1,22,58.70218398885298
1197,3070.944152832038,445,1,9,95.0
1198,3778.5027387046907,583,1,14,92.23976260688015
1199,3547.4006536865336,563,1,14,46.471938626115985
1200,3758.196242694862,566,1,12,88.3689472
1201,3332.3596986007747,449,1,8,95.0
1202,4331.678746948246,677,1,15,45.87426743372745
1203,3431.1227095794734,514,1,11,58.514569117800775
1204,4786.897018413542,706,1,15,95.0
1205,4886.535112838743,761,1,17,94.24
1206,4248.138607177748,752,1,19,58.26015417369088
1207,5194.699040813444,984,1,26,45.81728199368189
1208,5224.362184295655,922,1,23,42.7979676698598
1209,3695.1872788524706,547,1,11,95.0
1210,5174.2750272750845,945,1,25,53.02877907946031
1211,4548.715452728282,792,1,20,42.84184010125301
1212,4374.232012786873,743,1,18,61.1990693616173
1213,3326.8279385852843,571,1,14,56.797572460902394
1214,4880.446576995848,824,1,20,59.13047630006846
1215,3257.702196197515,476,1,11,0.0
1216,4062.2958975219794,658,1,14,53.00072697396122
1217,5359.951245279302,914,1,22,56.69199330714943
1218,3690.2489345932054,548,1,11,94.24
1219,3765.33272418977,610,1,14,58.47560209605905
1220,5400.8218374061435,876,1,23,53.09405713163342
1221,10944.007791137597,2500,0,78,56.517583001634634
1222,4836.4910256385765,875,1,23,64.94299479386305
1223,4083.985155792249,664,1,15,94.38061322240002
1224,4303.927009925847,682,1,16,59.68867662662265
1225,3300.5622945785694,715,1,21,54.472750502828326
1226,4737.608620948783,1004,1,29,52.39908139743657
1227,6294.7132532500955,1128,1,30,0.0
1228,4842.945501747142,883,1,23,95.0
1229,3118.2206919288737,492,1,11,61.72187803125386
1230,3375.3306956863444,407,1,6,95.0
1231,5942.382658958404,1135,1,30,51.058492903414376
1232,4918.7560518264745,830,1,21,57.66676516911584
1233,4309.96064414979,730,1,18,61.140337717617484
1234,3234.064441661841,456,1,9,61.19018392423085
1235,7196.5528539657125,1460,1,41,60.800185021556246
1236,4444.396034469615,738,1,18,61.84020111465903
1237,4420.403320922855,728,1,18,64.62951678028011
1238,9494.085871772659,1891,1,54,67.58234439059562
1239,5818.832541313121,1328,1,41,64.7640164973151
1240,5025.626789430378,922,1,25,58.771597005138396
1241,4449.577018661509,689,1,16,56.52342194160673
1242,4527.884680442814,701,1,16,68.28881239386307
1243,4224.303669891368,717,1,18,55.79487922507989
1244,6460.223586864448,1114,1,28,48.21728240930643
1245,3610.211645011903,531,1,11,95.0
1246,4698.679761581421,771,1,19,67.82280324398576
1247,8133.347132759014,1691,1,48,61.539054535754225
1248,4380.451668205261,708,1,17,64.30485275651334
1249,3787.4939484024167,603,1,14,58.42089600755949
1250,4678.93287498474,834,1,22,58.34186954807737
1251,4905.59665039062,781,1,18,54.51635819026086
1252,11264.573239135596,2500,0,76,53.30311122789736
1253,10282.29830667484,2399,1,78,65.29885037540258
1254,3533.710086135879,641,1,17,64.88852394214489
1255,3941.4829015350424,657,1,17,95.0
1256,3822.0840907096926,585,1,13,94.24
1257,5333.059065103515,880,1,22,95.0
1258,5599.38188434599,992,1,25,65.07470323677248
1259,3809.639550552374,577,1,12,95.0
1260,5470.4667816543415,903,1,22,95.0
1261,7123.78986751553,1244,1,32,93.48608
1262,4587.2313286209155,818,1,22,64.83506861780802
1263,10822.28029357895,2224,1,65,71.11530189471218
1264,3621.106361503612,614,1,16,68.21987662662266
1265,5052.301202545142,987,1,28,61.82327728791079
1266,3018.734070262912,482,1,11,47.92051198729366
1267,4174.368923301707,639,1,14,94.24
1268,6837.6206930446215,1191,1,30,55.191142895638876
1269,4686.700616550449,630,1,12,95.0
1270,4062.255984573376,631,1,14,61.56799267563453
1271,6890.921580066642,1178,1,30,64.41054490021439
1272,7737.224895029024,1386,1,37,95.0
1273,3692.768993568433,660,1,17,64.43537294546333
1274,4459.042033081066,641,1,14,95.0
1275,5214.986403160081,876,1,22,67.84323610184855
1276,7692.333136634762,1496,1,42,55.96712184827503
1277,4013.795412559518,624,1,14,61.441719995825885
1278,4624.777506713866,901,1,25,64.17259275081457
1279,4695.973913726808,887,1,24,57.85087487458407
1280,4351.328374710088,718,1,17,58.1674436776414
1281,11380.501791381716,2500,0,79,32.539335918817784
1282,9577.767597312797,2164,1,68,58.01945692349449
1283,5155.547554817192,808,1,19,39.75852089096033
1284,9291.650028495684,1941,1,57,54.62051636195915
1285,4058.5774017143326,616,1,14,64.84564683131305
1286,3787.709040222176,567,1,13,0.0
1287,3529.0029998779323,490,1,9,95.0
1288,3998.949292068495,661,1,16,61.98578484679077
1289,6392.8858522987075,1227,1,34,64.59789856676558
1290,3402.3165031051726,452,1,9,0.0
1291,4522.016743087777,700,1,16,61.70223131712682
1292,4141.867257270832,912,1,27,64.45304623108032
1293,4328.690702705394,711,1,17,58.66561290394185
1294,2700.7539145088226,362,1,6,53.184668325547044
1295,3997.880492897047,769,1,21,61.2060835611608
1296,4114.190337085734,655,1,15,91.7417472
1297,4563.07490104676,663,1,14,94.24
1298,4263.279566440589,642,1,14,70.6377870558298
1299,6333.947596206635,1233,1,35,58.038058026019975
1300,9308.514172515755,1897,1,56,59.90094380331465
1301,4263.834479904192,700,1,17,65.2012269637148
1302,5939.962419414494,1030,1,27,58.164668436799964
1303,4986.623881874083,772,1,18,93.48608
1304,5668.906621437056,951,1,24,64.98241726575715
1305,5020.577658424375,797,1,19,56.048019388512934
1306,5317.943388557416,1010,1,28,64.24549788307112
1307,4671.497282810211,819,1,21,55.95691204755009
1308,6134.1725960540525,1026,1,25,68.0028165820627
1309,6873.1794558333995,1196,1,32,0.0
1310,6023.246322307557,1147,1,32,64.60733370172764
1311,5548.690941276538,918,1,23,64.60869408689516
1312,3809.5558148956356,627,1,15,56.43143729403724
1313,11530.779681320077,2244,1,64,68.0569555951492
1314,6552.2002965354595,1068,1,27,55.11436467543075
1315,3676.3880607223605,517,1,10,62.76674732719501
1316,3832.006913032537,618,1,15,65.70566300470581
1317,6970.74542118069,1202,1,32,0.0
1318,5153.992208099359,825,1,20,69.14523556350736
1319,6109.691412963843,1088,1,29,95.0
1320,3807.0961205101094,587,1,15,61.8821759045148
1321,6726.969975013682,1229,1,33,62.56377201005897
1322,4369.44818933487,671,1,15,61.60752348343794
1323,7560.000241203254,1429,1,40,65.02265373234248
1324,8158.359503154706,1431,1,38,61.85648484778741
1325,7289.627923660241,1266,1,33,64.17535669041551
1326,5628.350680656424,924,1,23,61.23759352326517
1327,6890.641306743595,1142,1,29,57.81459114150951
1328,12843.847763061382,2500,0,71,73.91917947955449
1329,4653.38008029938,786,1,20,61.90687589934444
1330,10836.07503372181,2122,1,62,68.21987662662266
1331,4122.273663520827,660,1,16,66.59545674262218
1332,4183.701506538399,689,1,17,58.202225318629765
1333,4698.632801990499,771,1,20,64.73521781383751
1334,13216.556311035012,2500,0,71,38.7394066616155
1335,10160.037839269557,1865,1,52,55.2629874377757
1336,9327.025765304505,1661,1,45,57.86297034914701
1337,13945.679440307507,2500,0,69,53.810752033212815
1338,6899.772313842739,1127,1,28,64.93036776132716
1339,6893.486289634666,1323,1,37,58.653866108980154
1340,5427.013976535777,972,1,26,49.88281281755438
1341,4928.736962680808,831,1,21,54.5551989817059
1342,13314.281620597729,2330,1,62,67.83280845651909
1343,9465.000422515819,1688,1,47,0.0
1344,8385.421033210718,1439,1,38,64.82717031097788
1345,4182.003582153332,627,1,14,64.07955073410672
1346,7882.315340404482,1281,1,32,62.3467573151921
1347,8864.526735839792,1487,1,38,60.250402146838
1348,5603.550506401051,920,1,23,47.79390669744483
1349,7855.402482261604,1448,1,40,63.30908293195335
1350,7441.854153633093,1210,1,31,61.8342574485086
1351,5420.616116809835,845,1,19,42.5939971018143
1352,5519.315496177655,924,1,23,58.64145460397258
1353,14184.383227538965,2500,0,68,38.7394066616155
1354,14069.587565469697,2385,1,64,61.81232715411431
1355,4031.4698511505267,683,1,17,67.62429300222216
1356,4005.5826090622054,556,1,11,56.124964849973665
1357,8020.814450092282,1329,1,35,95.0
1358,10170.541799850429,1744,1,46,58.57137623539016
1359,7765.758147048909,1415,1,38,50.484264062880015
1360,13567.836330337463,2364,1,63,53.26519930102213
1361,6554.7810835265955,1063,1,27,65.78659363021522
1362,14627.00847167961,2500,0,66,59.67184148881153
1363,5352.7439521789465,915,1,23,39.2811445468816
1364,14473.946496581946,2500,0,66,84.91216692734871
1365,7979.361619224506,1418,1,39,54.81612156491146
1366,8924.13247985836,1485,1,41,0.0
1367,3613.8199518394526,584,1,14,67.76948429471216
1368,12279.92050781245,2500,0,74,53.42136694510007
1369,9745.915161247169,2094,1,65,64.87294324104815
1370,9958.278502387942,1674,1,44,58.38093006848899
1371,11867.821095199552,1979,1,52,0.0
1372,9059.110643730139,1452,1,37,58.36773737290711
1373,10205.929893798793,1669,1,42,58.48477927996961
1374,7998.975052566499,1299,1,33,64.69161498385658
1375,5802.33418344497,893,1,21,65.15929755393888
1376,8603.25547813411,1473,1,39,61.53556532129511
1377,14717.874423217772,2500,0,67,73.91917947955449
1378,14585.913262939364,2500,0,66,84.91216692734871
1379,14555.942529296799,2500,0,67,41.802291408322574
1380,3076.7504756927547,425,1,8,61.84123265245261
1381,14511.266671752845,2500,0,67,79.45982103536832
1382,5824.811633796685,874,1,20,62.158102126294914
1383,14649.61903991692,2500,0,68,3.3728000000000002
1384,8504.028959999032,1452,1,38,57.82892754067305
1385,5979.721445302952,911,1,21,58.37076439236919
1386,3130.02977743149,410,1,7,68.12664765639258
1387,7551.911394424395,1249,1,32,61.78262434011405
1388,14466.443222045807,2500,0,67,56.75306601694711
1389,9073.704488906826,1467,1,38,0.0
1390,12448.504667606283,2128,1,57,61.85369770905958
1391,9679.29738842004,1652,1,45,57.66658819736128
1392,13658.433133010865,2266,1,60,0.0
1393,14589.575845336856,2500,0,67,50.49170097401282
1394,4386.372638359069,728,1,18,59.10374289344315
1395,13728.778128051728,2500,0,69,50.43795203321282
1396,7986.770640373186,1465,1,40,61.13606777032008
1397,5339.94588918685,900,1,23,63.025286920146016
1398,5011.76782367706,796,1,20,0.0
1399,14736.355477905277,2500,0,67,67.84914323319157
1400,7719.79124496457,1196,1,30,0.0
1401,13567.249180335948,2334,1,63,61.76682584457321
1402,4596.225665397646,684,1,15,59.19934708756121
1403,14155.443053932124,2374,1,62,59.12724391284777
1404,14372.338986205983,2500,0,68,71.11530189471218
1405,4650.372806167609,770,1,19,60.5362759983068
1406,6066.300568656912,956,1,23,52.73136865204563
1407,14638.95939941403,2500,0,67,23.05046452076601
1408,5389.228576927185,861,1,21,0.0
1409,14558.730978393467,2500,0,66,90.2776242351945
1410,13137.141676444933,2239,1,59,61.07506274013271
1411,6035.359847450244,945,1,22,58.36680880801147
1412,12176.351814155534,2086,1,55,58.40575126642841
1413,12995.935251369445,2188,1,58,65.43952862284583
1414,5578.5077231025625,897,1,22,58.609869119279516
1415,2646.1899230098775,332,1,5,62.093711022845824
1416,9844.617352828953,1602,1,41,65.2012269637148
1417,10384.979036712624,1645,1,41,64.91601239386306
1418,3818.55803794862,520,1,10,61.49662496117545
1419,3759.9958969497757,543,1,11,58.69135027370121
1420,4054.325160598762,590,1,13,95.0
1421,5437.401241188038,846,1,20,68.05771188915215
1422,5581.12356872557,855,1,20,64.94299479386305
1423,3018.703866128926,436,1,9,58.33415247961765
1424,9736.27815110205,1559,1,39,62.12047756364583
1425,4524.73751106263,710,1,17,61.51038866192243
1426,8017.63444551464,1293,1,32,58.61601724299421
1427,14855.775317382831,2500,0,66,76.70062604371806
1428,3523.381270923623,463,1,8,61.83342462957346
1429,3481.562375259405,480,1,9,61.78136505082919
1430,14811.749499511723,2500,0,66,92.92820324131294
1431,2688.787440204621,335,1,5,68.01303808444321
1432,6664.969673347441,1080,1,26,64.91292185717195
1433,3997.316891937261,576,1,12,58.423944867521485
1434,14841.980215454041,2500,0,66,23.05046452076601
1435,8459.951059608424,1386,1,35,64.57793206369689
1436,5445.60962018966,940,1,23,61.36205274387378
1437,14879.025354003927,2500,0,66,73.91917947955449
1438,9304.05979907985,1636,1,47,0.0
1439,5472.563972015377,859,1,21,58.383914342434636
1440,8675.54690452572,1402,1,35,64.88531048402326
1441,4239.432423820508,728,1,18,58.31158271652038
1442,6214.368886966696,929,1,21,61.33941160759025
1443,9364.130872993426,1541,1,39,64.82736370353888
1444,7279.861129913314,1182,1,31,0.0
1445,14618.86502075187,2500,0,67,13.3301673099264
1446,14768.742846679681,2500,0,67,3.3728000000000002
1447,14304.216116332947,2500,0,68,0.0
1448,5014.262198600761,802,1,19,57.729420680147435
1449,14797.959399414058,2500,0,66,22.458495768229724
1450,9498.106657524027,2109,1,59,67.6060418624622
1451,4258.534787559521,630,1,13,64.47149217475875
1452,14712.311267089837,2500,0,66,62.567266756901034
1453,3404.8496561050515,485,1,9,61.417789136966874
1454,6172.453481979347,1099,1,29,60.5867850098284
1455,4339.319441375734,697,1,16,60.87243245072892
1456,5972.21207118987,942,1,22,64.59665934551477
1457,6194.054294433582,943,1,22,61.57273193068162
1458,2850.5908408546493,343,1,5,63.34618318344881
1459,15384.493896484391,2500,0,64,82.19694246708538
1460,5984.1038640975685,1055,1,27,61.96221792412301
1461,11586.299929628332,1917,1,50,62.06672862284582
1462,14933.858959960951,2500,0,66,47.85474769243954
1463,14485.952111816317,2500,0,67,68.28881239386307
1464,7810.939158897377,1256,1,31,57.362086167165735
1465,4398.927587966921,696,1,16,64.28987386359098
1466,5501.158706073746,971,1,26,61.959768985635414
1467,14658.494848632696,2500,0,66,0.0
1468,3068.599077262888,508,1,12,61.135322668778954
1469,14429.63580932609,2500,0,67,90.2776242351945
1470,5693.439822978951,899,1,22,63.66002855870783
1471,14661.932919311508,2500,0,67,13.3301673099264
1472,10922.403761749245,1831,1,49,59.41164142458125
1473,9774.821314735394,1594,1,42,0.0
1474,11279.87621467588,1896,1,51,0.0
1475,4077.8515867996366,911,1,29,0.0
1476,14339.703393554697,2500,0,68,50.84767047306717
1477,8094.747167510936,1684,1,52,67.68282361772414
1478,12503.52821487427,2173,1,60,65.43952862284583
1479,13179.281475181544,2449,1,70,64.62630332215849
1480,5940.679633903488,955,1,23,61.35166626442883
1481,14338.912744140534,2500,0,67,84.91216692734871
1482,7573.8176332473395,1320,1,35,63.19713874124743
1483,4889.0204707336225,1234,1,43,0.0
1484,6916.433337059002,1098,1,27,0.0
1485,4533.550146503441,774,1,20,64.80344197239937
1486,14749.176705932618,2500,0,67,35.65182123146724
1487,5518.081754512776,919,1,23,71.11530189471218
1488,14463.65263671873,2500,0,67,23.05046452076601
1489,10328.851607246344,1809,1,49,64.94299479386305
1490,5699.03539302824,961,1,26,0.0
1491,14584.099353027324,2500,0,67,73.91917947955449
1492,13794.629333495996,2500,0,70,44.84067307705599
1493,9227.33955902094,1793,1,53,62.093711022845824
1494,10874.639299259155,1872,1,51,68.07692022597875
1495,14792.38977050781,2500,0,66,41.802291408322574
1496,5828.8351591491555,973,1,25,68.1012272793286
1497,4960.241008090971,730,1,16,68.28881239386307
1498,7821.302339496585,1353,1,36,64.984591627144
1499,15010.457287597661,2500,0,66,13.3301673099264
1500,7376.019466438266,1193,1,30,68.28881239386307
1501,6230.079286308274,974,1,24,64.74777249748283
1502,14699.353417968741,2500,0,66,38.58818225123198
1503,4393.058010139467,838,1,24,71.11530189471218
1504,14627.407897949222,2500,0,67,90.2776242351945
1505,14785.093347167944,2500,0,65,95.0
1506,9214.36538166036,1993,1,64,71.11530189471218
1507,6693.351654357838,1559,1,53,71.11530189471218
1508,14839.663317871089,2500,0,66,92.92820324131294
1509,4105.580628204352,650,1,16,0.0
1510,7785.038154067943,1468,1,44,0.0
1511,14697.477389526348,2500,0,67,10.0376686592
1512,14676.475634765593,2500,0,67,50.84470971090002
1513,9691.391752510017,2001,1,63,68.02771646456391
1514,4475.290119781491,753,1,19,68.28881239386307
1515,6741.763902664139,1210,1,34,64.63001658206271
1516,8306.092785453735,1510,1,44,71.11530189471218
1517,14648.50503120421,2440,1,65,0.0
1518,5685.263878555291,884,1,21,0.0
1519,5804.742031078332,991,1,26,67.76948429471216
1520,15026.94614257813,2500,0,65,71.11530189471218
1521,3023.7508213424753,373,1,7,0.0
1522,13757.611929969788,2286,1,60,71.11530189471218
1523,13373.824899559026,2216,1,59,0.0
1524,5510.446167945855,905,1,23,68.26601812369493
1525,3876.6895832061873,630,1,15,67.36794848911993
1526,6921.114375686624,1055,1,25,71.11530189471218
1527,15189.55673828127,2500,0,64,87.60566959192992
1528,11538.005102577163,2173,1,64,0.0
1529,14773.811349487321,2500,0,67,62.567266756901034
1530,5268.541688880905,937,1,26,0.0
1531,14881.223278808598,2500,0,65,3.3728000000000002
1532,6675.814241905197,1014,1,24,68.28881239386307
1533,13800.9273395157,2277,1,60,0.0
1534,14553.29038391106,2500,0,66,95.0
1535,14900.502459716796,2500,0,66,3.3728000000000002
1536,5413.898368225088,877,1,22,71.11530189471218
1537,14800.764331054601,2500,0,64,73.91917947955449
1538,14001.096984863249,2500,0,70,16.59632597144699
1539,14815.094857788086,2500,0,66,65.43952862284583
1540,8053.879044532734,1435,1,40,68.28881239386307
1541,14941.693301391599,2500,0,65,82.19694246708538
1542,14835.183541870027,2500,0,65,53.810752033212815
1543,7148.594018287621,1174,1,31,0.0
1544,14873.048291015524,2500,0,65,29.401749918163087
1545,14924.53515624999,2500,0,65,95.0
1546,14909.090136718729,2500,0,65,92.92820324131294
1547,4373.136810302763,2500,0,109,10.0376686592
1548,14711.824584960925,2500,0,67,16.59632597144699
1549,8230.15490722645,2500,0,88,6.7186176
1550,13249.525888061475,2500,0,70,56.11187899261144
1551,5702.306518554523,2500,0,88,33.27109140832257
1552,14447.203843307489,2440,1,64,65.53372284662301
1553,3098.319094963081,534,1,13,59.73009307945168
1554,12824.757808608974,2124,1,56,0.0
1555,10789.496572036716,1769,1,45,59.71182651595185
1556,9539.9342040634,1547,1,40,0.0
1557,15063.84680175783,2500,0,65,50.84470971090002
1558,15058.760006713886,2500,0,66,38.7394066616155
1559,8775.055949783304,1435,1,36,64.48128386100174
1560,14853.60664367678,2500,0,66,71.11530189471218
1561,4757.239591732031,708,1,15,56.39007644405205
1562,15193.681188964867,2500,0,65,79.45982103536832
1563,14891.61989746091,2500,0,65,53.810752033212815
1564,15134.179858398467,2500,0,65,71.11530189471218
1565,9453.095977325402,1549,1,39,65.15925217385903
1566,14918.801354980385,2500,0,65,62.567266756901034
1567,14927.970581054695,2500,0,65,35.65182123146724
1568,12736.445484809861,2126,1,56,0.0
1569,11786.85879409787,1931,1,48,59.532055929864
1570,6059.555450820908,990,1,24,64.96976133466306
1571,15143.015332031271,2500,0,65,35.65182123146724
1572,7408.720935058568,1220,1,31,68.28881239386307
1573,14918.353890991239,2500,0,66,38.7394066616155
1574,15262.880993652363,2500,0,64,90.2776242351945
1575,14807.141406250006,2500,0,67,0.0
1576,14912.02996826173,2500,0,66,13.3301673099264
1577,8943.21567298886,1434,1,36,59.89356559706305
1578,15155.09651794436,2500,0,66,16.59632597144699
1579,7440.107370262122,1221,1,31,65.873887608562
1580,15095.855197143579,2500,0,65,59.67184148881153
1581,5839.132570610029,932,1,22,68.28881239386307
1582,14914.994238281264,2500,0,65,90.2776242351945
1583,15126.884091186554,2500,0,65,92.92820324131294
1584,3136.1639872551013,450,1,9,56.25156191110375
1585,15174.13762207034,2500,0,66,6.7186176
1586,14835.648364257766,2500,0,65,92.92820324131294
1587,12782.049754104602,2102,1,54,67.95241278114898
1588,4302.668585357675,652,1,15,0.0
1589,12225.239323558775,2023,1,52,64.40790713855061
1590,7126.240519981363,1216,1,32,64.47634323319156
1591,9566.391917877168,1551,1,39,53.24046473325189
1592,13562.070770263637,2500,0,72,0.0
1593,14773.316415405281,2500,0,66,62.567266756901034
1594,12868.492074089047,2106,1,54,61.466570155776665
1595,7992.252939567526,1362,1,36,0.0
1596,15061.797912597682,2500,0,65,35.65182123146724
1597,15110.817431640655,2500,0,65,35.65182123146724
1598,15274.41689453128,2500,0,65,32.539335918817784
1599,15094.04200439456,2500,0,66,19.836355363675416
1600,10350.05697154996,1745,1,46,67.51626097376284
1601,6753.30692714689,1028,1,24,68.28881239386307
1602,15013.844921875008,2500,0,65,38.7394066616155
1603,15091.342773437527,2500,0,65,95.0
1604,12624.71061218261,2081,1,54,71.11530189471218
1605,4925.417943038934,728,1,16,71.11530189471218
1606,15076.861694335888,2500,0,64,59.67184148881153
1607,15115.427587890645,2500,0,65,90.2776242351945
1608,5415.958910560601,775,1,17,58.39615387749328
1609,15024.730093383818,2500,0,66,6.7186176
1610,8804.260150318116,1386,1,34,65.29885037540258
1611,14970.394287109404,2500,0,66,29.401749918163087
1612,15015.467016601508,2500,0,64,50.84470971090002
1613,5429.033133735644,868,1,21,67.87527250248374
1614,15093.026977539088,2500,0,66,3.3728000000000002
1615,15190.710266113312,2500,0,66,3.3728000000000002
1616,4059.1283955764843,634,1,15,68.02771646456391
1617,15027.641226196318,2500,0,65,47.85474769243954
1618,15021.099075317414,2500,0,66,10.0376686592
1619,15052.805175781179,2500,0,63,87.60566959192992
1620,14983.770626831089,2500,0,66,0.0
1621,15161.7497558594,2500,0,65,95.0
1622,15215.513989257834,2500,0,65,53.810752033212815
1623,15247.12509765628,2500,0,65,6.7186176
1624,15229.162936401397,2500,0,66,35.65182123146724
1625,15204.668524169934,2500,0,65,26.238860804599884
1626,14821.221411132734,2500,0,65,82.19694246708538
1627,15189.639550781283,2500,0,65,29.401749918163087
1628,15287.827612304722,2500,0,65,26.238860804599884
1629,10114.944655303945,1626,1,41,68.1012272793286
1630,15344.836474609405,2500,0,65,29.401749918163087
1631,15003.020166015654,2500,0,65,95.0
1632,7859.6124992751775,1493,1,47,0.0
1633,14234.123883056562,2500,0,69,16.59632597144699
1634,15066.016137695344,2500,0,66,71.11530189471218
1635,14815.155381774914,2500,0,66,95.0
1636,14956.926481628441,2500,0,67,3.3728000000000002
1637,14963.472583007822,2500,0,65,38.7394066616155
1638,5506.710641136163,813,1,18,68.28881239386307
1639,14785.172256469743,2500,0,66,79.45982103536832
1640,14966.033569335954,2500,0,65,68.28881239386307
1641,6257.133949546803,951,1,22,68.12533987625169
1642,15025.766064453144,2500,0,65,53.810752033212815
1643,15157.747241210966,2500,0,65,92.92820324131294
1644,15182.587304687524,2500,0,65,92.92820324131294
1645,15157.895019531172,2500,0,64,13.3301673099264
1646,3661.0191350555497,527,1,11,67.66305879957339
1647,15081.750976562505,2500,0,65,44.84067307705599
1648,9633.702452964688,2089,1,67,68.28881239386307
1649,15166.388769531275,2500,0,65,47.85474769243954
1650,14852.21589355458,2500,0,65,32.539335918817784
1651,14861.013488769544,2500,0,66,35.65182123146724
1652,15295.814672851595,2500,0,65,41.802291408322574
1653,15026.57121582034,2500,0,65,41.802291408322574
1654,7428.884350738505,1132,1,27,67.76948429471216
1655,4714.538873405463,689,1,15,68.28881239386307
1656,15290.255883789085,2500,0,65,50.84470971090002
1657,15023.36069335941,2500,0,65,71.11530189471218
1658,10835.940967426288,1722,1,43,61.730155081616076
1659,14865.250460815449,2500,0,67,13.3301673099264
1660,15161.854382324247,2500,0,65,90.2776242351945
1661,11804.544294891328,2162,1,60,54.561664823647234
1662,15252.098461914095,2500,0,65,32.539335918817784
1663,9443.199184989906,1465,1,36,61.811657296828685
1664,14966.389367675813,2500,0,66,32.539335918817784
1665,14966.419735717804,2500,0,67,44.84067307705599
1666,14978.275607299825,2500,0,66,0.0
1667,15175.3494018555,2500,0,65,65.43952862284583
1668,15195.13369140628,2500,0,65,90.2776242351945
1669,12704.04706043242,2153,1,57,71.11530189471218
1670,14929.010034179608,2500,0,64,79.45982103536832
1671,15290.769018554718,2500,0,65,23.05046452076601
1672,15128.420166015654,2500,0,65,68.28881239386307
1673,15092.89019775393,2500,0,66,16.59632597144699
1674,14657.548092651268,2500,0,65,65.43952862284583
1675,15225.539819335963,2500,0,65,44.84067307705599
1676,14904.688977050802,2500,0,66,29.401749918163087
1677,8250.180720481761,2102,1,70,0.0
1678,15233.001098632838,2500,0,65,62.567266756901034
1679,15225.196972656282,2500,0,65,95.0
1680,15107.702972412135,2500,0,66,50.84470971090002
1681,8693.164729394886,1368,1,34,63.61295955003862
1682,15088.176779174823,2500,0,65,92.92820324131294
1683,8602.871884612998,1356,1,34,67.95241278114898
1684,13898.780441036237,2288,1,59,65.43952862284583
1685,5897.672763061502,875,1,19,68.28881239386307
1686,15302.435839843782,2500,0,65,19.836355363675416
1687,15087.469598388701,2500,0,65,79.45982103536832
1688,15125.247167968779,2500,0,65,92.92820324131294
1689,14948.493481445346,2500,0,67,13.3301673099264
1690,15159.153781127852,2500,0,63,0.0
1691,12581.32015972138,2030,1,52,71.11530189471218
1692,15299.358422851592,2500,0,65,32.539335918817784
1693,8829.289789047192,1548,1,42,71.11530189471218
1694,5277.22029277801,769,1,17,65.43952862284583
1695,15236.75004882815,2500,0,65,50.84470971090002
1696,14933.93837562563,2447,1,64,65.43952862284583
1697,15200.420898437531,2500,0,65,56.75306601694711
1698,15044.634838867212,2500,0,65,95.0
1699,14984.545922851474,2500,0,64,26.238860804599884
1700,14801.599536132722,2500,0,65,62.567266756901034
1701,15099.219384765582,2500,0,65,73.91917947955449
1702,15305.486743164096,2500,0,65,56.75306601694711
1703,3732.5434970474316,517,1,10,53.19328643262103
1704,15281.373339843782,2500,0,65,16.59632597144699
1705,13328.227505397803,2170,1,57,65.43952862284583
1706,5677.673900642386,853,1,19,65.43952862284583
1707,15219.067919921907,2500,0,65,71.11530189471218
1708,14926.396936035186,2500,0,66,32.539335918817784
1709,15180.43293457034,2500,0,65,38.7394066616155
1710,15080.126831054713,2500,0,65,50.84470971090002
1711,15289.267846679717,2500,0,65,50.84470971090002
1712,15110.166299438502,2500,0,66,56.75306601694711
1713,15264.073339843782,2500,0,65,95.0
1714,5602.258128814688,846,1,19,63.43881485593775
1715,15273.56589355472,2500,0,65,29.401749918163087
1716,15235.419433593783,2500,0,65,26.238860804599884
1717,15020.191906738308,2500,0,66,56.75306601694711
1718,15175.954956054715,2500,0,65,38.7394066616155
1719,3323.522683849339,423,1,7,63.5325719959151
1720,8340.381770658467,1300,1,31,62.147029972119434
1721,15208.110888671907,2500,0,65,76.70062604371806
1722,15067.291540527376,2500,0,65,90.2776242351945
1723,15324.827734375034,2500,0,65,71.11530189471218
1724,12832.756494097717,2096,1,54,63.46371473843894
1725,3305.1738868594243,460,1,9,56.126231731749186
1726,15213.722860717802,2500,0,65,87.60566959192992
1727,4087.315552978526,546,1,10,95.0
1728,6538.747659492479,1030,1,24,56.43592325667753
1729,2913.2179492187524,369,1,5,95.0
1730,15065.99541015628,2500,0,66,38.7394066616155
1731,14211.469531249997,2500,0,65,32.319062942082496
1732,2605.2059326171916,320,1,5,95.0
1733,5565.611320190406,1046,1,29,59.60022154460551
1734,4831.102816772455,785,1,18,55.490243881014905
1735,3709.2266796875065,496,1,9,94.24
1736,8081.9246603393285,1253,1,30,95.0
1737,6426.976817092882,962,1,22,95.0
1738,14341.253597679157,2353,1,61,58.258799727717644
1739,13226.9188927424,2174,1,57,63.71296605919508
1740,15065.68681640626,2500,0,65,19.836355363675416
1741,14965.326815795794,2500,0,64,62.567266756901034
1742,13905.07936819078,2261,1,58,65.43952862284583
1743,5409.539623413085,792,1,17,95.0
1744,15221.231762695345,2500,0,65,19.836355363675416
1745,15099.384381103548,2500,0,65,87.60566959192992
1746,15128.66428222659,2500,0,65,50.84470971090002
1747,3932.790456104287,525,1,10,65.37003692199865
1748,15148.138647460966,2500,0,66,6.7186176
1749,9707.082059836368,1560,1,39,55.16338128043404
1750,15231.87300720218,2500,0,65,95.0
1751,3703.857526512602,493,1,9,61.87605584852565
1752,15031.268035888663,2500,0,64,44.84067307705599
1753,6556.645854492176,1004,1,23,63.552456789194444
1754,9191.37258823392,1446,1,36,65.01403547927166
1755,15104.311621093784,2500,0,66,6.7186176
1756,2890.2440733385133,354,1,5,55.23416762350938
1757,14953.10227966311,2500,0,66,47.85474769243954
1758,15136.290734863307,2500,0,66,38.7394066616155
1759,15030.123031616155,2500,0,64,90.2776242351945
1760,9049.941610794016,1431,1,35,65.43952862284583
1761,15219.251940917999,2500,0,65,82.19694246708538
1762,15316.529248046898,2500,0,65,79.45982103536832
1763,15158.064746093783,2500,0,65,50.84470971090002
1764,15303.719116210968,2500,0,65,35.65182123146724
1765,14124.235733890546,2335,1,62,65.43952862284583
1766,15191.808715820345,2500,0,66,3.3728000000000002
1767,15323.333959960966,2500,0,65,47.85474769243954
1768,15107.009387207048,2500,0,65,50.84470971090002
1769,15116.535302734404,2500,0,65,79.45982103536832
1770,14271.203572502127,2353,1,60,54.921779285598326
1771,15287.908398437532,2500,0,65,56.75306601694711
1772,2819.0768849182164,336,1,5,65.41655052791828
1773,15264.733215332064,2500,0,66,35.65182123146724
1774,15126.38740234378,2500,0,65,26.238860804599884
1775,9045.287434997537,1443,1,36,60.22404532298915
1776,6428.289327011098,967,1,22,63.41705601069268
1777,15310.549829101588,2500,0,65,44.84067307705599
1778,15122.191174316426,2500,0,65,68.28881239386307
1779,9815.713975677376,2147,1,57,0.0
1780,12273.20930438994,2077,1,54,62.13134004762609
1781,15108.444778442417,2500,0,66,95.0
1782,15194.74514160159,2500,0,66,32.539335918817784
1783,14853.905908203142,2500,0,66,87.60566959192992
1784,3409.341715192801,530,1,11,63.49146610285964
1785,14899.243722534207,2500,0,66,76.70062604371806
1786,15302.165649414093,2500,0,65,73.91917947955449
1787,14980.2163574219,2500,0,66,73.91917947955449
1788,15240.545874023468,2500,0,65,95.0
1789,15191.776123046904,2500,0,65,84.91216692734871
1790,15134.364126586943,2500,0,65,50.84470971090002
1791,15218.439648437523,2500,0,65,79.45982103536832
1792,15117.53465576175,2500,0,66,6.7186176
1793,5152.460732688901,803,1,20,0.0
1794,15286.23994140628,2500,0,65,50.84470971090002
1795,15285.339208984404,2500,0,65,68.28881239386307
1796,15120.766455078152,2500,0,66,62.567266756901034
1797,15156.597705078153,2500,0,65,82.19694246708538
1798,15162.672827148472,2500,0,66,23.05046452076601
1799,8769.655984306311,1425,1,36,64.5428592769047
1800,15155.778393554716,2500,0,65,68.28881239386307
1801,15123.294165039082,2500,0,65,87.60566959192992
1802,15233.75093688967,2500,0,66,47.85474769243954
1803,15160.238815307644,2500,0,66,53.810752033212815
1804,10035.606877326934,1715,1,46,61.035366039202565
1805,15333.416845703156,2500,0,65,82.19694246708538
1806,15140.366452026397,2500,0,66,82.19694246708538
1807,9449.631858615827,1631,1,44,57.68310181802745
1808,14174.070424957277,2414,1,65,62.98549637971829
1809,14789.705142974877,2405,1,63,0.0
1810,15083.668515014677,2500,0,66,38.7394066616155
1811,15212.2985839844,2500,0,65,23.05046452076601
1812,9841.140939331039,1565,1,39,68.28881239386307
1813,15271.08845214847,2500,0,65,53.810752033212815
1814,15060.540576171907,2500,0,65,82.19694246708538
1815,13912.214770507791,2500,0,67,3.3458176
1816,15249.721289062532,2500,0,65,62.567266756901034
1817,15016.311410522496,2500,0,68,35.65182123146724
1818,15263.375195312528,2500,0,64,95.0
1819,15182.676660156281,2500,0,65,92.92820324131294
1820,15026.576123046889,2500,0,65,50.84470971090002
1821,15297.562817382843,2500,0,65,29.401749918163087
1822,14881.461816406272,2500,0,65,95.0
1823,13611.5387828064,2244,1,59,0.0
1824,15137.787402343783,2500,0,65,95.0
1825,15251.92758789065,2500,0,65,95.0
1826,15221.883789062533,2500,0,66,13.3301673099264
1827,15023.298532104527,2500,0,65,71.11530189471218
1828,15126.28896484378,2500,0,65,71.11530189471218
1829,4391.359456729901,1040,1,28,58.58941792412301
1830,15235.975585937525,2500,0,65,44.84067307705599
1831,15248.303320312536,2500,0,65,62.567266756901034
1832,15091.604125976588,2500,0,66,3.3728000000000002
1833,15168.195263671903,2500,0,65,95.0
1834,15244.00859375003,2500,0,65,59.67184148881153
1835,10308.084316120103,1792,1,48,61.58201652548882
1836,7122.033903655926,1782,1,53,59.888404706384584
1837,15144.62415771488,2500,0,66,41.802291408322574
1838,15155.64355468753,2500,0,66,6.7186176
1839,15341.212011718786,2500,0,65,79.45982103536832
1840,15249.183166503939,2500,0,65,0.0
1841,15259.48054199222,2500,0,65,68.28881239386307
1842,15075.923242187526,2500,0,65,95.0
1843,15035.982922363311,2500,0,66,26.238860804599884
1844,15246.328637695342,2500,0,65,56.75306601694711
1845,15183.607690429722,2500,0,65,65.43952862284583
1846,15318.265161132838,2500,0,65,50.84470971090002
1847,12858.164622516635,2099,1,54,62.00371901235027
1848,15165.275122070341,2500,0,65,95.0
1849,15001.048422241241,2500,0,65,38.7394066616155
1850,15230.920568847685,2500,0,65,6.7186176
1851,15130.100122070346,2500,0,66,35.65182123146724
1852,15080.197021484406,2500,0,65,95.0
1853,15185.98815917972,2500,0,65,95.0
1854,15262.58271484378,2500,0,65,44.84067307705599
1855,14900.288717651385,2500,0,65,62.567266756901034
1856,15204.94794921878,2500,0,65,6.7186176
1857,14950.105322265652,2500,0,66,95.0
1858,15095.94978027347,2500,0,65,95.0
1859,15249.706372070345,2500,0,65,35.65182123146724
1860,15269.71562500003,2500,0,65,38.7394066616155
1861,15090.801953125027,2500,0,65,71.11530189471218
1862,15116.190304565458,2500,0,66,41.802291408322574
1863,15101.16979675296,2500,0,65,95.0
1864,15135.218945312534,2500,0,66,13.3301673099264
1865,13688.290835876465,2289,1,59,40.842983482749766
1866,5131.957723007204,802,1,17,44.316640173947214
1867,15230.947473144557,2500,0,65,6.7186176
1868,15112.06072692874,2500,0,65,95.0
1869,14865.076123046909,2500,0,64,26.21335363432921
1870,15227.100610351594,2500,0,66,16.59632597144699
1871,8885.966918868986,1414,1,35,51.273698986293994
1872,15127.89538574222,2500,0,66,13.3301673099264
1873,13050.398306274372,2500,0,71,6.6383162507264
1874,15142.067138671902,2500,0,65,84.91216692734871
1875,14967.38755493166,2500,0,66,73.91917947955449
1876,14857.119860839868,2500,0,66,59.67184148881153
1877,7700.285379066439,1198,1,29,57.62756215217235
1878,14317.671733016978,2324,1,60,61.90687658795599
1879,15283.702539062531,2500,0,65,47.85474769243954
1880,12986.602769012447,2104,1,54,61.25056460294594
1881,9473.65370655058,1495,1,37,59.30778377237201
1882,15108.680004882843,2500,0,65,90.2776242351945
1883,15229.970458984397,2500,0,65,90.2776242351945
1884,3625.2437294006427,540,1,12,61.28711413042255
1885,15084.810278320329,2500,0,66,32.539335918817784
1886,15282.706738281275,2500,0,65,47.85474769243954
1887,6705.019371814701,1094,1,27,68.28881239386307
1888,15039.937744140645,2500,0,67,82.19694246708538
1889,15297.159912109404,2500,0,65,19.836355363675416
1890,14998.793798828145,2500,0,66,6.7186176
1891,15257.874169921908,2500,0,65,32.539335918817784
1892,5740.7604051589815,940,1,23,64.30585639911325
1893,15144.415356445339,2500,0,65,73.91917947955449
1894,9721.323727874733,1586,1,40,52.668470839141875
1895,15002.500585937523,2500,0,65,26.238860804599884
1896,15267.186975097684,2500,0,65,47.85474769243954
1897,15149.171582031284,2500,0,66,29.401749918163087
1898,15172.432788085964,2500,0,66,50.84470971090002
1899,15139.504418945344,2500,0,66,16.59632597144699
1900,3959.172493629481,956,1,33,60.93470276713043
1901,15284.694238281283,2500,0,65,84.91216692734871
1902,14697.960119628926,2500,0,66,95.0
1903,15074.02081298831,2500,0,66,29.401749918163087
1904,15197.41804199221,2500,0,65,84.91216692734871
1905,15144.932653808628,2500,0,66,10.0376686592
1906,14961.62031250002,2500,0,66,16.59632597144699
1907,15333.455664062529,2500,0,65,44.84067307705599
1908,15049.347607421896,2500,0,65,82.19694246708538
1909,10446.338201522765,1880,1,52,67.79625083551215
1910,15190.204565429714,2500,0,66,26.238860804599884
1911,15145.406604003942,2500,0,65,87.60566959192992
1912,13451.974943923906,2350,1,64,68.28881239386307
1913,15013.144177246044,2500,0,64,90.2776242351945
1914,15247.813134765649,2500,0,65,65.43952862284583
1915,15189.41787109378,2500,0,65,92.92820324131294
1916,15201.522900390659,2500,0,66,53.810752033212815
1917,15190.099279785185,2500,0,64,95.0
1918,15295.187988281281,2500,0,65,71.11530189471218
1919,15181.003662109406,2500,0,66,0.0
1920,3742.1126442337118,538,1,12,64.58277385175734
1921,15292.940063476586,2500,0,65,59.67184148881153
1922,9479.35347667691,1532,1,39,50.674154393031934
1923,11719.524035911527,2061,1,58,60.93786383773883
1924,15240.690844726589,2500,0,66,13.3301673099264
1925,15271.764062500031,2500,0,65,71.11530189471218
1926,10937.2400848388,2500,0,83,42.04270523641282
1927,15145.725289917023,2500,0,66,23.05046452076601
1928,15263.483255004914,2500,0,66,16.59632597144699
1929,15028.1818237305,2500,0,66,47.85474769243954
1930,15258.930053710968,2500,0,66,13.3301673099264
1931,15347.625289917014,2500,0,65,84.91216692734871
1932,15264.183935546907,2500,0,65,59.67184148881153
1933,15123.476998901397,2500,0,65,84.91216692734871
1934,15248.090283203152,2500,0,65,50.84470971090002
1935,15224.954696655304,2500,0,65,71.11530189471218
1936,14862.489144897492,2500,0,67,3.3728000000000002
1937,14756.503634643477,2500,0,66,73.91917947955449
1938,14646.807592773353,2500,0,67,44.84067307705599
1939,9175.40135032643,2274,1,80,67.90119273762156
1940,14938.45172119135,2500,0,66,6.7186176
1941,14956.716134643559,2500,0,65,44.84067307705599
1942,15231.260327148459,2500,0,65,47.85474769243954
1943,13600.702807617175,2500,0,71,44.48194769243954
1944,13950.607055664062,2500,0,70,37.792966436316476
1945,15052.136303710966,2500,0,65,35.65182123146724
1946,15127.750979614293,2500,0,66,10.0376686592
1947,15098.661645507842,2500,0,66,10.0376686592
1948,15239.796997070343,2500,0,65,29.401749918163087
1949,15189.12980957034,2500,0,65,84.91216692734871
1950,14199.941370925899,2437,1,66,57.93600962979688
1951,15093.411694335962,2500,0,66,41.802291408322574
1952,5849.501422691336,905,1,21,57.775285746969715
1953,6240.5156801605135,953,1,23,0.0
1954,14674.968261718768,2500,0,67,38.613895124488714
1955,15330.477709960971,2500,0,65,73.91917947955449
1956,3520.0877326965447,690,1,21,0.0
1957,15305.694604492202,2500,0,65,56.75306601694711
1958,9336.512408199225,2083,1,69,0.0
1959,4576.303599586494,683,1,15,54.275372359612085
1960,12388.996892089848,1974,1,50,95.0
1961,15268.383578491239,2500,0,65,50.84470971090002
1962,4019.517065200814,547,1,11,51.49353103989796
1963,15134.357360839871,2500,0,65,82.19694246708538
1964,5303.645770645138,790,1,18,58.373031509040956
1965,7025.055954742417,1090,1,27,95.0
1966,6817.679527511576,1038,1,24,61.297210119796105
1967,15294.982812500031,2500,0,65,76.70062604371806
1968,15388.830566406281,2500,0,65,92.92820324131294
1969,15020.941296386734,2500,0,65,44.84067307705599
1970,8716.949843463868,1387,1,34,58.63668438400967
1971,15258.297680664087,2500,0,65,35.65182123146724
1972,3917.7158930969313,524,1,10,54.14311247731449
1973,15067.911288452178,2500,0,66,53.810752033212815
1974,15287.59616699222,2500,0,65,95.0
1975,14830.579460315726,2466,1,66,61.3302684342688
1976,15333.726220703158,2500,0,65,38.58818225123198
1977,15315.281494140654,2500,0,65,56.75306601694711
1978,15194.752905273468,2500,0,66,10.0376686592
1979,3156.7021568870623,407,1,7,57.89092279255733
1980,13455.179975433359,2184,1,56,64.46973355658696
1981,15133.733471679718,2500,0,65,76.70062604371806
1982,14204.733800888082,2335,1,61,64.303241404032
1983,14864.063485717805,2500,0,67,71.11530189471218
1984,3649.879982032784,483,1,9,54.52395145726094
1985,15045.267474365255,2500,0,67,29.401749918163087
1986,8438.353570480307,1344,1,34,60.97998163234474
1987,14752.052377319256,2500,0,65,26.238860804599884
1988,15292.055517578136,2500,0,66,0.0
1989,15034.683056640612,2500,0,65,32.539335918817784
1990,15006.457547531138,2457,1,64,64.36403610359173
1991,15209.85588073733,2500,0,66,73.91917947955449
1992,8937.056497783635,1414,1,35,58.21975139685737
1993,15261.194674682645,2500,0,66,56.75306601694711
1994,3834.733740921031,554,1,12,54.20618607230171
1995,15162.468994140649,2500,0,65,84.91216692734871
1996,15106.919812011747,2500,0,65,65.43952862284583
1997,15326.96640625003,2500,0,65,92.92820324131294
1998,15055.677026367213,2500,0,65,62.567266756901034
1999,15336.263696289092,2500,0,65,59.67184148881153
2000,6837.6195259284605,1184,1,33,61.00622262270974
2001,7114.494601669291,1108,1,28,0.0
2002,15061.726486206082,2500,0,66,32.539335918817784
2003,15324.458789062535,2500,0,65,68.28881239386307
2004,10206.241380996686,1599,1,40,64.99631374313665
2005,15022.750320434603,2500,0,66,35.65182123146724
2006,7869.330851173376,1210,1,29,64.66952368823021
2007,15069.324926757841,2500,0,66,35.65182123146724
2008,13696.566080036171,2278,1,60,64.67961714800508
2009,10448.922854080187,1648,1,41,54.7033796394313
2010,6236.556021842935,1057,1,28,61.37364249939178
2011,14703.653745574955,2429,1,64,67.76948429471216
2012,15269.238671875028,2500,0,65,44.84067307705599
2013,15135.423730468781,2500,0,65,82.19694246708538
2014,15274.18380126956,2500,0,65,56.75306601694711
2015,15251.564135742217,2500,0,65,50.84470971090002
2016,15171.924047851593,2500,0,66,32.539335918817784
2017,15032.562512207056,2500,0,66,6.7186176
2018,15218.400756835972,2500,0,65,71.11530189471218
2019,7003.203031959515,1113,1,28,62.31671652111218
2020,15268.932519531278,2500,0,65,50.84470971090002
2021,15124.226171875029,2500,0,66,62.567266756901034
2022,8440.569963226257,1622,1,48,60.65309733341926
2023,15058.767147827177,2500,0,66,29.401749918163087
2024,15253.472668457045,2500,0,64,87.60566959192992
2025,15124.824414062503,2500,0,64,90.2776242351945
2026,7388.434746475195,1149,1,29,0.0
2027,15066.627050781264,2500,0,65,59.67184148881153
2028,15308.720166015657,2500,0,65,95.0
2029,15201.660156250033,2500,0,65,95.0
2030,7850.347564697169,2500,0,87,6.6648686592
2031,12173.519644165026,2500,0,77,47.193576802717246
2032,15085.684008789087,2500,0,67,19.836355363675416
2033,15242.639736938505,2500,0,66,44.84067307705599
2034,4107.565546646139,888,1,25,54.70044098181047
2035,15303.031298828158,2500,0,66,10.0376686592
2036,15300.45585937503,2500,0,65,53.810752033212815
2037,7177.749935188274,1103,1,27,61.64005456360222
2038,15382.29384765628,2500,0,65,59.67184148881153
2039,3129.271725807196,477,1,10,58.119060506205564
2040,15107.920043945338,2500,0,66,23.05046452076601
2041,15071.162622070344,2500,0,65,73.91917947955449
2042,14997.553955078156,2500,0,66,73.91917947955449
2043,15336.707250976586,2500,0,65,95.0
2044,15074.811206054716,2500,0,66,53.810752033212815
2045,9605.758124427697,2086,1,63,64.8675185479024
2046,9161.845811691259,1478,1,37,49.24886221677623
2047,11489.252615051251,2086,1,55,54.063715426438606
2048,15050.407714843777,2500,0,66,26.238860804599884
2049,15158.669116210966,2500,0,65,79.45982103536832
2050,15326.037622070342,2500,0,65,56.75306601694711
2051,5635.130888214106,853,1,19,45.20350491683368
2052,13472.876934471142,2198,1,57,53.26206338683517
2053,14926.432824707053,2500,0,67,95.0
2054,11326.163945407852,1819,1,46,61.98589825492757
2055,10378.932140846238,1659,1,42,37.81782913495254
2056,15147.1810058594,2500,0,65,6.7186176
2057,15163.070019531282,2500,0,66,16.59632597144699
2058,15157.10795593265,2500,0,66,0.0
2059,15206.755908203158,2500,0,65,71.11530189471218
2060,15330.010644531289,2500,0,65,13.3301673099264
2061,14946.336315917995,2500,0,66,62.567266756901034
2062,14953.246179199243,2500,0,66,38.7394066616155
2063,10654.061233615865,1685,1,42,63.650366372789215
2064,15100.3921386719,2500,0,66,38.7394066616155
2065,15177.970520019555,2500,0,65,68.28881239386307
2066,15243.60562744144,2500,0,65,56.75306601694711
2067,6729.744248046749,1423,1,26,14.587514120766013
2068,12649.541616792667,2169,1,54,6.7186176
2069,15151.061914062531,2500,0,66,0.0
2070,12148.09470390319,1993,1,50,29.430495280637512
2071,15274.34306640628,2500,0,65,71.11530189471218
2072,15172.500976562533,2500,0,65,95.0
2073,15135.133764648468,2500,0,65,95.0
2074,15205.450366210971,2500,0,65,53.810752033212815
2075,15080.217239379908,2500,0,65,95.0
2076,15204.184008789092,2500,0,65,95.0
2077,15103.708688354522,2500,0,66,13.3301673099264
2078,15143.668310546907,2500,0,65,95.0
2079,15003.599902343767,2500,0,65,82.19694246708538
2080,11672.156309566491,1872,1,47,47.43803714164056
2081,15282.91291503909,2500,0,65,23.05046452076601
2082,6113.85689468379,1240,1,36,48.80698411740594
2083,15256.932702636752,2500,0,65,23.05046452076601
2084,15075.264620971711,2500,0,66,35.65182123146724
2085,15096.229711914086,2500,0,65,56.75306601694711
2086,15210.316979980502,2500,0,65,56.75306601694711
2087,14717.229956054683,2500,0,67,27.18887083146724
2088,14992.057312011746,2500,0,66,95.0
2089,14683.519479370143,2500,0,68,38.7394066616155
2090,7516.560336303553,2500,0,96,32.539335918817784
2091,15043.437319946304,2500,0,66,44.84067307705599
2092,13464.265395469625,2324,1,64,0.0
2093,15315.502832031281,2500,0,65,73.91917947955449
2094,15099.474926757843,2500,0,65,84.91216692734871
2095,15159.714547729518,2500,0,66,26.238860804599884
2096,6619.491342029545,1127,1,31,0.0
2097,14377.642041015622,2500,0,69,56.75306601694711
2098,13612.41379728316,2320,1,63,67.90119273762156
2099,15225.106076049835,2500,0,65,95.0
2100,15269.989404296904,2500,0,65,41.802291408322574
2101,15125.859985351592,2500,0,65,84.91216692734871
2102,15128.758398437532,2500,0,66,32.539335918817784
2103,15080.988598632843,2500,0,66,29.401749918163087
2104,15248.677539062533,2500,0,65,87.60566959192992
2105,10553.601820144611,1912,1,56,0.0
2106,15166.625634765656,2500,0,66,3.3728000000000002
2107,15277.113378906279,2500,0,66,29.401749918163087
2108,15068.07922363284,2500,0,66,29.401749918163087
2109,15297.829025268584,2500,0,65,71.11530189471218
2110,4930.95742622376,747,1,18,0.0
2111,15016.44895019534,2500,0,66,13.3301673099264
2112,15145.154028320343,2500,0,65,73.91917947955449
2113,15137.418920898468,2500,0,65,79.45982103536832
2114,15286.899496459988,2500,0,65,68.28881239386307
2115,15225.834179687537,2500,0,65,71.11530189471218
2116,15056.489819335971,2500,0,66,82.19694246708538
2117,15081.266333007836,2500,0,65,95.0
2118,15249.72881164554,2500,0,66,0.0
2119,14766.609490966826,2500,0,67,82.19694246708538
2120,15119.45595397952,2500,0,66,53.810752033212815
2121,9477.732530174153,2237,1,79,0.0
2122,15201.379519653345,2500,0,66,71.11530189471218
2123,10508.882287368655,2447,1,86,0.0
2124,13541.006185913056,2500,0,74,16.59632597144699
2125,15194.188693237336,2500,0,66,92.92820324131294
2126,13455.377823944089,2249,1,61,0.0
2127,14715.620788574239,2500,0,67,19.836355363675416
2128,15035.40031738284,2500,0,66,19.836355363675416
2129,13368.962316551215,2193,1,57,68.17298791097788
2130,8343.892796001397,1382,1,36,56.267994758637535
2131,14319.545729637157,2385,1,64,0.0
2132,15101.79714355472,2500,0,66,16.59632597144699
2133,15117.83073730472,2500,0,65,95.0
2134,15226.031997680697,2500,0,66,3.3728000000000002
2135,8848.39399223322,1595,1,47,0.0
2136,15072.878921508818,2500,0,66,53.810752033212815
2137,13422.422313861849,2301,1,63,52.40355758087524
2138,11103.916550903301,1841,1,49,60.96836089572108
2139,9729.542421150167,1710,1,48,0.0
2140,15110.946337890638,2500,0,65,95.0
2141,15409.539685058622,2500,0,65,13.3301673099264
2142,6578.143323745714,1003,1,24,0.0
2143,6696.712027511584,1002,1,23,64.11797411526487
2144,15070.676245117214,2500,0,66,29.401749918163087
2145,15068.033273315457,2500,0,66,41.802291408322574
2146,15169.603207397491,2500,0,66,29.401749918163087
2147,15176.18144531253,2500,0,65,87.42834046417723
2148,15274.909228515655,2500,0,65,56.75306601694711
2149,15116.675277709988,2500,0,65,95.0
2150,15246.935327148469,2500,0,66,13.3301673099264
2151,5613.363223876937,883,1,22,71.11530189471218
2152,15153.497509765655,2500,0,65,90.2776242351945
2153,15154.255807495138,2500,0,65,87.60566959192992
2154,10309.452093582131,1686,1,45,0.0
2155,14757.950122070339,2500,0,68,71.11530189471218
2156,15146.476699829132,2500,0,66,41.802291408322574
2157,10342.65378288261,2143,1,70,0.0
2158,14976.547628784201,2500,0,67,65.43952862284583
2159,11134.110647582913,2500,0,85,19.836355363675416
2160,15251.841113281276,2500,0,65,50.84470971090002
2161,15169.921020507842,2500,0,65,95.0
2162,15193.678955078154,2500,0,65,95.0
2163,15200.792749023463,2500,0,65,92.92820324131294
2164,10159.78860746381,1667,1,44,0.0
2165,15271.544921875031,2500,0,65,35.65182123146724
2166,9054.45492454527,1452,1,37,0.0
2167,15160.466040039093,2500,0,65,82.19694246708538
2168,15162.1211029053,2500,0,65,95.0
2169,11922.735595569582,2227,1,65,68.0028165820627
2170,9040.864908676094,1516,1,40,63.03728331483676
2171,15104.239331054707,2500,0,65,65.43952862284583
2172,15143.2228973389,2500,0,66,95.0
2173,15331.088037109408,2500,0,65,68.28881239386307
2174,13710.432659454355,2414,1,69,0.0
2175,15119.986621093782,2500,0,65,82.19694246708538
2176,15263.860717773468,2500,0,65,59.67184148881153
2177,15126.017401123077,2500,0,66,44.84067307705599
2178,14967.526452636746,2500,0,67,13.3301673099264
2179,6145.470286712589,1367,1,45,55.56462679739523
2180,15342.141967773468,2500,0,65,90.2776242351945
2181,5408.416018981906,959,1,27,66.04642251226466
2182,15194.961791992218,2500,0,66,10.0376686592
2183,11701.779022293089,1871,1,48,64.63336172194897
2184,15106.636044311552,2500,0,66,95.0
2185,15056.129403686553,2500,0,66,50.84470971090002
2186,12488.4902343749,2500,0,78,53.810752033212815
2187,15208.194677734407,2500,0,66,6.7186176
2188,14996.620492553742,2500,0,66,53.810752033212815
2189,15178.299194335967,2500,0,65,87.60566959192992
2190,15327.520712280302,2500,0,65,56.75306601694711
2191,14980.87140808108,2500,0,64,76.70062604371806
2192,14819.5435058594,2500,0,65,29.401749918163087
2193,10975.809869918807,1777,1,45,0.0
2194,15113.433422851595,2500,0,66,0.0
2195,14939.11354675295,2500,0,64,62.567266756901034
2196,3820.7225297355735,608,1,12,67.87527250248374
2197,14768.994494628929,2500,0,65,0.0
2198,15134.635067749052,2500,0,64,84.91216692734871
2199,8193.488542976344,1303,1,32,35.30081857037783
2200,5915.880791740349,1611,1,56,0.0
2201,15240.535205078155,2500,0,65,44.84067307705599
2202,15085.590368652358,2500,0,65,38.7394066616155
2203,15011.095520019551,2500,0,65,79.45982103536832
2204,15149.658395385759,2500,0,65,79.45982103536832
2205,15125.597265625032,2500,0,65,95.0
2206,12943.872905483247,2238,1,60,52.55888318517704
2207,15232.4032714844,2500,0,65,44.84067307705599
2208,12887.137158203077,2500,0,74,51.20597763778825
2209,15230.972164917024,2500,0,65,68.28881239386307
2210,14991.1458496094,2500,0,65,19.836355363675416
2211,6476.88218221663,995,1,24,64.99631374313665
2212,15154.934570312524,2500,0,65,76.70062604371806
2213,7043.505590820151,2500,0,103,44.84067307705599
2214,15165.085131835967,2500,0,65,79.45982103536832
2215,15162.181820678747,2500,0,66,23.05046452076601
2216,6136.118973770069,2163,1,90,62.58622501620434
2217,14926.679202270527,2500,0,66,68.28881239386307
2218,15155.429467773458,2500,0,65,53.810752033212815
2219,15215.553686523464,2500,0,66,3.3728000000000002
2220,6178.664939804051,1089,1,30,0.0
2221,15057.647219848657,2500,0,65,73.91917947955449
2222,6561.511859092678,1242,1,38,0.0
2223,14423.868627929704,2500,0,70,16.59632597144699
2224,15144.790893554717,2500,0,65,68.28881239386307
2225,15122.066223144564,2500,0,66,16.59632597144699
2226,4464.009696502711,1259,1,49,0.0
2227,15076.029003906271,2500,0,66,47.85474769243954
2228,15323.103833007846,2500,0,65,68.28881239386307
2229,11989.035908431992,2039,1,57,0.0
2230,14443.143935813903,2443,1,67,0.0
2231,15191.158068847686,2500,0,65,95.0
2232,15188.450122070335,2500,0,65,84.91216692734871
2233,15315.226489257846,2500,0,65,71.11530189471218
2234,14909.021261596698,2500,0,68,44.84067307705599
2235,9138.521709709123,1646,1,49,0.0
2236,15413.226806640652,2500,0,65,19.836355363675416
2237,15306.241064453152,2500,0,66,10.0376686592
2238,9758.845367965645,1717,1,50,0.0
2239,15404.575219726596,2500,0,65,76.70062604371806
2240,15222.269528198272,2500,0,66,38.7394066616155
2241,15310.110107421902,2500,0,65,50.84470971090002
2242,15236.140966796907,2500,0,65,29.401749918163087
2243,8417.63373233788,1659,1,53,0.0
2244,15185.303747558628,2500,0,65,65.43952862284583
2245,15056.429019165063,2500,0,66,26.238860804599884
2246,14863.351525878928,2500,0,66,68.28881239386307
2247,3458.438651618966,557,1,14,61.05672867432243
2248,15185.64355468753,2500,0,65,92.92820324131294
2249,15032.998291015645,2500,0,66,47.50987043672949
2250,15195.856079101592,2500,0,65,95.0
2251,5249.121770706171,808,1,18,63.84150353102314
2252,5125.158123626712,778,1,17,60.720652616785856
2253,14318.421606445323,2500,0,65,79.45982103536832
2254,6822.100808334334,1045,1,26,0.0
2255,15035.908032226593,2500,0,65,95.0
2256,7186.899602699261,1105,1,26,67.61870436533658
2257,14607.944116210963,2500,0,62,0.0
2258,14984.522814941438,2500,0,63,84.91216692734871
2259,13789.564038085919,2500,0,73,3.3728000000000002
2260,15124.352221679716,2500,0,65,95.0
2261,15143.146313476596,2500,0,66,6.7186176
2262,9144.77886753079,1530,1,41,60.923546250732514
2263,15011.252172851586,2500,0,66,50.84470971090002
2264,14966.18378601076,2500,0,65,65.43952862284583
2265,14742.69908447268,2500,0,64,95.0
2266,15346.22346191409,2500,0,65,90.2776242351945
2267,15347.22819824222,2500,0,65,59.67184148881153
2268,15306.032617187531,2500,0,65,84.91216692734871
2269,4578.079510040282,744,1,20,0.0
2270,15037.90781250003,2500,0,66,6.7186176
2271,15281.51215820315,2500,0,65,59.67184148881153
2272,15072.748999023468,2500,0,66,41.802291408322574
2273,15278.898876953153,2500,0,65,32.539335918817784
2274,15184.037011718781,2500,0,65,56.75306601694711
2275,10789.679266014073,1893,1,54,0.0
2276,15053.26657714834,2500,0,65,3.3728000000000002
2277,14891.547644042883,2500,0,66,19.836355363675416
2278,15071.83867187502,2500,0,65,68.28881239386307
2279,15159.143789672878,2500,0,66,3.3728000000000002
2280,15141.296069335922,2500,0,64,29.401749918163087
2281,15256.892236328158,2500,0,65,32.539335918817784
2282,15244.041015625031,2500,0,65,65.43952862284583
2283,15261.966830444366,2500,0,65,95.0
2284,15138.9750244141,2500,0,66,82.19694246708538
2285,15125.671643066436,2500,0,65,84.91216692734871
2286,15075.618994140621,2500,0,65,29.401749918163087
2287,15273.019140625034,2500,0,65,59.67184148881153
2288,15119.95389099124,2500,0,66,53.810752033212815
2289,15257.024182128938,2500,0,65,95.0
2290,15301.022485351592,2500,0,65,44.84067307705599
2291,15141.564953613317,2500,0,66,10.0376686592
2292,15314.16766357425,2500,0,65,62.567266756901034
2293,15038.939855957064,2500,0,66,68.28881239386307
2294,14986.966137695232,2500,0,65,0.0
2295,15045.093481445334,2500,0,66,23.05046452076601
2296,15280.520092773466,2500,0,65,44.84067307705599
2297,15270.772338867222,2500,0,65,79.45982103536832
2298,15051.51163024905,2500,0,66,65.43952862284583
2299,8094.692538719147,1246,1,31,0.0
2300,15129.051852417018,2500,0,65,53.810752033212815
2301,15100.16212158201,2500,0,65,3.3728000000000002
2302,14723.965930175691,2500,0,66,50.84470971090002
2303,15231.807556152375,2500,0,65,82.19694246708538
2304,15062.18410644534,2500,0,66,38.7394066616155
2305,15160.282824707065,2500,0,65,47.85474769243954
2306,15144.80125732425,2500,0,65,53.810752033212815
2307,15288.871789550809,2500,0,65,92.92820324131294
2308,15299.358432006864,2500,0,65,41.802291408322574
2309,15227.759716796905,2500,0,65,53.810752033212815
2310,15244.828002929717,2500,0,65,44.84067307705599
2311,7782.896479034275,2445,1,96,0.0
2312,15181.119555664092,2500,0,65,76.70062604371806
2313,15284.78829345706,2500,0,65,53.810752033212815
2314,15107.890966796904,2500,0,65,71.11530189471218
2315,15180.99128417972,2500,0,65,95.0
2316,11927.92107196807,1902,1,49,0.0
2317,15169.894506835966,2500,0,65,65.43952862284583
2318,15065.224279785185,2500,0,66,0.0
2319,15291.947164917025,2500,0,65,71.11530189471218
2320,15056.602502441432,2500,0,66,13.3301673099264
2321,15336.33247070315,2500,0,65,56.75306601694711
2322,15249.489932251006,2500,0,65,95.0
2323,15312.737060546902,2500,0,65,38.7394066616155
2324,15176.81329345706,2500,0,65,87.60566959192992
2325,14998.455139160189,2500,0,66,16.59632597144699
2326,15051.31148681643,2500,0,66,44.84067307705599
2327,15131.902685546902,2500,0,66,19.836355363675416
2328,15395.897119140658,2500,0,65,41.802291408322574
2329,15216.174926757845,2500,0,66,0.0
2330,15392.64337158206,2500,0,64,95.0
2331,14997.767318725615,2500,0,65,95.0
2332,15171.071191406281,2500,0,65,50.84470971090002
2333,15111.97359619144,2500,0,65,95.0
2334,15104.855343627956,2500,0,65,90.2776242351945
2335,6797.800838012676,1094,1,28,0.0
2336,14951.049523925809,2500,0,65,68.28881239386307
2337,15210.50449523929,2500,0,65,59.67184148881153
2338,15000.873739624054,2500,0,66,71.11530189471218
2339,15222.259292602574,2500,0,65,82.19694246708538
2340,15212.346932983424,2500,0,65,68.28881239386307
2341,15208.860653686555,2500,0,65,59.67184148881153
2342,15191.159277343782,2500,0,66,3.3728000000000002
2343,5036.772903099057,818,1,21,0.0
2344,9992.430274009677,1655,1,43,67.98537254273154
2345,15166.15629882816,2500,0,66,32.539335918817784
2346,12220.291905250546,2013,1,53,0.0
2347,15130.976913452174,2500,0,65,41.802291408322574
2348,15030.548214721708,2500,0,66,35.65182123146724
2349,15120.654003906273,2500,0,65,16.59632597144699
2350,15181.231396484405,2500,0,65,23.05046452076601
2351,15159.93181152346,2500,0,65,84.91216692734871
2352,15204.22631835941,2500,0,65,71.11530189471218
2353,15140.070141601595,2500,0,65,87.60566959192992
2354,15053.814721679715,2500,0,66,71.11530189471218
2355,15292.261813354526,2500,0,64,95.0
2356,7852.21485357282,1205,1,29,54.6739660723614
2357,15017.235055542014,2500,0,65,82.19694246708538
2358,11087.35946838377,1854,1,47,0.0
2359,14999.534341430688,2500,0,67,23.05046452076601
2360,14982.678750610337,2500,0,65,95.0
2361,15016.915737915053,2500,0,65,32.539335918817784
2362,14944.45549316409,2500,0,66,71.11530189471218
2363,15014.572116088899,2500,0,65,68.28881239386307
2364,15196.113452148466,2500,0,65,82.19694246708538
2365,15161.072961425816,2500,0,65,16.59632597144699
2366,15151.356515502956,2500,0,66,0.0
2367,15159.190673828156,2500,0,65,71.11530189471218
2368,15260.899462890657,2500,0,65,53.810752033212815
2369,15045.97041015628,2500,0,66,29.401749918163087
2370,3274.4516974258436,451,1,9,60.80059541021687
2371,5023.897192077634,761,1,17,60.96975632786095
2372,15304.865942382834,2500,0,65,16.59632597144699
2373,8215.608471298186,1300,1,32,57.63062917441603
2374,15282.76126708987,2500,0,66,16.59632597144699
2375,15075.802465820341,2500,0,66,38.7394066616155
2376,15140.70551757816,2500,0,66,13.3301673099264
2377,15254.095666503932,2500,0,65,53.810752033212815
2378,15084.742309570338,2500,0,65,65.43952862284583
2379,15081.811264038115,2500,0,66,50.84470971090002
2380,15076.06867370608,2500,0,65,47.85474769243954
2381,10086.074002380341,1684,1,44,58.31754860655715
2382,15259.867663574247,2500,0,65,59.67184148881153
2383,15018.097463989288,2500,0,65,95.0
2384,15229.263049316438,2500,0,65,62.567266756901034
2385,15185.778576660186,2500,0,65,41.802291408322574
2386,9825.859355163515,1825,1,51,54.131701939991764
2387,15278.695263671903,2500,0,65,0.0
2388,14911.358447265642,2500,0,66,13.3301673099264
2389,15249.511523437532,2500,0,65,6.7186176
2390,14952.873120117216,2500,0,66,90.2776242351945
2391,15272.045935058624,2500,0,65,44.84067307705599
2392,15222.528906250025,2500,0,65,95.0
2393,15097.34933776858,2500,0,66,26.238860804599884
2394,15065.10460205081,2500,0,66,19.836355363675416
2395,12149.404841995212,2090,1,53,44.97686755334759
2396,15288.83590087894,2500,0,65,23.05046452076601
2397,15251.610165405305,2500,0,66,0.0
2398,15065.534350585967,2500,0,66,32.539335918817784
2399,6058.37932460784,921,1,22,0.0
2400,15208.894332885768,2500,0,66,44.84067307705599
2401,15209.786935424836,2500,0,65,79.45982103536832
2402,9066.429380722026,1439,1,36,51.33199574602921
2403,15019.378808593776,2500,0,66,32.539335918817784
2404,14995.483105468775,2500,0,67,35.65182123146724
2405,15179.62517089847,2500,0,66,6.7186176
2406,15265.109094238313,2500,0,65,82.19694246708538
2407,15107.315722656278,2500,0,65,53.810752033212815
2408,12208.442304305969,2376,1,68,36.97222778420922
2409,15242.681311035189,2500,0,65,32.539335918817784
2410,15249.06239013675,2500,0,65,38.7394066616155
2411,15210.064843750033,2500,0,66,19.836355363675416
2412,15203.711230468785,2500,0,65,65.43952862284583
2413,15155.998168945342,2500,0,65,90.2776242351945
2414,14885.646456909208,2500,0,67,50.84470971090002
2415,15218.795065307648,2500,0,66,68.28881239386307
2416,15214.377856445342,2500,0,66,76.70062604371806
2417,15204.394287109402,2500,0,66,32.539335918817784
2418,15268.699838256865,2500,0,65,26.238860804599884
2419,6320.057394332878,974,1,23,60.43573972808062
2420,15152.401416015653,2500,0,65,95.0
2421,15030.528759765655,2500,0,66,95.0
2422,15302.353735351593,2500,0,65,38.7394066616155
2423,15138.155957031282,2500,0,65,79.45982103536832
2424,15236.945239257842,2500,0,65,38.7394066616155
2425,14982.945251464876,2500,0,66,47.85474769243954
2426,15262.544702148462,2500,0,65,95.0
2427,14487.407444686909,2369,1,61,48.89675268196712
2428,15207.88845214846,2500,0,65,38.7394066616155
2429,15069.776708984402,2500,0,65,59.67184148881153
2430,15055.466918945342,2500,0,65,59.67184148881153
2431,5369.558177070602,861,1,21,52.22999771223335
2432,15324.155883789095,2500,0,65,6.7186176
2433,15191.05432128909,2500,0,65,92.49469286867533
2434,14975.613809204133,2500,0,66,44.84067307705599
2435,15307.089465332057,2500,0,65,44.84067307705599
2436,9856.901684570295,1570,1,40,0.0
2437,15226.510595703146,2500,0,65,65.43952862284583
2438,15228.254760742217,2500,0,65,95.0
2439,15055.706411743187,2500,0,66,13.3301673099264
2440,15116.559106445347,2500,0,66,0.0
2441,14960.585427856471,2500,0,66,71.11530189471218
2442,14960.745956420918,2500,0,66,68.28881239386307
2443,6843.098426475508,1108,1,27,53.795289670239384
2444,15011.684249877937,2500,0,66,47.85474769243954
2445,15130.074368286161,2500,0,66,13.3301673099264
2446,14998.921533203153,2500,0,66,29.401749918163087
2447,7445.048721637697,1173,1,29,64.6078545516783
2448,15171.366430664095,2500,0,65,6.7186176
2449,15348.445263671905,2500,0,65,62.567266756901034
2450,15073.64855957034,2500,0,65,53.810752033212815
2451,7485.561911811744,1913,1,61,67.79625083551215
2452,15135.707763671908,2500,0,66,23.05046452076601
2453,15078.301928710951,2500,0,64,32.539335918817784
2454,8829.184992732977,1438,1,36,59.318641253073906
2455,15200.822238159213,2500,0,65,65.43952862284583
2456,15307.912011718781,2500,0,65,92.92820324131294
2457,12026.724729423524,1991,1,52,68.28881239386307
2458,15154.589306640653,2500,0,65,44.84067307705599
2459,15033.214184570345,2500,0,68,73.91917947955449
2460,15064.206442260771,2500,0,67,19.836355363675416
2461,14908.612423706083,2500,0,67,47.85474769243954
2462,15050.944287109402,2500,0,67,3.3728000000000002
2463,9550.86380748745,1615,1,43,0.0
2464,15068.846472167996,2500,0,67,95.0
2465,15317.929125976587,2500,0,65,44.84067307705599
2466,15180.450170898468,2500,0,66,19.836355363675416
2467,15175.83565673831,2500,0,65,47.85474769243954
2468,14806.529000854514,2500,0,68,41.802291408322574
2469,14939.891342163115,2500,0,67,82.19694246708538
2470,15155.652270507839,2500,0,66,19.836355363675416
2471,15316.55048828128,2500,0,65,59.67184148881153
2472,15217.048120117224,2500,0,65,65.43952862284583
2473,15277.789340209989,2500,0,66,26.238860804599884
2474,14955.27890319827,2500,0,67,79.45982103536832
2475,15093.981323242217,2500,0,66,90.2776242351945
2476,15168.566259765656,2500,0,66,59.67184148881153
2477,15367.587695312535,2500,0,65,59.67184148881153
2478,15188.948095703154,2500,0,66,26.238860804599884
2479,15126.502273559605,2500,0,66,35.65182123146724
2480,8271.864869308443,1320,1,33,64.44581386043929
2481,15070.59633789065,2500,0,65,95.0
2482,15214.533715820344,2500,0,66,53.810752033212815
2483,14939.322909545921,2500,0,67,56.75306601694711
2484,15270.377294921906,2500,0,66,10.0376686592
2485,15134.968310546905,2500,0,65,82.19694246708538
2486,15242.793261718782,2500,0,65,13.3301673099264
2487,15241.275000000032,2500,0,65,84.91216692734871
2488,15085.296566772487,2500,0,66,95.0
2489,15092.90341796878,2500,0,66,65.43952862284583
2490,15229.990087890646,2500,0,65,41.802291408322574
2491,15186.713916015651,2500,0,65,95.0
2492,15140.74099426273,2500,0,66,26.238860804599884
2493,10291.683392085995,1763,1,47,56.09115521087829
2494,15056.40317382815,2500,0,65,19.836355363675416
2495,15095.8528808594,2500,0,66,26.238860804599884
2496,15175.70373840335,2500,0,65,53.810752033212815
2497,15047.519363403348,2500,0,66,62.567266756901034
2498,13896.694476089477,2392,1,66,0.0
2499,15187.667968750024,2500,0,65,62.567266756901034
2500,12001.246814937556,2179,1,62,0.0
2501,14984.283422851591,2500,0,65,53.810752033212815
2502,15164.457519531281,2500,0,66,3.3728000000000002
2503,15216.00354919436,2500,0,65,62.567266756901034
2504,15139.505599975615,2500,0,65,71.11530189471218
2505,15042.705639648464,2500,0,66,29.401749918163087
2506,15117.838684082053,2500,0,65,82.19694246708538
2507,15065.193994140654,2500,0,66,56.75306601694711
2508,15010.835473632844,2500,0,66,32.539335918817784
2509,11349.738012695228,2500,0,83,3.3728000000000002
2510,15382.465527343778,2500,0,65,50.84470971090002
2511,15255.73054199222,2500,0,65,32.539335918817784
2512,14976.489392089874,2500,0,66,56.75306601694711
2513,15145.07163085941,2500,0,66,23.05046452076601
2514,15282.58376464847,2500,0,65,13.3301673099264
2515,15201.862524414093,2500,0,65,95.0
2516,15195.41951904299,2500,0,65,71.11530189471218
2517,15214.549829101596,2500,0,66,0.0
2518,15148.540234375036,2500,0,64,84.91216692734871
2519,11608.364561881992,2153,1,62,68.05241714800509
2520,14954.839990234406,2500,0,66,87.60566959192992
2521,15094.655004882836,2500,0,65,47.85474769243954
2522,6670.454045257539,1182,1,34,0.0
2523,15153.447534179708,2500,0,65,65.43952862284583
2524,15253.292382812528,2500,0,65,53.810752033212815
2525,15133.669360351596,2500,0,65,32.539335918817784
2526,15247.188745117212,2500,0,65,95.0
2527,15223.716528320345,2500,0,65,50.84470971090002
2528,15279.954992675814,2500,0,65,95.0
2529,15263.79685058597,2500,0,66,13.3301673099264
2530,14788.523864746125,2500,0,68,10.0376686592
2531,15151.618139648464,2500,0,65,71.11530189471218
2532,15177.182983398445,2500,0,64,95.0
2533,15146.37259521488,2500,0,66,10.0376686592
2534,15132.586035156282,2500,0,67,3.3728000000000002
2535,15320.100244140653,2500,0,65,56.75306601694711
2536,15208.80518798831,2500,0,65,90.2776242351945
2537,14769.064184570345,2500,0,67,53.810752033212815
2538,14678.49846191409,2500,0,69,71.11530189471218
2539,15100.478088378934,2500,0,66,13.3301673099264
2540,15248.786083984405,2500,0,65,68.28881239386307
2541,12961.557919197076,2101,1,55,71.11530189471218
2542,10166.362545585616,1610,1,40,68.00967959608141
2543,15248.857446289092,2500,0,65,10.0376686592
2544,15047.744628906277,2500,0,67,44.84067307705599
2545,15143.710205078156,2500,0,65,87.60566959192992
2546,15208.363143920922,2500,0,65,79.45982103536832
2547,14937.671618652372,2500,0,66,95.0
2548,15029.783886718777,2500,0,65,38.7394066616155
2549,15288.390148925811,2500,0,65,19.836355363675416
2550,7470.638799781771,1204,1,30,71.11530189471218
2551,15174.814065551787,2500,0,65,68.28881239386307
2552,15236.098486328157,2500,0,65,13.3301673099264
2553,15085.669775390652,2500,0,65,59.67184148881153
2554,15196.407885742214,2500,0,66,44.84067307705599
2555,15046.812841796893,2500,0,64,95.0
2556,14911.636218261698,2500,0,66,47.85474769243954
2557,15236.923825073272,2500,0,65,79.45982103536832
2558,15187.92380371097,2500,0,67,13.3301673099264
2559,4478.392260398867,738,1,19,62.419166729721134
2560,10632.001386680577,1908,1,53,64.24574705717777
2561,15218.027258300815,2500,0,66,6.7186176
2562,15186.587500000032,2500,0,65,82.19694246708538
2563,15092.22039794924,2500,0,66,29.401749918163087
2564,7435.6296141052,1173,1,29,64.24638432868562
2565,15132.664865112321,2500,0,65,56.75306601694711
2566,15334.74714355472,2500,0,65,32.539335918817784
2567,2533.48326091767,325,1,5,67.97771589405748
2568,15268.809362792997,2500,0,65,71.11530189471218
2569,15370.057495117222,2500,0,64,95.0
2570,15072.334814453154,2500,0,66,76.70062604371806
2571,15140.369363403344,2500,0,67,59.67184148881153
2572,9823.506757812462,1666,1,46,0.0
2573,15088.238940429714,2500,0,65,84.91216692734871
2574,15230.96867675784,2500,0,65,47.85474769243954
2575,15421.54880371097,2500,0,65,95.0
2576,15123.092785644565,2500,0,66,13.3301673099264
2577,15156.446899414092,2500,0,65,68.28881239386307
2578,15227.033007812523,2500,0,65,16.59632597144699
2579,6424.514935111982,1025,1,26,0.0
2580,15016.273925781277,2500,0,65,44.84067307705599
2581,15323.318505859404,2500,0,65,82.19694246708538
2582,15118.982360839878,2500,0,66,16.59632597144699
2583,15128.07099609378,2500,0,66,6.7186176
2584,15106.256576537991,2500,0,65,6.7186176
2585,15096.37919921878,2500,0,66,71.11530189471218
2586,15220.623730468778,2500,0,65,41.802291408322574
2587,15138.90749511722,2500,0,65,68.28881239386307
2588,15233.68515624995,2500,0,64,53.810752033212815
2589,15202.905905151398,2500,0,65,50.84470971090002
2590,14235.887280273424,2500,0,69,50.57072264098439
2591,15392.920776367217,2500,0,65,79.45982103536832
2592,7323.9985804747985,1499,1,48,0.0
2593,14973.6075683594,2500,0,67,53.810752033212815
2594,15321.086669921906,2500,0,65,53.810752033212815
2595,15105.876611328156,2500,0,65,95.0
2596,11751.078850402826,1938,1,50,71.11530189471218
2597,15198.417907714876,2500,0,65,56.75306601694711
2598,15149.910507202178,2500,0,65,79.45982103536832
2599,15068.503890991238,2500,0,66,73.91917947955449
2600,15134.79545898439,2500,0,64,84.91216692734871
2601,15310.08100585941,2500,0,65,90.2776242351945
2602,15278.863134765652,2500,0,65,32.539335918817784
2603,15342.651293945344,2500,0,65,71.11530189471218
2604,14989.851156616241,2500,0,67,38.7394066616155
2605,14965.298928833037,2500,0,67,19.836355363675416
2606,14573.84626464847,2500,0,69,53.810752033212815
2607,14869.944165039087,2500,0,70,19.836355363675416
2608,15114.725488281276,2500,0,69,6.7186176
2609,15172.821008300813,2500,0,66,44.84067307705599
2610,15078.49609375003,2500,0,67,6.7186176
2611,5813.517108097069,898,1,21,64.55664458246517
2612,15162.980737304724,2500,0,65,53.810752033212815
2613,15073.09268798831,2500,0,65,38.7394066616155
2614,15346.17973632816,2500,0,65,71.11530189471218
2615,15242.281884765654,2500,0,65,26.238860804599884
2616,15210.153833007846,2500,0,66,6.7186176
2617,15183.72900390628,2500,0,66,6.7186176
2618,15437.558227539088,2500,0,65,41.802291408322574
2619,15218.094970703154,2500,0,65,95.0
2620,15135.620385742222,2500,0,65,35.65182123146724
2621,15127.804244995146,2500,0,66,38.7394066616155
2622,7772.439284629792,1224,1,30,0.0
2623,15126.792697143585,2500,0,66,38.7394066616155
2624,15127.587329101587,2500,0,66,50.84470971090002
2625,6689.339583606706,1049,1,26,68.05241714800509
2626,15184.960351562537,2500,0,67,3.3728000000000002
2627,15364.26953125003,2500,0,65,87.60566959192992
2628,15129.61424255374,2500,0,66,59.67184148881153
2629,15352.659765625032,2500,0,65,71.11530189471218
2630,15280.92460937503,2500,0,65,76.70062604371806
2631,2783.354833641056,363,1,7,0.0
2632,4600.566019992812,1111,1,31,54.33646133302233
2633,15048.67526855471,2500,0,66,10.0376686592
2634,8787.716129608123,1524,1,40,57.69508045184233
2635,15318.752880859409,2500,0,65,95.0
2636,15072.026565551785,2500,0,66,95.0
2637,15090.211386108427,2500,0,66,50.84470971090002
2638,15242.66274414051,2500,0,62,95.0
2639,15255.114575195345,2500,0,66,3.3728000000000002
2640,15307.28447265628,2500,0,65,62.567266756901034
2641,15338.233911132846,2500,0,65,59.67184148881153
2642,15127.181713867218,2500,0,65,79.45982103536832
2643,15139.767074584994,2500,0,67,95.0
2644,15131.29323730472,2500,0,67,10.0376686592
2645,11915.343999824527,2082,1,58,61.018482429431195
2646,15175.286523437524,2500,0,66,35.39565491897431
2647,15112.3404388428,2500,0,66,82.19694246708538
2648,15399.315332031281,2500,0,65,16.59632597144699
2649,15318.897460937535,2500,0,65,87.60566959192992
2650,15140.749755859402,2500,0,65,95.0
2651,15308.49743652347,2500,0,65,73.91917947955449
2652,15093.539572143587,2500,0,66,32.539335918817784
2653,15263.202416992217,2500,0,66,0.0
2654,15244.348229980502,2500,0,65,79.45982103536832
2655,15269.939599609406,2500,0,66,23.05046452076601
2656,15116.490368652374,2500,0,66,35.65182123146724
2657,15128.915530395523,2500,0,65,68.28881239386307
2658,15267.207849121121,2500,0,65,68.28881239386307
2659,15278.917919921907,2500,0,65,87.60566959192992
2660,15123.535827636751,2500,0,66,16.59632597144699
2661,15184.57897949222,2500,0,66,56.75306601694711
2662,15231.87886657718,2500,0,66,59.67184148881153
2663,15179.574670410098,2500,0,64,26.238860804599884
2664,15324.381542968778,2500,0,65,50.84470971090002
2665,15300.701428222685,2500,0,66,13.3301673099264
2666,15164.069189453156,2500,0,65,68.28881239386307
2667,15340.323840332068,2500,0,66,3.3728000000000002
2668,15135.830847167996,2500,0,66,47.85474769243954
2669,14822.36845703115,2500,0,65,50.84470971090002
2670,15134.599206542991,2500,0,65,92.92820324131294
2671,14907.507885742105,2500,0,66,26.238860804599884
2672,15081.88369140627,2500,0,66,62.567266756901034
2673,15355.222253417996,2500,0,65,73.91917947955449
2674,15180.027087402375,2500,0,66,0.0
2675,15346.081188964874,2500,0,65,82.19694246708538
2676,15323.210180664093,2500,0,65,53.810752033212815
2677,15177.65380249026,2500,0,66,38.7394066616155
2678,15063.426367187529,2500,0,66,62.567266756901034
2679,4026.968580245975,590,1,12,54.54596273843242
2680,7437.638765258765,1199,1,30,57.74355958101588
2681,15150.185620117221,2500,0,66,13.3301673099264
2682,15042.687451171905,2500,0,66,84.91216692734871
2683,15328.25019531253,2500,0,65,44.84067307705599
2684,15231.106372070342,2500,0,65,95.0
2685,15102.920394897486,2500,0,66,32.539335918817784
2686,15290.93249511722,2500,0,66,10.0376686592
2687,7465.028978156937,1995,1,62,48.76806061134893
2688,15268.71250000003,2500,0,65,56.75306601694711
2689,15093.628318023708,2455,1,65,0.0
2690,15299.712255859406,2500,0,65,32.539335918817784
2691,15168.093994140656,2500,0,65,62.567266756901034
2692,15191.938720703147,2500,0,65,84.91216692734871
2693,15070.859176635768,2500,0,66,92.92820324131294
2694,9576.157262802075,1635,1,43,50.79068292130714
2695,12262.221679687427,2500,0,70,40.27307973951928
2696,13659.459303817755,2207,1,57,50.25233152020578
2697,15303.182983398461,2500,0,65,53.810752033212815
2698,15234.486279296907,2500,0,66,10.0376686592
2699,15196.781530761751,2500,0,65,68.28881239386307
2700,15200.41734619144,2500,0,66,10.0376686592
2701,15226.56279296878,2500,0,65,95.0
2702,15340.41997070316,2500,0,65,13.3301673099264
2703,9477.306025619482,1504,1,37,57.80677329748593
2704,15360.891455078148,2500,0,65,47.85474769243954
2705,7705.643589401216,1245,1,32,61.17304562299783
2706,14901.308786010773,2500,0,67,35.65182123146724
2707,15127.809729003928,2500,0,66,19.836355363675416
2708,9824.767836456262,1571,1,39,57.641078764305455
2709,15291.120535278242,2500,0,63,19.836355363675416
2710,15246.319653320339,2500,0,65,44.84067307705599
2711,15204.601754760773,2500,0,65,68.28881239386307
2712,15096.56982421878,2500,0,65,84.91216692734871
2713,15137.611410522493,2500,0,66,29.401749918163087
2714,6323.814138336167,959,1,23,0.0
2715,15268.433557128936,2500,0,65,3.3728000000000002
2716,15324.73779296878,2500,0,65,47.85474769243954
2717,15246.225573730497,2500,0,65,68.28881239386307
2718,15263.97937011722,2500,0,66,32.539335918817784
2719,6657.964473381026,1028,1,24,52.14748730403494
2720,15242.011840820333,2500,0,65,71.11530189471218
2721,15448.71352539066,2500,0,65,3.3728000000000002
2722,15377.086694335969,2500,0,65,59.67184148881153
2723,4996.301232204433,752,1,17,51.09381221643877
2724,4486.696629524239,605,1,12,54.721778134751716
2725,15432.561755371125,2500,0,64,95.0
2726,3717.0648155975414,516,1,10,54.10017430119584
2727,8157.177382316549,1413,1,36,42.39953801565914
2728,15164.739794921898,2500,0,65,62.567266756901034
2729,15231.370117187527,2500,0,65,90.2776242351945
2730,15312.86706542972,2500,0,65,73.91917947955449
2731,6238.1904501722875,2226,1,68,0.0
2732,15242.675277709977,2500,0,65,26.238860804599884
2733,15264.171163940458,2500,0,65,79.45982103536832
2734,15101.291198730498,2500,0,65,95.0
2735,14201.64326171874,2500,0,66,43.31209278609608
2736,15161.644909667984,2500,0,65,29.401749918163087
2737,15126.437536621097,2500,0,64,92.92820324131294
2738,15195.057666015646,2500,0,65,35.65182123146724
2739,15216.089462280293,2500,0,65,76.70062604371806
2740,15367.277514648358,2500,0,63,62.567266756901034
2741,9872.558690185455,2124,1,58,57.80458718833884
2742,15315.124801635771,2500,0,66,0.0
2743,12525.660302734328,2500,0,68,45.746764503019584
2744,15035.294433593783,2500,0,65,79.45982103536832
2745,15055.92050781247,2500,0,63,47.85474769243954
2746,15154.224267578158,2500,0,66,23.05046452076601
2747,15122.072082519508,2500,0,63,19.836355363675416
2748,15252.996960449254,2500,0,65,29.401749918163087
2749,15012.14772644045,2500,0,67,32.539335918817784
2750,15317.857788085968,2500,0,65,62.567266756901034
2751,4259.3253944969265,682,1,16,57.843376669965494
2752,14971.1833496094,2500,0,66,26.238860804599884
2753,14474.432754516632,2500,0,68,82.19694246708538
2754,15164.829452514676,2500,0,66,26.238860804599884
2755,15118.488159179717,2500,0,65,92.92820324131294
2756,12450.766345214792,2500,0,71,16.517304304475413
2757,15261.349508667017,2500,0,65,95.0
2758,15280.794531250029,2500,0,65,26.238860804599884
2759,15197.38973388675,2500,0,66,16.59632597144699
2760,15212.173925781277,2500,0,65,82.19694246708538
2761,15087.829916381863,2500,0,65,41.802291408322574
2762,14965.584646606478,2500,0,67,19.836355363675416
2763,12417.244815464024,2059,1,54,44.128878761340246
2764,15450.620678710964,2500,0,65,32.539335918817784
2765,15362.940231323279,2500,0,66,10.0376686592
2766,15282.865490722688,2500,0,65,87.60566959192992
2767,15194.214282226596,2500,0,65,65.43952862284583
2768,15092.55596618655,2500,0,66,59.67184148881153
2769,14802.814962768573,2500,0,66,49.821371696851344
2770,15275.952709960964,2500,0,65,59.67184148881153
2771,15226.414257812528,2500,0,65,92.92820324131294
2772,15208.208447265659,2500,0,65,62.567266756901034
2773,15422.13005371097,2500,0,65,79.45982103536832
2774,15407.704052734407,2500,0,65,68.28881239386307
2775,15199.73454589847,2500,0,66,32.539335918817784
2776,4318.785337677008,733,1,17,57.161797364466814
2777,9628.087681560486,1631,1,43,44.56364061837506
2778,14960.057873535186,2500,0,66,84.91216692734871
2779,15139.55533142093,2500,0,65,95.0
2780,15288.857910156281,2500,0,65,95.0
2781,15278.128149414095,2500,0,65,38.7394066616155
2782,15235.944970703158,2500,0,66,13.3301673099264
2783,15118.369125366247,2500,0,66,3.3728000000000002
2784,15315.952978515654,2500,0,65,41.802291408322574
2785,15131.473303222687,2500,0,66,41.802291408322574
2786,15307.139965820339,2500,0,65,47.85474769243954
2787,15084.600811767607,2500,0,67,29.401749918163087
2788,15219.896582031284,2500,0,66,10.0376686592
2789,15186.896728515656,2500,0,66,13.3301673099264
2790,15099.903549194369,2500,0,66,95.0
2791,6558.816210403431,1018,1,24,50.92687483208292
2792,15111.903155517608,2500,0,66,59.67184148881153
2793,15089.748776245146,2500,0,66,13.3301673099264
2794,15008.990661697404,2491,1,66,0.0
2795,15293.243359375028,2500,0,66,23.05046452076601
2796,15373.242184448276,2500,0,65,56.75306601694711
2797,15063.272460937527,2500,0,66,19.836355363675416
2798,15381.628039550815,2500,0,65,29.401749918163087
2799,15030.56723632816,2500,0,66,73.91917947955449
2800,15219.813122558626,2500,0,65,62.567266756901034
2801,15175.516064453153,2500,0,65,95.0
2802,5449.752223873134,870,1,20,50.59739122465991
2803,14966.350228881864,2500,0,66,47.85474769243954
2804,15215.999877929722,2500,0,66,13.3301673099264
2805,15080.821032714872,2500,0,65,59.67184148881153
2806,15229.492700195347,2500,0,65,79.45982103536832
2807,15216.054052734406,2500,0,65,32.539335918817784
2808,15046.549902343779,2500,0,66,47.85474769243954
2809,15197.831356811554,2500,0,65,92.92820324131294
2810,15254.560241699248,2500,0,65,95.0
2811,14944.009521484399,2500,0,66,47.85474769243954
2812,15238.263754272491,2500,0,66,13.3301673099264
2813,15098.119104003936,2500,0,65,84.91216692734871
2814,15252.118969726584,2500,0,64,95.0
2815,15274.698730468783,2500,0,65,71.11530189471218
2816,14986.708032226596,2500,0,65,87.60566959192992
2817,15158.012939453021,2500,0,63,35.65182123146724
2818,15134.093939209019,2500,0,66,19.836355363675416
2819,15077.434786987335,2500,0,66,71.11530189471218
2820,15035.450469970729,2500,0,66,19.836355363675416
2821,14984.60441589354,2500,0,65,56.75306601694711
2822,15091.470516967805,2500,0,65,87.60566959192992
2823,15073.308038330111,2500,0,66,65.43952862284583
2824,15315.005215454137,2500,0,65,92.92820324131294
2825,15273.465670776397,2500,0,65,41.802291408322574
2826,15310.971640014675,2500,0,65,53.810752033212815
2827,15233.2082489014,2500,0,65,68.28881239386307
2828,15179.144793701202,2500,0,65,56.75306601694711
2829,15097.090390014677,2500,0,66,56.75306601694711
2830,15231.15408020023,2500,0,65,95.0
2831,15195.933789062527,2500,0,64,92.92820324131294
2832,15129.784393310576,2500,0,66,35.65182123146724
2833,15219.90028076175,2500,0,65,35.65182123146724
2834,15004.252905273468,2500,0,66,62.567266756901034
2835,15154.793432617218,2500,0,65,90.2776242351945
2836,15294.386083984406,2500,0,65,44.84067307705599
2837,15104.196520996127,2500,0,65,68.28881239386307
2838,15311.819335937533,2500,0,65,32.539335918817784
2839,5812.057246379846,906,1,22,0.0
2840,15001.966604614287,2500,0,66,50.84470971090002
2841,15059.879467773466,2500,0,66,3.3728000000000002
2842,14969.078417968778,2500,0,66,44.84067307705599
2843,15118.258105468778,2500,0,65,53.810752033212815
2844,12440.940750160218,2048,1,52,60.771181464303915
2845,15222.276193237334,2500,0,66,19.836355363675416
2846,15295.989208984403,2500,0,65,53.810752033212815
2847,15257.421484375032,2500,0,65,73.91917947955449
2848,15176.031149292017,2500,0,66,10.0376686592
2849,15002.686373901397,2500,0,66,79.45982103536832
2850,15138.75214843753,2500,0,66,53.810752033212815
2851,15321.419848632844,2500,0,65,79.45982103536832
2852,15187.623876953154,2500,0,65,84.91216692734871
2853,15228.279882812536,2500,0,66,3.3728000000000002
2854,11503.932565307627,2500,0,75,16.59632597144699
2855,10731.042687988278,2500,0,75,95.0
2856,15032.320556640641,2500,0,65,53.810752033212815
2857,6811.357848853991,1764,1,57,55.88139784960156
2858,15333.954370117219,2500,0,65,73.91917947955449
2859,15008.254537963898,2500,0,65,65.43952862284583
2860,12164.227648277258,2044,1,55,0.0
2861,7145.276444988183,1491,1,39,21.102331164474958
2862,15108.984591674833,2500,0,65,79.45982103536832
2863,15296.859078979525,2500,0,65,62.567266756901034
2864,15341.78331909183,2500,0,65,59.67184148881153
2865,15239.227392578156,2500,0,66,0.0
2866,15214.070989990267,2500,0,65,65.43952862284583
2867,15265.722863769559,2500,0,65,41.802291408322574
2868,15160.404150390652,2500,0,65,95.0
2869,15166.555981445343,2500,0,65,95.0
2870,15298.955050659213,2500,0,65,90.2776242351945
2871,15182.45776062015,2500,0,65,87.60566959192992
2872,15278.036706542996,2500,0,65,19.836355363675416
2873,15041.345019531276,2500,0,66,95.0
2874,15283.835107421906,2500,0,65,95.0
2875,15133.333325195345,2500,0,65,76.70062604371806
2876,15350.330664062532,2500,0,65,76.70062604371806
2877,15064.975292968777,2500,0,65,95.0
2878,15136.93043212894,2500,0,66,3.3728000000000002
2879,15258.496020507842,2500,0,65,90.2776242351945
2880,15036.14677429202,2500,0,66,32.539335918817784
2881,15376.539428710972,2500,0,65,82.19694246708538
2882,15201.539590454133,2500,0,66,47.85474769243954
2883,14835.977890014656,2500,0,65,79.45982103536832
2884,14988.612265014677,2500,0,65,95.0
2885,14821.563735961845,2500,0,65,59.67184148881153
2886,15151.128915405292,2500,0,65,29.401749918163087
2887,14903.869964599638,2500,0,67,38.7394066616155
2888,15068.916088867205,2500,0,66,10.0376686592
2889,15335.791357421906,2500,0,65,56.75306601694711
2890,14917.282971191433,2500,0,66,62.567266756901034
2891,14899.861154174836,2500,0,66,71.11530189471218
2892,15172.931402587921,2500,0,65,50.84470971090002
2893,15283.870968627962,2500,0,65,26.238860804599884
2894,14899.907507324253,2500,0,65,26.238860804599884
2895,15029.07834472658,2500,0,64,41.802291408322574
2896,14575.686169433482,2500,0,65,0.0
2897,14657.265615844626,2500,0,67,95.0
2898,15092.733578491241,2500,0,66,13.3301673099264
2899,14965.652743530301,2500,0,66,13.3301673099264
2900,14960.562695312521,2500,0,65,53.810752033212815
2901,15016.213354492073,2500,0,64,6.7186176
2902,15001.674185180698,2500,0,66,6.7186176
2903,15230.396948242216,2500,0,65,62.567266756901034
2904,15213.832934570346,2500,0,66,19.836355363675416
2905,15271.720959472685,2500,0,65,35.65182123146724
2906,15212.54218750003,2500,0,65,47.85474769243954
2907,15286.622961425812,2500,0,65,32.539335918817784
2908,15242.295993042024,2500,0,66,6.7186176
2909,14949.151351928736,2500,0,65,95.0
2910,15001.327026367217,2500,0,66,23.05046452076601
2911,15222.814440917999,2500,0,65,59.67184148881153
2912,10369.674898910494,1760,1,46,71.11530189471218
2913,15096.670812988297,2500,0,65,16.59632597144699
2914,15304.332080078162,2500,0,65,10.0376686592
2915,15205.101513671903,2500,0,65,76.70062604371806
2916,15030.160131835964,2500,0,65,65.43952862284583
2917,15161.631250000031,2500,0,65,84.91216692734871
2918,15207.375720214875,2500,0,65,44.84067307705599
2919,14996.102661132747,2500,0,62,84.91216692734871
2920,14941.558993530247,2500,0,64,82.19694246708538
2921,15028.859890747099,2500,0,66,32.539335918817784
2922,15036.586621093771,2500,0,65,68.28881239386307
2923,15315.299145507845,2500,0,65,71.11530189471218
2924,15088.051351928743,2500,0,66,65.43952862284583
2925,15277.190942382842,2500,0,65,29.401749918163087
2926,2832.0738141250663,394,1,8,0.0
2927,15388.962649536163,2500,0,65,53.810752033212815
2928,15062.63762207034,2500,0,66,16.59632597144699
2929,15268.733520507833,2500,0,65,73.91917947955449
2930,15120.12820739749,2500,0,66,59.67184148881153
2931,15176.985192871125,2500,0,66,0.0
2932,15218.528930664095,2500,0,65,35.65182123146724
2933,15377.213668823273,2500,0,66,29.401749918163087
2934,15086.90283203128,2500,0,66,29.401749918163087
2935,15172.356872558621,2500,0,66,68.28881239386307
2936,15533.719003295932,2500,0,66,6.7186176
2937,15153.941598510773,2500,0,66,71.11530189471218
2938,15218.462728881865,2500,0,65,90.2776242351945
2939,15203.12177734378,2500,0,66,0.0
2940,9614.94165626524,1522,1,39,0.0
2941,15218.31524658206,2500,0,65,95.0
2942,15245.390905761751,2500,0,65,73.91917947955449
2943,15279.776684570345,2500,0,65,53.810752033212815
2944,15354.656173706087,2500,0,65,29.401749918163087
2945,15287.574450683624,2500,0,65,73.91917947955449
2946,15048.66425781253,2500,0,66,32.539335918817784
2947,15273.582876586945,2500,0,65,68.28881239386307
2948,15215.349450683623,2500,0,65,68.28881239386307
2949,15194.229040527374,2500,0,66,3.3728000000000002
2950,14998.232836914092,2500,0,66,23.05046452076601
2951,15151.774609375027,2500,0,65,16.59632597144699
2952,15107.320336914088,2500,0,66,50.84470971090002
2953,15467.410205078158,2500,0,65,6.7186176
2954,15015.922509765654,2500,0,66,29.401749918163087
2955,15302.867895507843,2500,0,65,62.567266756901034
2956,15193.309365844758,2500,0,66,73.91917947955449
2957,15231.743652343781,2500,0,66,6.7186176
2958,15251.430566406276,2500,0,65,79.45982103536832
2959,14938.145623779303,2500,0,66,0.0
2960,15257.665747070343,2500,0,65,56.75306601694711
2961,15250.877661132843,2500,0,65,35.65182123146724
2962,15074.713381958036,2500,0,66,50.84470971090002
2963,15078.705310058613,2500,0,65,71.11530189471218
2964,15358.09656982425,2500,0,65,79.45982103536832
2965,15193.903222656274,2500,0,65,76.70062604371806
2966,15035.162820434602,2500,0,66,35.65182123146724
2967,15037.827160644561,2500,0,66,73.91917947955449
2968,15323.062084960966,2500,0,65,50.84470971090002
2969,15385.952880859408,2500,0,64,84.91216692734871
2970,15068.946237182645,2500,0,66,23.05046452076601
2971,15148.14546813968,2500,0,66,19.836355363675416
2972,15416.637219238313,2500,0,65,19.836355363675416
2973,14987.992626953155,2500,0,66,23.05046452076601
2974,15021.158447265652,2500,0,66,16.59632597144699
2975,15295.172851562533,2500,0,65,23.05046452076601
2976,15204.366931152366,2500,0,65,84.91216692734871
2977,15213.052621459992,2500,0,65,71.11530189471218
2978,15200.127673339875,2500,0,65,10.0376686592
2979,15426.5460449219,2500,0,65,29.401749918163087
2980,15256.352001953159,2500,0,65,23.05046452076601
2981,15075.744641113313,2500,0,65,95.0
2982,15303.76863708499,2500,0,66,10.0376686592
2983,14972.65421142581,2500,0,66,44.84067307705599
2984,15109.896191406284,2500,0,66,26.238860804599884
2985,15315.4001464844,2500,0,65,41.802291408322574
2986,15089.519226074251,2500,0,66,13.3301673099264
2987,15052.9094207764,2500,0,66,65.43952862284583
2988,15158.931762695343,2500,0,66,13.3301673099264
2989,15289.78603515628,2500,0,65,50.84470971090002
2990,15101.379882812531,2500,0,66,59.67184148881153
2991,15206.920336914096,2500,0,66,19.836355363675416
2992,15201.138461303735,2500,0,66,26.238860804599884
2993,14911.26755371097,2500,0,67,23.05046452076601
2994,15123.598852539093,2500,0,65,79.45982103536832
2995,15327.609371948274,2500,0,65,59.67184148881153
2996,15281.671936035185,2500,0,65,41.802291408322574
2997,15195.154785156274,2500,0,65,73.91917947955449
2998,15135.309692382842,2500,0,66,16.59632597144699
2999,15102.062939453157,2500,0,66,26.238860804599884
3000,9404.575988769468,2500,0,75,65.43952862284583
