episode,reward,steps,laps,collisions,speed
1,3756.2677265262787,1347,1,14,31.5396171659174
2,5404.585379848479,1992,1,24,33.98202495089291
3,4120.3261442375415,1684,1,20,15.453653772060726
4,4830.4250249862625,1820,1,25,76.52123456545333
5,5371.7510738563415,2149,1,26,52.72575230482595
6,5275.567208995811,2023,1,23,36.26464130459522
7,4839.484542913424,1844,1,25,51.755744628174824
8,4503.577444458019,1635,1,21,82.49352220352897
9,4572.955606098184,1824,1,22,57.191672539016224
10,4912.514935207368,1780,1,23,24.255273989256132
11,5437.998522949196,2500,0,33,31.5787165884462
12,6323.453680419843,2500,0,36,29.948153578662566
13,4247.178211708089,1694,1,21,30.72838614375591
14,5385.401949720377,1901,1,26,39.288186808884205
15,5500.7439230728,2091,1,26,56.429279985936
16,5232.963073730438,2500,0,38,9.434672958774547
17,5599.085240173276,2500,0,35,24.22414010563907
18,5025.925187416084,1809,1,23,58.840676504001955
19,4326.455963020352,1536,1,20,67.35719424838301
20,5651.528167724574,2500,0,32,8.561724006381752
21,6325.164808902683,2472,1,31,50.05838850618325
22,5626.466504516563,1988,1,25,30.531400388530187
23,4351.520958404559,1501,1,17,61.26337054479761
24,3482.3970500850805,1013,1,11,47.580839817831794
25,3292.603076095593,789,1,9,85.15639601500436
26,6267.366883335061,2427,1,29,68.50993657178378
27,5229.273130226111,1875,1,25,68.78380313744674
28,5327.772995653135,1963,1,26,49.15419644555693
29,5712.959265136653,2500,0,31,9.90447491224699
30,4037.476188812275,1647,1,20,20.27296796108019
31,4397.92440195085,1450,1,17,42.63993968815963
32,5003.275837535831,2039,1,26,0.0
33,4412.8055064773625,1757,1,22,29.389836404781835
34,3518.287250766772,1062,1,11,28.89101840588105
35,5730.758551025371,1985,1,25,27.112459193010714
36,4487.711067790993,1754,1,23,53.792056938730425
37,5317.860806140874,1657,1,24,32.51705341351182
38,3780.364099731456,1238,1,14,0.0
39,5060.279290122986,1484,1,18,47.76920945666904
40,3488.8054740905877,1135,1,13,39.90038152461858
41,3743.3590063476736,1203,1,14,54.250055650560874
42,4343.361521797201,1576,1,19,62.73531249493727
43,3958.9031518554916,1462,1,19,25.281458735479415
44,4981.6948315429545,1756,1,24,25.853997873736066
45,6217.827389526338,2205,1,31,37.023800651844255
46,5651.2552278899875,1913,1,27,32.60539896853112
47,3802.8724108886895,1104,1,13,52.21633485441128
48,3681.6827783584768,1270,1,14,54.17040860174199
49,5471.048565483083,1890,1,25,63.058859805196306
50,6377.970999145457,2495,1,35,31.614163772646727
51,6101.777103166551,2191,1,28,43.39107962976173
52,3691.8855485344066,1183,1,15,29.45300341282905
53,4491.950300064098,1573,1,23,58.77899078821742
54,5882.730978393516,2500,0,37,20.358284930377202
55,4084.9946008301013,1352,1,15,53.08933560450679
56,5226.160087432857,1638,1,21,51.37455976870869
57,4102.031982421893,1365,1,17,46.24239200144946
58,4229.989357833872,1366,1,16,25.24283148888123
59,5366.037139892561,1910,1,26,41.99874874738064
60,3943.560034160628,1136,1,12,61.090099825655834
61,4164.786007504485,1361,1,16,42.92306184231401
62,5523.541301546092,1647,1,20,54.99952404588564
63,5290.16682697295,1757,1,23,67.70769901598952
64,3239.4787084961117,1053,1,12,49.98135133570309
65,4936.775584077845,1780,1,22,47.47828407062468
66,3073.63583618165,847,1,10,41.207116689808444
67,4925.192723846435,1740,1,25,29.017418902767265
68,3359.9517407226704,981,1,12,70.49071632440956
69,4881.933785915365,1590,1,22,28.887046027013717
70,4361.19619592668,1308,1,16,53.21715851660813
71,5617.087687702148,1899,1,27,59.71363704683556
72,4410.638642272963,1497,1,21,35.39243039989637
73,4708.21643531799,1496,1,21,0.0
74,3192.554954910287,765,1,9,46.675211640296425
75,3549.7132912826723,1069,1,12,65.74949315342079
76,5422.515970458968,1823,1,24,29.558683660128022
77,4282.728184633272,1426,1,19,45.88447488460141
78,4008.2902487278197,1245,1,16,59.240042678134365
79,4837.766712779995,1484,1,21,69.61753246345766
80,7307.52438964836,2500,0,40,11.074447042802705
81,3133.838174445639,894,1,11,50.575550175516994
82,5827.89172321316,1862,1,26,46.8455079847872
83,3520.193256835949,906,1,9,49.44168533507902
84,4965.52654951572,1517,1,21,64.16631852181834
85,4457.94414549709,1318,1,19,49.89554613947353
86,5365.593479804986,1751,1,25,75.22680972800423
87,4918.110023450851,1580,1,21,29.193536404198575
88,4645.2319904899705,1387,1,19,54.25494934365504
89,3523.318392066958,901,1,10,32.116982101246144
90,3476.445788574226,910,1,9,64.94387336387534
91,3554.687913894668,965,1,12,58.7744942108565
92,4367.41331142427,1253,1,17,52.89257500918855
93,6550.158948554923,2288,1,32,52.00801763494381
94,4364.445843670385,1402,1,19,26.20263978887474
95,3740.463492660532,1171,1,15,48.74253616069919
96,5497.2013476562215,2009,1,31,50.400142103506525
97,3181.581616220481,857,1,9,42.25012428308841
98,5133.055184936507,1675,1,23,0.0
99,6045.311420288052,1943,1,27,45.29666389276561
100,3050.1753926658703,838,1,10,48.0978426023853
101,5063.957783908843,1659,1,24,50.88336151638524
102,2883.218717041022,643,1,7,0.0
103,7147.215005493082,2500,0,37,34.96250564593162
104,5697.0852346229285,1916,1,29,20.52189272163315
105,4883.749589056961,1549,1,22,42.87892611523875
106,4068.210744056715,1217,1,15,40.96496683874919
107,4917.708495788558,1561,1,21,47.80041492544778
108,4509.045287532816,1364,1,19,27.910809617659886
109,4596.941030273442,1417,1,18,32.358030745383516
110,2911.1862622070407,636,1,6,57.82080126353113
111,5930.282507339089,1840,1,23,51.33482265900674
112,4766.872714118966,1491,1,20,59.01135324511493
113,5856.698495426142,1933,1,27,29.46744367462257
114,3968.5382365799082,1057,1,14,62.95759330115598
115,3179.203485832222,797,1,9,50.99946595232973
116,5546.854691028586,1815,1,23,24.034005088106653
117,3080.1143359929456,885,1,10,34.34148559272196
118,5211.550696434961,1613,1,21,70.44024195914872
119,3145.6494923782466,954,1,11,48.93360880505192
120,5967.833628845176,1925,1,25,33.99765115233179
121,4282.665689008246,1206,1,15,32.87305212288463
122,3556.9914541053868,1001,1,12,69.3196646980317
123,3569.0137969589314,1137,1,15,59.962744843938786
124,4923.627195854185,1394,1,18,62.31046065736008
125,4820.000947875976,1604,1,22,49.05063651413845
126,3595.581656742108,965,1,12,63.70894427312821
127,3735.7502874755996,1063,1,12,53.189439895209645
128,3506.888123683941,1071,1,12,60.4953283018905
129,3598.598963089007,999,1,12,37.70668393106499
130,3546.5468069076637,820,1,8,53.77553548529583
131,3048.6002818679904,712,1,7,88.3689472
132,3652.0517673874056,1108,1,14,67.88614529534038
133,3337.0851460456934,810,1,8,39.256018144839594
134,5315.962701683039,1511,1,19,45.04870785022854
135,3471.7120133972285,887,1,11,58.26324546227817
136,3781.8119380188095,1049,1,13,54.61692766318112
137,3453.010337982191,982,1,13,37.785009976335196
138,4104.9902131271565,1059,1,12,58.22817737862554
139,3494.8803670501857,852,1,9,54.57243890430056
140,4069.845918827074,1161,1,15,54.42669111710329
141,3505.4422042465276,817,1,9,60.23779047049896
142,3922.4921429634283,1170,1,14,52.266260852294415
143,4398.096062469494,1180,1,14,48.98157752026798
144,5036.913694458003,1531,1,21,43.21312396390155
145,3850.7407250976644,1007,1,12,52.67262850923748
146,3592.3942507553184,946,1,11,66.96477748028119
147,4006.35651580812,1094,1,14,0.0
148,4218.294983215342,1114,1,14,44.11116162565243
149,4029.137984066027,1101,1,15,53.568047889759384
150,3271.5076104736404,882,1,11,48.3769784871175
151,3024.2021844387123,735,1,7,46.42209428522539
152,3638.0298789596695,827,1,8,61.06427737751315
153,4931.045515098574,1348,1,18,50.51333444769393
154,3209.6799194336018,720,1,7,39.547517179095095
155,3689.313440551766,878,1,10,42.64951208519174
156,3556.9512300491465,975,1,11,36.174558957584246
157,4454.78994657517,1279,1,17,56.69393109356431
158,2979.7092126750986,658,1,6,55.58424386513345
159,4525.681596441284,1399,1,18,54.73146584259231
160,4582.958692626957,1326,1,20,41.454920436965885
161,3222.543585205082,855,1,11,64.92965184442737
162,2928.621211738597,719,1,8,67.70038733514171
163,4228.789563941974,1215,1,16,48.99028154863907
164,5138.845388870233,1461,1,18,65.63386800791423
165,3807.921274662027,1020,1,11,53.03539931915856
166,4819.350039463049,1371,1,20,60.17241504365964
167,4127.542293090836,1199,1,14,66.86940594219664
168,5172.358272857645,1659,1,23,61.86862178609327
169,3742.381185398115,1027,1,14,57.84927494704405
170,4700.25676002503,1415,1,17,57.844050975005615
171,3312.5457814025904,831,1,7,55.67606340944681
172,4224.123026733416,1106,1,14,54.263171056761294
173,3357.0317552375896,926,1,10,54.82846295484973
174,5308.348823041915,1589,1,23,31.51532752934715
175,4394.547821559927,1393,1,21,62.474805696826984
176,3373.5566864395255,793,1,7,72.91150237595684
177,3845.7528413868076,957,1,11,49.4068589504601
178,4737.128181571971,1429,1,19,51.33739291805158
179,4150.37799264909,1049,1,14,63.182443917937526
180,2723.7270662498545,644,1,5,68.29837070716944
181,5208.6916609525715,1505,1,22,71.43662813713244
182,3708.652385361211,999,1,11,49.39345035251658
183,3263.6274910736192,741,1,7,59.692712386270465
184,3575.282632865917,1068,1,14,32.7314395351458
185,3641.53742101194,1100,1,12,52.30490258818437
186,3354.6456567382907,817,1,9,74.14976284480078
187,4440.587956418997,1293,1,16,41.2418935857058
188,3911.063850212111,1020,1,11,75.40566576589721
189,2762.288749208453,698,1,7,45.23745819788692
190,3658.038045501721,1010,1,9,71.35708656353229
191,3538.355764656076,1026,1,12,60.50304609349255
192,3634.409183959974,901,1,11,46.470321636069094
193,3849.2969046783537,1044,1,12,62.59232680444821
194,4152.630489482901,1288,1,18,70.7759608386932
195,5835.42129957197,1839,1,26,58.113074428555
196,3514.779564476021,895,1,9,42.005542313119655
197,3609.7498303604275,859,1,9,56.95195308624481
198,4077.021166162505,1091,1,14,68.48995630932448
199,3555.3116864395256,1024,1,13,68.17231113876323
200,3540.1855760192975,857,1,10,59.770608981629856
201,3934.668068885822,1115,1,13,65.59351387795519
202,3548.9986206627027,1042,1,13,60.470589002519866
203,3149.6252676963936,805,1,11,58.64963272379086
204,4618.882978134161,1466,1,18,54.1128884297936
205,3987.5269607257997,1194,1,15,36.01514659083524
206,3011.788925971991,698,1,6,68.21792279822455
207,3447.5560731744904,1027,1,13,55.45757598292585
208,5222.213588409411,1621,1,21,50.44012863881148
209,4663.053693847659,1371,1,14,35.765273605859505
210,3127.353065795909,814,1,9,43.35808995806014
211,3659.197527351392,923,1,12,56.50261380109982
212,5079.60772094726,1480,1,18,39.43907260234783
213,4223.409273910535,1195,1,12,59.23971350807133
214,2975.310576934821,774,1,9,0.0
215,3545.2817844772408,878,1,9,63.64338703074837
216,3106.8355399894817,751,1,8,58.04018293193897
217,3712.606195850387,899,1,10,46.52302853163844
218,3385.916754646307,814,1,10,64.5904328280203
219,3561.6767014312873,951,1,12,50.369092649016984
220,3005.7714476394735,761,1,7,72.12656781092508
221,3662.048843269357,871,1,9,49.63053558227172
222,4120.902215046601,1078,1,14,46.298130364383326
223,3196.5269905328864,785,1,9,27.621070030423173
224,3231.9832299041905,866,1,10,39.62184572384093
225,3426.5261357498284,864,1,10,65.31479754486952
226,3214.0311694336033,854,1,8,36.72032768863292
227,3350.02123767854,804,1,9,62.45786555800652
228,5082.308938484197,1501,1,21,66.05241877856625
229,4525.6122182464715,1242,1,18,75.58351816563278
230,4049.586819953933,1069,1,14,46.18428565732047
231,3333.7466261577647,814,1,9,39.439458167348725
232,3894.837069206249,981,1,10,60.59474787591001
233,5294.005022163389,1529,1,20,74.94231634945879
234,3274.8333207321252,809,1,9,67.07830364173512
235,2963.666287117009,666,1,6,58.10962541684069
236,2726.5092396164023,603,1,4,58.907158285616674
237,2698.039126458173,618,1,5,48.092250675810966
238,3180.2887520218,763,1,8,69.0909031874222
239,3514.328818435682,924,1,10,59.876512985558136
240,3547.3690124511827,870,1,10,59.3594959718071
241,3829.178461303723,923,1,11,56.17238803078646
242,3183.992462778099,780,1,7,40.74286029431803
243,3933.2118499755975,945,1,12,57.34126479651976
244,3542.9766586303813,875,1,10,58.84439670661502
245,3044.796675682071,620,1,5,63.61717603619435
246,3483.67596233369,881,1,11,66.88904272819603
247,4920.099786376967,1480,1,19,67.3193636015654
248,2771.225224876412,610,1,5,63.302420733741286
249,4730.685732421889,1247,1,14,53.60172196215451
250,3913.479220581068,910,1,10,50.67550384393454
251,3596.248523750318,978,1,12,46.17373584671506
252,2719.0196422767713,589,1,5,46.92787553689376
253,3881.5736770653875,1018,1,13,54.59762622414892
254,5971.498668918592,1662,1,23,67.14102384885612
255,3864.0544981193707,1014,1,11,62.047317340009
256,3993.5987870025833,1006,1,13,54.99035894614301
257,3036.4822383499186,707,1,6,36.96236265394634
258,4167.493053264635,1039,1,13,55.132033185526154
259,3499.812052001964,893,1,9,47.82409739352306
260,2687.493560695654,555,1,5,47.632968357136534
261,4910.864505615235,1328,1,17,54.144339151857935
262,4480.7726688766625,1223,1,14,57.701450306772486
263,5355.012103424058,1512,1,20,64.14782255259621
264,4329.8017778015255,1272,1,16,0.0
265,4116.307736091624,1061,1,14,39.29752680154582
266,4080.1999749756005,1052,1,12,75.55441863014008
267,3474.1998602867197,870,1,9,65.05424286682184
268,3151.8241043281664,789,1,8,52.8420180832454
269,3025.529886112222,762,1,8,41.9603706067133
270,2755.9973843193134,737,1,7,72.17020740545348
271,2938.0086114502024,702,1,8,51.70255204151068
272,3351.3698161506777,843,1,8,55.187311076896115
273,2984.700295505533,712,1,6,51.67294882123288
274,2968.344192123417,725,1,6,68.45306933797109
275,3815.9384239959804,976,1,11,69.3437064656493
276,3764.3802249336377,1018,1,13,72.2709874715648
277,4660.9079511642485,1135,1,14,51.24511165589709
278,3567.2865706348507,838,1,11,54.687976947812686
279,3380.1328424072376,837,1,9,49.10238123794109
280,3249.638407821662,744,1,7,72.0467967106758
281,3553.544763088239,990,1,13,41.80942485462172
282,4623.347723884594,1229,1,16,49.045958489245244
283,2613.3584350586007,580,1,4,40.38352484561773
284,2649.0985591125545,544,1,4,40.72762045257469
285,4019.435856761942,1008,1,14,66.05776399574019
286,4664.607736701968,1184,1,15,47.16441145401356
287,4356.642725200667,1109,1,15,57.75317863051668
288,3493.8467490291646,782,1,10,65.79723551616523
289,4314.909664001486,1098,1,14,55.704021792177606
290,4100.322536220562,1078,1,13,55.76206140240322
291,4669.507014980324,1203,1,14,67.05183269258629
292,4984.056042995453,1238,1,16,58.28836976942007
293,3556.192183723467,948,1,13,67.06705220281697
294,3907.2989093017686,1009,1,11,63.14612866354978
295,3111.581831626898,786,1,8,62.33272455990066
296,4170.061266746541,1178,1,15,36.112165802335625
297,2961.769309997565,735,1,7,52.98787922276911
298,3834.1575650024533,1031,1,12,58.12911019235086
299,2837.1108241653515,602,1,5,69.01272641058011
300,2684.2793782520357,621,1,6,63.82283495632739
301,3146.0888166809145,703,1,7,52.49764635667354
302,2745.9331713104298,603,1,4,64.91625018070813
303,4065.2979882812638,957,1,9,63.18177456639716
304,3257.1665081596466,817,1,9,65.90787550151467
305,4327.677772796166,1065,1,12,49.8107437862255
306,8446.175539703261,2494,1,41,64.40965077534774
307,2960.0672009277373,686,1,6,52.55673603700705
308,3150.574669189457,824,1,7,59.83530326194181
309,4280.93361679078,1162,1,15,41.33438207000601
310,3073.6559960174654,731,1,7,64.96166445234535
311,3326.2009347629623,814,1,9,60.446057423434866
312,2605.5003589248713,552,1,5,53.49866894967301
313,3108.57863888741,645,1,6,57.802396036352256
314,2727.185474681858,510,1,3,73.31308008766669
315,5340.4439434433,1538,1,23,63.17799798753242
316,3531.8494060134994,872,1,11,65.4336767161026
317,4060.378440189364,1030,1,11,59.87854103454683
318,4601.8628759765725,1253,1,18,66.72737680972669
319,4979.490277614589,1383,1,20,53.40968188029763
320,4224.04723533632,1108,1,14,70.21215554338758
321,4754.504957542423,1292,1,16,58.79071389588006
322,3500.348142423638,873,1,9,44.42391485290383
323,3620.8147669220075,898,1,9,63.10822384787245
324,2477.292943449023,549,1,4,56.4287879326843
325,3153.366602401742,751,1,7,71.85954297027563
326,4520.753885498062,1198,1,16,43.498347270987054
327,3240.619541244519,791,1,8,36.42002241936564
328,3883.060625019081,978,1,13,80.53494503272307
329,4086.8140724945206,1061,1,12,58.38120120311095
330,3765.0730364990322,904,1,10,41.839417945822206
331,3172.3612643241986,730,1,8,52.08441776120619
332,3677.7450637245265,828,1,10,57.84853537436125
333,3497.35695883752,804,1,10,42.89647738956588
334,3678.7153320312573,955,1,13,62.01675210432139
335,4152.833458251968,1044,1,11,55.02754678560829
336,3344.3332755279666,889,1,12,73.70499541312356
337,4167.416092796343,999,1,12,66.37626593367654
338,4418.960030365002,1145,1,14,69.6306856902577
339,3945.863554019939,934,1,11,48.00386441731746
340,3492.806815185559,838,1,9,58.86625075272664
341,4019.5097155380386,1001,1,11,74.18628360539579
342,5760.727231254556,1408,1,18,39.366408651237805
343,6274.904513626069,1751,1,26,65.29613336230025
344,3323.786554889687,766,1,8,49.49547888517648
345,4158.486300048844,1042,1,13,46.20123289342896
346,5536.466483182904,1494,1,21,57.601477512272226
347,4080.8161122226866,1078,1,13,55.3017369559596
348,4814.898934810171,1371,1,18,39.87647754353662
349,4566.638183145534,1216,1,15,57.902799949580945
350,5139.077440986625,1517,1,22,52.22550811498657
351,6089.587110481238,1797,1,28,68.29788228445565
352,3428.5356800556315,805,1,9,50.27878781884793
353,3289.351274566659,801,1,10,41.454962781116265
354,7409.034191226899,2125,1,29,60.9757537993416
355,3460.852044067394,812,1,7,53.24476441785731
356,2647.480337710387,604,1,6,47.77696442919784
357,7367.130573120056,2078,1,33,50.584143177763444
358,3161.725991430286,693,1,7,63.99629054780125
359,3702.2934686279423,917,1,12,58.5783720649542
360,4973.008911132826,1335,1,18,57.916742869002675
361,4874.673237133033,1325,1,17,69.90471411902955
362,3450.759651489274,884,1,14,48.122684095099274
363,3766.213405761728,1047,1,13,41.81002263933764
364,6271.877286148027,1735,1,27,76.95385025407757
365,5842.254391784646,1489,1,22,51.04661311150935
366,4150.3870082378535,1015,1,14,52.914091142757684
367,4332.21726818086,1110,1,13,56.875599816110196
368,4387.957819404616,1073,1,12,64.16760847163061
369,3533.740952663436,861,1,10,57.14115706774786
370,4692.377946739211,1166,1,14,66.19066516261603
371,2680.422432746892,593,1,5,69.08418047672023
372,3587.124503536239,889,1,10,64.92402799946441
373,3604.6966042137265,882,1,10,53.9483224363781
374,3441.247641944894,840,1,10,37.625933658781115
375,2880.620322723398,619,1,4,50.03393113834338
376,5537.27024871826,1319,1,20,58.82325265069672
377,3080.3133338928296,740,1,6,61.142743894422175
378,3302.5860383415315,768,1,7,51.79069201376225
379,4676.613122596741,1153,1,14,66.62858840011054
380,3868.2013266945037,1023,1,11,59.15231569081097
381,3085.2325599670507,765,1,8,47.94582423604736
382,2787.870413818362,623,1,7,53.83309116576448
383,3151.408204269417,715,1,7,66.21004615478489
384,3669.084037208568,885,1,10,63.005515354096055
385,6001.088477706893,1680,1,26,67.55902252589287
386,4445.591246490485,1026,1,12,51.26167212777235
387,2642.069540233615,509,1,3,59.707087891926456
388,4859.0385545349145,1242,1,17,64.52043356959655
389,4238.947911396043,1083,1,14,64.03810503458328
390,2847.6492980003445,710,1,7,61.35005339421817
391,3121.32659606934,690,1,6,46.62369298306079
392,3735.9436917114367,851,1,10,64.59401482520309
393,3886.8388507080176,844,1,10,57.57178785338052
394,3403.944846248631,840,1,10,34.98614320125593
395,6377.772249412498,1845,1,30,55.505714213043454
396,4457.616931552901,1134,1,15,44.19287081199544
397,2693.8302584075986,603,1,5,61.694306340189236
398,3296.1920156097494,742,1,8,45.936795231669045
399,4496.861981896172,1097,1,13,37.11643643798751
400,4258.488506274237,1141,1,18,47.194329804450575
401,3009.8649461364853,712,1,10,51.16052493030811
402,7996.117191028516,2215,1,35,71.69237519004217
403,4655.455813617711,1299,1,20,43.376617638021145
404,3391.2345556068526,776,1,8,47.135634720904555
405,2649.1276218032895,552,1,4,60.470539608589746
406,3187.4912285041883,704,1,8,41.4916349846964
407,2768.1131811523496,643,1,7,29.862221798581974
408,5285.958189086911,1366,1,22,58.00109366486326
409,3282.9153770256153,746,1,9,51.60531712693098
410,2973.2484374046376,625,1,6,36.83760972293637
411,4227.102675666827,1003,1,15,55.01384204988832
412,3091.053078289043,704,1,7,63.148505697064415
413,2879.955582199101,642,1,5,53.7671167117103
414,3736.7461504364123,888,1,11,75.05125495727076
415,3733.39517896653,906,1,12,51.67543399785517
416,3042.8435653495826,686,1,7,54.604894817987265
417,3449.752552623757,834,1,11,55.04138981598974
418,3642.8304296875117,903,1,11,54.97697675358137
419,3189.7797676086466,705,1,6,70.3568775228555
420,3032.8041178703365,660,1,5,56.572799044722395
421,3356.8083156776543,894,1,9,54.01022526627743
422,2993.3985096550073,682,1,6,64.38066993829088
423,3107.158297195443,703,1,7,61.70885477202833
424,3080.4204380798415,676,1,6,51.19827375718395
425,3906.1754915237534,885,1,8,57.91602900007655
426,6476.248913574191,1555,1,21,55.32469008465848
427,3179.427590389255,744,1,9,69.08253693889091
428,4158.25912702562,1106,1,16,51.50707646061076
429,3831.7611859130934,941,1,11,59.01250098302047
430,3081.5557460784967,630,1,5,64.52066439165179
431,4645.66736083986,1062,1,13,77.95188331813422
432,4422.255726795213,1116,1,15,58.667035807568936
433,3283.9367044067467,732,1,7,58.86225939199036
434,2833.1278438949685,648,1,6,63.535495643924584
435,2690.196748819355,588,1,4,55.30468610191441
436,2750.5664595699373,592,1,5,61.088698082302464
437,3273.8473331451532,755,1,8,53.07381451445012
438,4016.5192502212653,984,1,11,59.72096121942914
439,3321.658809471141,755,1,8,65.32215621611448
440,4762.024868221288,1189,1,14,51.63659492177807
441,3004.793673782357,646,1,6,70.20069053060362
442,2746.103173828135,560,1,5,54.076766570800835
443,4181.958931293501,1213,1,16,58.42126141749505
444,3977.4651583480895,906,1,11,53.562541950169724
445,3337.202380313884,773,1,8,66.6710283574454
446,2675.573605232242,526,1,3,54.26951098032736
447,2874.6154640865416,644,1,7,61.095317775214625
448,3783.6770362281923,903,1,11,39.48102883214359
449,5001.528581085205,1223,1,16,47.88600192095237
450,2951.133459472662,645,1,6,51.90008075025356
451,3231.489563407907,723,1,7,63.14116793380491
452,5160.245101289751,1316,1,15,56.78425109323946
453,2894.8328816223243,636,1,7,51.56953304283542
454,3126.306741008765,792,1,10,54.0355866806555
455,2602.86787353516,617,1,5,79.85250785291798
456,3910.4950652694793,1012,1,15,57.954233698696534
457,4785.942121143346,1189,1,16,56.09660824079822
458,3194.5645057535244,762,1,8,53.388380423936624
459,3037.2154718399142,650,1,6,71.67926036202586
460,4336.809699096691,1028,1,12,51.20631736231195
461,3212.9661911583044,717,1,8,54.03740983121019
462,3059.3449125671473,718,1,8,66.61202159337087
463,3766.5504977512483,876,1,12,53.785185584562214
464,3529.0193941211814,887,1,11,55.98378346807987
465,3704.9025878906336,860,1,11,79.42171816770562
466,2946.157889976508,673,1,7,49.72568794161217
467,3414.9188439226264,852,1,10,77.32878987985652
468,2636.35894653321,579,1,3,68.92970041228483
469,3601.875274429333,797,1,7,73.77552418801517
470,3717.070640144361,917,1,10,74.1920993098287
471,3607.818266601578,899,1,9,54.318193711329144
472,5117.79814603805,1321,1,18,51.19350980545563
473,3349.24591533185,763,1,8,58.73985335499247
474,2917.335657386783,736,1,8,66.45339655716612
475,2666.366108703617,570,1,4,63.49950335847428
476,2973.6361817932216,762,1,7,72.4947645628947
477,2802.6576721298734,556,1,3,77.73536615909012
478,2438.1535986328145,443,1,2,76.85346832681012
479,2919.469710102089,683,1,6,79.83543597986102
480,3958.417103881848,1039,1,14,56.7612411428981
481,2685.04794792176,588,1,5,67.26976341990152
482,3165.028323593146,693,1,7,82.25071539550383
483,2784.7857271575986,538,1,4,80.08713115608151
484,3793.3547330570323,909,1,12,58.39153812715472
485,6386.470373268099,1739,1,25,61.37167415159402
486,2856.490404319769,600,1,5,78.07006736366073
487,3456.554765014658,751,1,9,80.64963168506766
488,2930.2544471740803,665,1,6,65.83593669121393
489,4189.73685424806,1001,1,14,77.8013659474847
490,4656.1847119140775,1146,1,15,0.0
491,4362.107224168789,1023,1,12,35.30361149929068
492,4085.4848196220564,994,1,12,71.24712009573925
493,3819.3678051758025,1036,1,14,48.41978456572492
494,3183.191533515462,687,1,7,47.93690318555561
495,3720.699793701184,826,1,10,57.93578352015461
496,2607.7696629768852,528,1,4,38.0285330286122
497,3731.2923053836944,897,1,10,37.87975439263923
498,4048.3372638642973,1000,1,14,38.14047385136299
499,2796.663425903327,641,1,6,44.97075696552857
500,4318.545878372208,1062,1,16,69.22606037137847
501,2971.944038047797,703,1,7,67.48910823548589
502,2783.405356445319,603,1,6,39.84191618190189
503,4006.0799404144477,975,1,12,69.06255488532966
504,2781.528945312509,607,1,5,74.02798389635124
505,4334.212143964785,1069,1,14,39.537721263894845
506,2631.1327416992226,547,1,4,50.58259866253582
507,3450.521064682016,799,1,10,47.059875430802876
508,3749.0627733993642,881,1,9,38.86967343368822
509,3562.3862948990013,832,1,10,66.20644560188873
510,2971.76099025727,664,1,8,51.872366837698436
511,2730.3320504951525,551,1,6,67.91080914552823
512,2609.664184570317,485,1,4,41.66171299070218
513,2975.5743329238962,654,1,8,66.97266159439033
514,3139.5032946014508,733,1,9,51.25680334063969
515,4410.557043418902,1072,1,14,50.125658543970985
516,5362.676853677014,1318,1,17,52.31993850401289
517,5440.6885218048055,1388,1,20,52.096013476978555
518,9785.902992896918,2471,1,43,58.28967679264799
519,3014.0844234848105,663,1,7,64.63438877346655
520,4024.3040092849933,938,1,12,63.959465868017396
521,3103.4950712585555,713,1,9,71.26419325844402
522,3042.034328651441,630,1,7,70.59152485954745
523,3456.404029884347,773,1,8,62.743676736344064
524,3293.5980220604056,796,1,9,51.803144141068024
525,2822.474367675789,592,1,8,54.75683612560992
526,3052.769559907923,610,1,5,55.14763700012434
527,3399.101275444042,795,1,9,68.44309273992079
528,2678.2390272903467,566,1,5,71.2450993538087
529,4224.259800567644,983,1,12,71.19348553619992
530,3667.2523173332306,855,1,10,51.50005186524418
531,3936.999409828199,912,1,12,74.25640724991791
532,2514.9680590820335,444,1,2,53.74054809822194
533,2921.3674568748534,672,1,7,42.40879754910756
534,3122.9366123199525,695,1,7,47.07349556796504
535,2505.6729315185567,438,1,3,80.57191832937923
536,2775.970861015327,542,1,4,52.964339049149736
537,2480.854376258857,468,1,3,68.92352433544097
538,3204.452743225111,751,1,9,58.0399672436646
539,3353.2071709823713,729,1,8,41.8236276059295
540,2889.3262207412777,588,1,4,72.90257064112151
541,4201.562028312699,1000,1,13,56.50615529528675
542,2744.7201525878977,554,1,4,59.90481773276581
543,2689.738801231392,548,1,5,54.784710376832834
544,2644.130010757451,562,1,4,67.23576742968424
545,3980.2044943046685,874,1,12,66.46896872446221
546,3009.4650737381057,612,1,4,67.18131921545357
547,3015.627466583261,640,1,6,58.09344267042931
548,3616.801189537063,804,1,9,68.26051646712952
549,4354.206051673904,1038,1,15,62.94613048889736
550,3335.859271249782,697,1,8,55.20215855598132
551,3214.6610098648166,706,1,8,76.10846529123462
552,4337.433677978525,1009,1,14,56.68827599320837
553,3391.532456283583,771,1,10,56.68827599320837
554,5084.225546392796,1210,1,16,55.22207364923362
555,2661.985747003559,575,1,5,58.959274435817825
556,3232.7035007619957,673,1,8,53.48460545107158
557,3352.066969604503,794,1,8,49.173253027643945
558,2950.960807218559,643,1,5,59.26387028418678
559,3018.280398445135,641,1,7,53.359753038998896
560,2993.353129272469,591,1,5,55.50028505033736
561,3217.6162218475415,743,1,9,61.825306412433434
562,2743.3920420074537,523,1,2,72.1791282544438
563,2997.259671554572,667,1,7,56.476383825324056
564,2929.3038846969694,615,1,5,58.0365700448436
565,3144.5621120834403,693,1,5,68.13935123149028
566,3245.3496971893437,741,1,8,57.590588441034484
567,4323.242559232733,1123,1,15,58.218811223133415
568,3200.332276668555,713,1,7,54.694854016691096
569,2960.684276733405,662,1,9,64.34843111725775
570,3661.8155584716924,848,1,9,58.84589668160588
571,3861.1043620491196,833,1,10,46.410739557544005
572,3981.848109779373,957,1,12,52.8295335814152
573,3018.5378302002046,653,1,6,59.0328934896595
574,4088.9401586914237,958,1,15,52.73737542222418
575,3369.3535679245074,718,1,7,76.28261706618297
576,3401.3534382343455,750,1,10,50.0445579270352
577,3011.925967874533,718,1,8,46.63094904687009
578,4536.005570259109,1063,1,15,57.719173056554915
579,6025.127195434563,1406,1,21,34.87025064104286
580,4337.875177612316,993,1,14,0.0
581,3190.5056539774014,690,1,8,56.37803879713005
582,5879.33143585204,1356,1,19,52.7575565973338
583,5908.3556139182865,1579,1,26,58.67341968392177
584,2819.7780318832433,602,1,6,71.37801176024237
585,3589.900692520154,892,1,12,53.63966755547594
586,3408.332430419931,762,1,9,57.69607431117328
587,2782.0601527977014,551,1,4,38.612495683907675
588,2752.138889160159,588,1,5,35.36235843976181
589,2853.4411502075222,609,1,5,51.39763696244298
590,7856.807998237554,1862,1,28,78.96570746844297
591,2722.11417419434,559,1,4,40.94894243633966
592,3101.149416046151,671,1,6,68.94253051057791
593,3586.260003185281,825,1,9,70.36902623679813
594,3103.5448107910233,679,1,6,72.56880577296428
595,3130.8039558029323,717,1,8,51.415949977847056
596,4891.361576004034,1279,1,17,38.39545998845161
597,3247.563087902075,722,1,8,58.865168098833756
598,4800.25661376954,1158,1,15,52.854746417467126
599,9283.167578124892,2500,0,44,13.3301673099264
600,3420.404721679693,743,1,8,52.58115282555309
601,4138.899669723524,921,1,12,63.631317124091275
602,3497.949349880236,860,1,9,41.437278264550116
603,2648.150866699226,530,1,5,0.0
604,2735.6334705352874,565,1,5,56.97656638820991
605,5657.018225526803,1430,1,19,60.58269954818243
606,2688.3467408371052,574,1,6,53.44657779117813
607,4040.7823329162725,989,1,16,55.008070896124956
608,4877.101099996571,1201,1,17,57.32371432018349
609,3112.0661330986118,691,1,9,78.90782133105992
610,2895.990327920919,598,1,5,58.70000644697794
611,2929.639343261727,605,1,6,57.51826738157612
612,3761.3606018829437,806,1,8,63.64465201282908
613,3660.0524658203217,870,1,11,69.06577546556866
614,3850.8942111206125,864,1,11,53.17506695243966
615,3384.413529924163,777,1,9,49.974007357698206
616,3075.554634246833,617,1,7,53.100485097306816
617,3379.166815795912,758,1,7,19.04926986966745
618,3085.8296606445388,673,1,7,50.07185951683631
619,3606.6655600357135,786,1,8,59.36249038056349
620,2715.3635937118624,603,1,6,54.93607465527402
621,2801.8022130203344,599,1,7,58.34994069458817
622,3310.827070083625,698,1,6,69.39396028898405
623,2904.9926483154345,630,1,4,54.62802111583133
624,2950.1068908691477,635,1,7,51.647607718364036
625,3479.142050132762,772,1,9,72.79485483952217
626,4091.5777667075545,975,1,11,50.265749716901276
627,3790.1586666488743,868,1,10,59.713747671972136
628,5877.073239593488,1491,1,26,57.88326722210595
629,3086.7300213718495,678,1,8,48.300738711316086
630,3303.3895286941606,733,1,9,55.01118239148707
631,6365.014025001508,1496,1,24,57.75206438410157
632,7092.588122177095,1730,1,25,48.375309939961916
633,7708.916481790496,2002,1,34,53.317136657684244
634,3621.905103149424,848,1,10,51.4987634093397
635,7787.331779136602,1868,1,33,57.086069807543865
636,3654.108121337898,853,1,11,53.74123091344937
637,7481.413311805682,1683,1,25,55.030994129090885
638,3541.2466868448378,791,1,10,57.645463314514785
639,3140.6286141586424,734,1,8,52.604583608466406
640,4180.808080234545,913,1,11,79.29784383259144
641,2854.716360473641,550,1,4,51.6116567922255
642,2673.5062617588123,551,1,6,48.43400612067953
643,6399.220543289161,1615,1,25,53.84656545846889
644,5012.4960724925995,1277,1,21,68.95884415294701
645,9521.788793945172,2500,0,44,28.765711903993946
646,2500.827283172609,461,1,3,44.822954436595126
647,2570.1280462646555,518,1,4,59.94113314295927
648,9594.407800407298,2379,1,37,60.28049248300127
649,3726.2010184383535,922,1,12,51.69479099068832
650,5463.046645307534,1315,1,17,63.15271902628064
651,3646.1313514137346,818,1,10,51.00407874313158
652,4077.5372485351713,909,1,11,54.85648152078534
653,2603.3171850585995,518,1,4,46.51512795350187
654,2877.979585838323,550,1,4,80.64849544795663
655,2720.6622157812185,585,1,5,55.93865716847946
656,3252.1405695343115,753,1,9,51.66780859068832
657,5191.894664182663,1253,1,17,48.46824237083792
658,3017.6197583007875,636,1,7,55.245898350253555
659,4391.703233928689,944,1,11,55.17272378843263
660,3419.2452576446613,721,1,8,51.66780859068832
661,2970.2164483165798,632,1,5,51.88568031015139
662,9150.411883544788,2500,0,46,52.527503798701545
663,3264.3407376670943,748,1,10,49.81541347148977
664,6827.766627731294,1838,1,30,60.23793504703541
665,3211.700162162791,748,1,8,69.410743612957
666,3034.239895095831,643,1,8,49.7383971657733
667,2647.0851947593756,551,1,6,55.11669351605189
668,2842.453698806767,581,1,5,57.76540815660777
669,3527.314289550788,691,1,7,79.64181312450758
670,5034.743359375007,1290,1,18,53.42809157159668
671,3039.839384765634,629,1,6,53.91217511422133
672,2742.221633625035,565,1,4,59.64802358730956
673,2606.2487695312543,527,1,4,54.949452097849964
674,2688.799033035046,559,1,6,53.355957039354514
675,3387.678857002271,782,1,9,58.77215409304823
676,4624.254960021984,1067,1,14,51.53248250759777
677,3837.1999732089175,869,1,11,55.196357593817645
678,2932.8305642318824,624,1,6,53.92220200947743
679,3822.758978881847,913,1,13,0.0
680,3754.5877283477885,848,1,9,69.34141765960997
681,2636.8141853237203,543,1,4,56.62504834982274
682,5210.6742007637,1218,1,18,79.14681023647674
683,7010.351121826144,1634,1,27,52.28991590331761
684,8319.83143791192,2148,1,32,74.74400705769901
685,3472.196834115986,846,1,9,57.58565692297042
686,2709.8314257812544,549,1,4,56.84392529201976
687,3268.373109836588,699,1,7,54.96158182554468
688,3598.3743030262085,819,1,8,55.200217975461484
689,5074.256371307378,1190,1,15,69.099951097727
690,4120.129913749712,893,1,12,55.014268601482506
691,2775.2993744039577,573,1,4,52.002988314811205
692,4476.568434333809,950,1,12,46.36943482523355
693,3851.39911472322,834,1,9,60.914558864727816
694,3457.031425781264,779,1,10,51.74615694576906
695,2542.4141911697457,524,1,5,54.967033156151174
696,3129.03760933877,730,1,7,66.25697781874668
697,2896.8092027986118,578,1,5,58.4184135309976
698,4331.717397537251,998,1,12,64.98516604272966
699,8067.597204589803,1980,1,33,56.68827599320837
700,2689.2538495636,517,1,3,75.62208743161142
701,4566.10943962098,1037,1,13,73.24202963554207
702,2789.307846679696,578,1,5,58.88120237155988
703,2900.3105462646563,612,1,6,40.955972069901804
704,2984.5457331848233,584,1,4,50.405454598980945
705,2641.9941807174723,503,1,3,59.89356559706305
706,3361.8968503570677,762,1,10,56.520765597063054
707,2617.7437962341337,506,1,3,68.43977729444171
708,2815.9361239242635,581,1,4,72.84673951500663
709,2829.31843297959,561,1,6,52.981135082186874
710,2867.8932822036813,586,1,5,59.69567048459484
711,2916.558534374246,648,1,7,49.74919174202921
712,3093.1583334732136,686,1,9,53.13401093466306
713,2581.5478643226647,471,1,3,57.97428135582426
714,8935.180477905153,2500,0,48,51.83902474874613
715,4200.029511222854,947,1,12,56.61175283677247
716,3302.813584322937,684,1,7,57.412936784188496
717,3129.24756116868,740,1,8,59.30899821153027
718,6591.811485176068,1681,1,28,63.479244727830654
719,3184.5538675689772,728,1,8,59.89356559706305
720,2986.8925635528644,604,1,5,59.31042913480656
721,2950.2281333923406,660,1,5,53.6417947928255
722,2681.3521025657683,510,1,3,54.8441163194821
723,2807.1154504394585,557,1,3,76.27765727148812
724,2539.477425880437,489,1,3,59.819005021186264
725,3383.5754356002903,742,1,7,69.29524223617742
726,2626.1879325866767,480,1,3,75.60054618098283
727,2569.8130115127606,462,1,2,74.90401377788848
728,8093.1727336882905,2005,1,30,58.3295414678448
729,9205.69053649894,2500,0,43,40.12306006287839
730,3544.814335632333,790,1,6,56.10022547936341
731,4537.5330975341885,1096,1,14,51.94604806752768
732,3669.989282913218,854,1,11,51.66780859068832
733,5078.412982521067,1262,1,16,73.43192299298506
734,2905.530717277532,655,1,7,46.417860907441124
735,2691.639854507451,491,1,3,66.5834742895863
736,6085.045433425888,1510,1,22,51.66780859068832
737,3601.995857582105,832,1,9,77.09226033968575
738,3015.612379734524,621,1,7,55.273497872482864
739,2794.8755369186465,565,1,5,56.1589397619839
740,3183.135988054282,707,1,8,58.40548810733687
741,3219.7261936378563,729,1,9,51.7174091566307
742,3442.233951435098,772,1,8,54.25774468969872
743,3580.786998615275,757,1,8,51.576260907441124
744,3407.188569755564,744,1,7,74.69715614029623
745,3087.6735274505686,694,1,7,75.59234768174133
746,3880.6016437530634,955,1,14,51.66780859068832
747,3457.8504101562576,766,1,8,61.32782600758561
748,4229.367796707166,900,1,11,51.66780859068832
749,3615.169987268458,754,1,8,55.193216672487786
750,3025.934853920943,562,1,5,51.561219949203284
751,3583.1450326156714,769,1,8,54.99520240451339
752,2579.94141765595,487,1,3,56.82586073773465
753,2668.7682980155996,477,1,4,48.14198080931335
754,2743.601347656255,504,1,4,51.95380440248868
755,3159.994826002129,644,1,7,58.23942650200624
756,5967.761917800889,1404,1,20,51.66780859068832
757,3674.849956631671,820,1,9,51.83777405069957
758,3061.2574169921995,606,1,5,52.773142182314906
759,2801.1832543945357,557,1,4,53.6640743500462
760,2488.0010034179754,447,1,3,58.404371244696044
761,2846.815985717777,493,1,3,59.28090489406483
762,2875.178642578129,554,1,4,58.7264238249418
763,2845.6234803390553,574,1,5,57.89456138317143
764,2989.8142282200006,654,1,7,52.51948632240566
765,4010.0629096412827,893,1,9,56.90048333200204
766,7725.096893138825,1924,1,31,51.69311170359683
767,2584.1550680160553,480,1,2,63.41189600689738
768,6272.786221961948,1451,1,19,75.98912791441096
769,5193.790041968814,1187,1,16,51.82338853712051
770,2513.6168960380573,461,1,3,79.07313572431482
771,3682.0964425277816,839,1,9,71.19668230281373
772,2755.102100753793,570,1,6,36.00549501673907
773,3405.585834231388,728,1,7,58.013363904244464
774,4125.693332595836,904,1,13,48.31435198067187
775,3792.5837560272325,827,1,9,75.82073468860789
776,2765.793892021183,524,1,3,57.72152377113993
777,3515.1863108325097,791,1,10,55.22207046707438
778,2666.888273735053,554,1,5,66.63847689334499
779,2913.6687350559278,606,1,6,51.69270847318951
780,2633.190386123664,509,1,2,56.45152798470463
781,2795.833347244268,569,1,6,51.66780859068832
782,9757.150622558469,2500,0,46,41.014071774806695
783,2921.944862222678,590,1,5,81.01295173485605
784,6416.439497337311,1457,1,21,58.50820923546498
785,2828.189036331183,552,1,4,51.66780859068832
786,5757.218331298821,1217,1,16,52.48899653762084
787,3090.598198280344,612,1,4,62.029560098458425
788,5602.460940785398,1319,1,19,51.79848865461933
789,4891.720997161868,1114,1,14,62.67589825734548
790,3945.659673099533,971,1,12,54.91097396726877
791,4300.666981906909,979,1,12,55.72101297879114
792,2550.7740720748952,455,1,2,60.41294578391441
793,6726.493622436487,1603,1,22,53.31007067997492
794,4484.334601707469,959,1,11,53.16843045772508
795,2974.8015838623132,605,1,6,77.76340012352654
796,3265.967448062909,689,1,7,52.27513057079646
797,2690.493407020574,497,1,3,59.93780565708695
798,2790.79920701266,536,1,5,49.95430988526311
799,2895.0217664337256,587,1,5,51.66780859068832
800,2836.608184928901,534,1,5,54.91097396726877
801,2728.9922571563775,538,1,4,58.84528094000644
802,4638.329773101814,1062,1,14,51.66780859068832
803,7786.040216865486,1858,1,28,51.62071808569778
804,4236.430242662443,911,1,11,53.00106564453444
805,2787.2308049774197,532,1,3,62.632418032907545
806,4376.29666606904,984,1,11,78.57082919132999
807,4260.408929367075,1044,1,12,59.97985240246865
808,3010.6801546859797,616,1,5,50.95662877531455
809,2598.0086364936888,474,1,3,62.628968432691934
810,2886.4731907940018,572,1,6,58.5900301093745
811,6186.277290172555,1379,1,19,53.172575379342355
812,8544.121038284236,1933,1,30,77.68309442297374
813,2971.2612392807055,593,1,5,61.79109703865503
814,3578.0387054443486,755,1,8,79.51690700908215
815,4449.170438289654,995,1,13,48.198218346879024
816,3669.3460369873096,786,1,9,78.29105177379077
817,3036.7684531784125,642,1,7,57.59670662362557
818,3925.6573699951264,860,1,11,80.71377328012869
819,2937.0893328857537,589,1,6,55.273497872482864
820,2762.5709979248104,584,1,6,72.77880775470943
821,3374.5067770862656,748,1,8,54.71420065800891
822,5111.6303538131715,1191,1,18,48.02909734880357
823,3205.177610473644,711,1,9,62.33507235947655
824,2831.8828643322026,580,1,6,59.44474700348785
825,2633.882541036608,475,1,2,57.82607942691486
826,2601.522908401491,510,1,3,51.66780859068832
827,2615.530990066531,463,1,3,51.66780859068832
828,3178.3984229087923,705,1,8,55.48995535674846
829,2834.5090893554725,516,1,4,79.599002088031
830,2875.615210838324,589,1,5,60.642439104010556
831,8918.375012206941,2070,1,34,75.86887636668952
832,2531.040878562931,506,1,3,52.475198984919416
833,4314.2995064926345,949,1,12,52.01606668777699
834,2648.90184631348,530,1,4,79.28009805729097
835,2992.291432895668,603,1,6,51.693521463945046
836,3169.0270612382924,658,1,6,51.128941895321695
837,3841.905903339396,830,1,8,57.30380639938729
838,2935.0152326393218,616,1,5,59.04724368890594
839,2916.772388267524,580,1,4,57.86011975049649
840,2829.9501441240427,580,1,6,58.64565546168867
841,3172.6345434570403,673,1,7,0.0
842,2735.1851782226636,568,1,5,79.74090789546685
843,3017.5035086822577,619,1,7,58.61553727964518
844,2822.675310058602,569,1,5,54.521389369818635
845,2902.816109066018,601,1,6,38.29761899481664
846,4434.182499961867,1031,1,12,61.7373577998092
847,3973.520232429515,853,1,10,56.8069450365661
848,3168.2494187355123,655,1,7,58.35903253393923
849,3149.7918086624218,657,1,6,61.75899577808918
850,2729.988503913885,511,1,4,59.38033127835048
851,4039.920485839856,942,1,10,60.67327009874643
852,3298.033698577892,734,1,7,34.38078805086341
853,2454.65563488007,530,1,5,58.93193561646711
854,3317.416711730969,699,1,8,37.74446247058052
855,3518.6829276561857,810,1,9,42.45120607835452
856,2524.890766716009,520,1,3,60.9891007887579
857,3459.3813639068712,733,1,7,52.304039811091755
858,2468.0964796447806,463,1,3,54.3093721756888
859,5540.585978317257,1320,1,17,61.74314418280537
860,5560.590072669981,1283,1,16,57.42930413684944
861,3442.441571550375,811,1,8,58.818065131741584
862,3249.773030757909,720,1,7,56.68827599320837
863,9003.082586669789,2500,0,41,13.3301673099264
864,5176.897213134764,1257,1,17,51.986792487038855
865,8398.313880691481,2227,1,35,58.277696143136666
866,2891.8916466140836,568,1,4,59.359659031249464
867,2764.606387672431,562,1,5,56.58583260163463
868,2793.923227300651,623,1,6,53.353867731687785
869,2923.3939176178037,572,1,4,57.585516386249296
870,2757.4958205223147,570,1,5,54.905054782453085
871,2768.127603683475,562,1,4,52.97073042171659
872,8256.401134338326,1953,1,31,56.72477314763872
873,10120.229321288942,2500,0,46,40.51259562703964
874,6424.929747619606,1583,1,23,56.76046892590947
875,4595.911717529299,1229,1,15,62.77633229908903
876,2937.4620932006915,608,1,5,54.04747566292348
877,7650.62496950145,1809,1,30,36.29158783605016
878,5098.358767442705,1131,1,16,56.93731948750111
879,4224.256591186538,902,1,11,80.29770306822647
880,3543.5355490684583,730,1,8,63.573782975494474
881,5225.155883064273,1198,1,17,57.928903818279544
882,4799.48418998719,1065,1,14,58.13268570899117
883,5655.803080177312,1360,1,21,57.04693905040228
884,4910.934023361213,1116,1,15,57.79261352790077
885,3602.4864621734746,767,1,9,60.85634914118649
886,8427.154373817388,2006,1,33,59.61823364780547
887,2817.989994506841,521,1,4,38.34266193150218
888,4182.383296089191,966,1,14,41.55677108859277
889,2981.4770233154322,575,1,5,80.7125958992238
890,3382.7443065071193,798,1,9,59.13060919926007
891,6054.618970832819,1492,1,21,54.15971764057822
892,3495.24145048143,791,1,9,56.8713062347695
893,3217.328479614266,668,1,7,61.32244456112615
894,2911.2418129348844,578,1,5,59.82342617462619
895,2543.513408088688,500,1,3,61.73418028677951
896,2913.4430893516637,582,1,6,38.111808805830876
897,2812.2252851486273,560,1,5,60.85720293011419
898,2753.1863938903853,552,1,4,48.32701164142857
899,3777.8624871826337,872,1,13,79.79954746610018
900,3089.8367620849695,603,1,5,78.52144250099074
901,3085.6289557647783,649,1,6,61.90595981395796
902,9096.981185912975,2500,0,48,16.984680690168506
903,9408.427502441284,2500,0,42,38.26409044430126
904,4656.103721537601,1088,1,16,41.66171299070218
905,3036.9793765258887,649,1,6,61.647643197552604
906,9685.078027725163,2195,1,37,59.101677057864414
907,5909.911979484546,1430,1,22,56.383333299407184
908,3170.8135009610755,698,1,8,41.69015881859368
909,2679.675261230475,484,1,4,38.34266193150218
910,2879.2437639045793,556,1,5,51.745149540207834
911,3133.6265942382897,651,1,7,32.87752063605016
912,3718.5917708396996,810,1,9,58.8618813710305
913,2939.722984867104,606,1,6,57.27309075971975
914,2782.034049758916,532,1,4,58.21816725854296
915,2492.678536682134,481,1,3,59.817511423031476
916,3047.2287012481775,613,1,5,57.74520118236034
917,2619.7976904296947,483,1,3,77.78433952149967
918,3448.8501903915517,768,1,9,59.33845199225652
919,2865.8004454803563,579,1,5,60.29722367227246
920,2946.174927215582,606,1,6,58.432608793208374
921,3140.9858008128485,674,1,7,54.94070364513938
922,2660.837878417976,470,1,4,38.34266193150218
923,2684.428386287696,481,1,4,38.06042371402382
924,2810.166032714851,544,1,5,38.34266193150218
925,4513.4732881546115,1035,1,13,57.180348968682964
926,3565.526598148358,766,1,9,58.3295414678448
927,3040.4483474290464,592,1,6,51.81425158102498
928,2685.204568541056,500,1,5,55.22207046707438
929,3008.8979205703854,612,1,6,54.91097396726877
930,2475.111393194203,441,1,2,62.55367560054568
931,3030.6979338455267,611,1,5,54.174408825867154
932,2831.4713948822064,572,1,5,49.808037847837866
933,9763.0644165038,2500,0,43,32.35932258074084
934,3465.9543137741193,764,1,9,51.59192290806877
935,3410.624988441479,761,1,9,54.91097396726877
936,3018.433650207528,600,1,6,51.66780859068832
937,2817.9038572979043,564,1,6,55.11669351605189
938,2754.2774429130595,601,1,7,48.00051142633013
939,10017.843818969577,2434,1,42,78.049637129768
940,8477.32596683497,2040,1,32,54.91097396726877
941,3829.5022689247235,883,1,12,51.617200732412414
942,7540.207231216386,1791,1,27,52.489964746725725
943,3211.5295325088605,716,1,7,60.70924304322154
944,3027.6770309162225,604,1,6,48.375309939961916
945,3025.3981954193187,632,1,6,52.67006075527662
946,2999.556522216804,608,1,6,77.90873984524265
947,3148.9894488143996,686,1,8,54.9368942024066
948,3174.2234765625076,632,1,6,63.049753797524794
949,3079.25698978425,639,1,8,54.91097396726877
950,3147.8233014297557,649,1,7,54.91097396726877
951,2779.526123046881,505,1,4,53.544194596373615
952,2898.267916462432,597,1,6,55.219963064009264
953,3820.9388408660984,860,1,10,54.22972132043948
954,4238.250108928693,894,1,12,55.38669421184779
955,2995.4219351196357,598,1,5,62.73959724820472
956,2784.901726722727,600,1,6,54.91097396726877
957,2782.4856873893796,518,1,4,51.69270847318951
958,3603.5408554458786,758,1,9,49.956086206706104
959,2754.7688469791487,523,1,3,58.52415925525761
960,2926.5135307884284,597,1,5,62.00249852502962
961,2954.079282035833,568,1,4,62.21669963172797
962,2519.2540825080914,464,1,2,59.16220584419741
963,3223.5748181152403,601,1,5,54.97016318168578
964,2652.8715917968802,483,1,3,56.92043717048845
965,2901.804474983222,592,1,5,51.31091548133771
966,3306.5368869400163,772,1,10,56.303841279552266
967,2986.3651967430187,598,1,5,57.06322165624522
968,3237.584699707039,671,1,7,55.526448269914596
969,2948.830507812512,592,1,6,52.141621175566556
970,3013.119419260034,629,1,8,56.80525281662922
971,2947.110852394114,597,1,5,63.61308639494624
972,3099.5082421493644,649,1,7,52.903837526880864
973,3038.5440936279374,609,1,7,58.488232310754206
974,3415.6514623499006,687,1,7,80.37046225927882
975,3291.304351677904,703,1,10,56.840039486497886
976,3670.2340665435872,767,1,10,56.31232715001467
977,2943.3925457763758,576,1,6,81.02957255369716
978,3066.1361981201235,666,1,8,58.488232310754206
979,3899.3106933593876,865,1,10,79.2573410151071
980,3338.0538122177177,680,1,7,52.14237451766708
981,3605.6271215438937,780,1,8,47.355577419340385
982,3382.1526239013792,717,1,8,77.59444361436873
983,3585.306894531266,798,1,11,58.488232310754206
984,3574.379895725259,723,1,8,59.91273060191464
985,9724.251330566285,2500,0,47,29.401749918163087
986,2688.702451782231,546,1,6,53.27672627299971
987,8199.12264892574,1924,1,32,58.488232310754206
988,4360.736701183336,911,1,12,59.025771727177585
989,2749.317307128913,588,1,6,58.46272514048354
990,2567.8682006835993,440,1,3,58.488232310754206
991,2992.778593406684,567,1,4,59.62465536811133
992,3802.4400346970724,812,1,10,57.39831993620801
993,2849.9475388336236,501,1,4,58.396684627507014
994,3470.6227392578216,678,1,8,58.488232310754206
995,10070.324689216539,2244,1,40,55.27130573388169
996,8731.680639648304,2500,0,48,52.470352169648876
997,9717.072277831934,2500,0,47,50.9335692194535
998,2759.6166767501886,498,1,5,56.35187638049426
999,6508.211751670812,1594,1,25,52.45701029654915
1000,3219.9513517761343,718,1,8,58.320455826227814
1001,2640.3344539642403,495,1,3,52.73002904729435
1002,2807.8908794212407,546,1,5,44.45025087096176
1003,2755.879584951405,544,1,4,57.351985818538985
1004,2796.270151462558,548,1,5,54.80727946003975
1005,2840.585577988626,555,1,4,58.53498483806838
1006,2486.180104560854,489,1,3,61.50358184333459
1007,3406.819828758252,762,1,8,58.10062780154176
1008,2697.9989233398496,513,1,4,77.64257894074605
1009,2471.9663034439136,455,1,3,59.48952841674443
1010,3147.979760665901,669,1,6,62.66195612807405
1011,2931.3061439514204,565,1,4,65.18732712590848
1012,2853.9121356201244,544,1,6,39.67834249845015
1013,2701.3530181503393,557,1,4,58.37051363933935
1014,2661.9395947647145,549,1,4,59.263416817370675
1015,4327.96109619142,980,1,12,38.03592063605016
1016,2987.7307065081663,644,1,7,38.03592063605016
1017,3269.0145770263775,664,1,6,75.59070065092153
1018,2845.100845737464,579,1,5,40.306504515482445
1019,3476.379194946298,859,1,9,56.672547429955216
1020,7554.18081104276,1919,1,29,57.12552010264901
1021,3003.6703860735993,612,1,7,38.03592063605016
1022,2777.350151824955,545,1,4,59.07082288392262
1023,2939.85579040528,606,1,6,44.2258825949053
1024,3448.947350273142,747,1,7,50.50315838491779
1025,3066.5171505999633,669,1,6,38.03592063605016
1026,2883.034058475501,560,1,4,56.77328189769846
1027,10667.658358764476,2500,0,46,48.12098890407659
1028,2736.600414094931,502,1,4,52.75505529031534
1029,2741.602313842778,513,1,4,51.38654141572518
1030,9722.874487304603,2500,0,39,54.97105506320871
1031,3318.3641876220786,755,1,9,55.02440754503656
1032,2779.4024816894616,608,1,6,62.523801825405876
1033,8383.643767480775,2161,1,34,54.466148418303895
1034,2707.3047206974074,532,1,3,56.249689021356126
1035,3426.7916481208913,759,1,7,62.33377571452385
1036,3277.2039258766245,726,1,7,53.459169520603496
1037,3570.7241082763767,757,1,7,79.26656312105347
1038,2522.299971132283,496,1,3,57.16583800887202
1039,9227.685971069242,2500,0,47,46.49972261100035
1040,10105.089249801558,2495,1,45,55.22207046707438
1041,3452.3225051117074,729,1,7,59.967563163828444
1042,2971.136893539434,621,1,5,51.33335608961971
1043,3713.359987182628,784,1,8,52.9034431209775
1044,2568.6133538627673,453,1,2,57.823109990467245
1045,3383.980568294538,736,1,8,54.728866497929275
1046,3420.9415551757897,757,1,8,55.11669351605189
1047,3057.639519042979,634,1,8,55.11669351605189
1048,5724.652852439882,1300,1,16,56.31132520670649
1049,9911.074581909055,2500,0,41,40.97655216100724
1050,3244.5655435562226,660,1,6,51.572483841142706
1051,3173.3602332305986,619,1,7,52.99913077112347
1052,2961.6001374244734,555,1,5,55.11669351605189
1053,3236.825067024242,741,1,10,57.0629603749988
1054,3868.1398706054856,882,1,13,55.11669351605189
1055,2776.815676193243,556,1,5,57.176618354658224
1056,2729.067106933601,539,1,4,43.79590196499984
1057,2943.7737963867235,569,1,5,55.11669351605189
1058,2920.2577307701204,580,1,5,59.05015276257092
1059,2503.2951710128814,458,1,3,58.09937025110264
1060,2549.5608026695327,484,1,4,54.83069770425153
1061,3230.3481664657693,685,1,7,66.12396791374691
1062,2910.7117736816476,585,1,5,56.58744829030413
1063,9846.38473815905,2500,0,44,39.91387561877193
1064,3703.0762274170056,793,1,10,52.22062763514497
1065,5174.824853839886,1163,1,16,56.76211225084976
1066,3979.9181976318496,850,1,10,54.805597016246296
1067,3659.46524551393,746,1,8,55.156118155099584
1068,3290.7294881248613,703,1,8,58.229202297176
1069,2850.729443283085,529,1,4,53.98647202431011
1070,2889.287011756902,563,1,4,51.0641427791096
1071,4527.873175964371,947,1,11,55.14865959957013
1072,2467.383933887484,447,1,2,51.46004389550579
1073,2872.0085477638336,606,1,8,49.62633077112347
1074,5380.201202907559,1138,1,15,58.07406713819414
1075,8344.251977233836,1811,1,26,56.218653779071474
1076,3777.8555151367323,738,1,8,56.192217471588734
1077,2666.6372387695365,476,1,4,55.11669351605189
1078,2755.733381347666,561,1,5,55.11669351605189
1079,6408.791123771642,1310,1,18,58.949655181007074
1080,2730.2955932617274,510,1,4,55.11669351605189
1081,2691.2719623184225,512,1,4,59.85152421488038
1082,2759.6457788086027,527,1,4,55.11669351605189
1083,2670.8282315826473,542,1,5,0.0
1084,8147.150143785434,1749,1,26,57.22793172997916
1085,3323.002892837537,637,1,6,56.267469494799236
1086,10239.015389823817,2280,1,36,0.0
1087,3018.6159179687625,570,1,5,52.79966037987782
1088,3941.9156414795034,851,1,11,51.418644651758235
1089,2520.565956516271,449,1,2,59.78365095536305
1090,2682.1959564209,525,1,2,10.883463023763014
1091,2956.022036132821,602,1,5,15.359164494369724
1092,2500.611413764959,465,1,2,59.07447507209607
1093,9496.982543945107,2500,0,47,56.97657822284582
1094,2913.3596787309693,552,1,4,58.0031234346244
1095,2577.039354438786,504,1,4,60.17266368373647
1096,2801.8640810966617,590,1,5,55.38669421184779
1097,2732.1035467910824,531,1,4,57.197489351979144
1098,2908.4271112060583,557,1,5,53.15860616094713
1099,2961.8402692604127,561,1,4,56.8978414097539
1100,5230.812071228025,1220,1,17,59.59215442913839
1101,3295.8353027343874,725,1,7,55.11669351605189
1102,2958.5258847045957,601,1,5,59.847408999916624
1103,2825.8250068283173,597,1,4,52.75766721693987
1104,2644.634251670842,521,1,4,59.138481877891806
1105,2832.3001651573245,556,1,5,57.645669188195484
1106,6576.154104881268,1766,1,25,56.230418182461165
1107,2771.5748514747684,527,1,4,59.13382061223654
1108,2508.972648925787,449,1,3,79.61338009581277
1109,2705.0081585311914,488,1,3,61.96216061889207
1110,3266.6334539032114,657,1,6,56.33770836030014
1111,3212.852868490227,641,1,5,59.19435556340815
1112,2743.274821615225,545,1,4,56.707058850926025
1113,2678.870280761723,554,1,4,62.09675918263995
1114,2781.5578255939545,541,1,4,55.339112578452486
1115,2691.92744575501,547,1,4,59.20581351216939
1116,3124.222123260508,644,1,6,61.779587664944984
1117,2911.685613479622,573,1,5,0.0
1118,5141.4608374023455,1113,1,15,55.15509870723913
1119,3841.597565307629,823,1,10,53.23912902052684
1120,2470.4894963073775,456,1,2,56.745241647142116
1121,2816.7095811653217,566,1,5,58.83082903229947
1122,2485.5398936367087,457,1,2,59.69708938597344
1123,2641.6628086853066,476,1,3,52.112849643035105
1124,7523.950445847479,1746,1,27,54.29270379482526
1125,4785.684432922596,1081,1,14,39.037112719071104
1126,3334.089431152355,757,1,9,14.191425064225783
1127,2772.7564324188284,546,1,5,61.963116833561344
1128,7726.110633850055,1570,1,24,78.31700174972771
1129,2925.0859836292384,604,1,7,61.01708238862648
1130,4038.9342542457753,811,1,9,58.870396122120404
1131,8261.499802551227,1742,1,26,58.68047199958318
1132,3107.155845599183,616,1,5,40.626976925981275
1133,9532.815640907213,1986,1,31,61.159027395107806
1134,2533.8736669921877,443,1,3,0.0
1135,2615.1244123458887,480,1,3,56.3191013776762
1136,3626.7882775497565,734,1,8,59.46296937932337
1137,2431.139167480474,441,1,2,52.52662970502874
1138,2725.7502875518835,509,1,3,59.30362569447612
1139,3743.8792456054784,743,1,8,79.44918443551835
1140,2972.7259345722264,569,1,5,72.89795793241971
1141,2803.6798795700156,535,1,4,58.202075501424424
1142,2845.7862792968795,565,1,5,57.32285350810747
1143,3850.321374359148,798,1,9,61.779587664944984
1144,2474.605654296879,442,1,3,57.81717188465174
1145,2527.862746582034,467,1,3,57.32285350810747
1146,3151.9388451004147,668,1,6,56.30873127563778
1147,2899.295971908575,588,1,5,61.61915843742985
1148,2480.1579272747067,485,1,3,59.35263119567933
1149,2993.3447534179745,557,1,5,69.9188981463868
1150,2595.063234481814,477,1,4,79.33477561961594
1151,2722.9660969734223,530,1,4,58.877810146113895
1152,2539.4016463089033,471,1,3,59.03907799799712
1153,3041.0136489033785,625,1,7,76.0947462273875
1154,3715.1764355468918,751,1,12,57.32285350810747
1155,2596.8046362304713,473,1,3,79.65559078783184
1156,3836.9870655059967,775,1,11,55.37099602051875
1157,3448.7476049804786,678,1,8,57.32285350810747
1158,2943.077307128914,605,1,7,57.32285350810747
1159,2731.259733886726,514,1,6,57.32285350810747
1160,2565.748151855471,466,1,3,57.32285350810747
1161,3060.6636590576254,597,1,6,79.89986378505554
1162,2495.0599885940605,440,1,2,61.76086444461122
1163,2598.65589902621,478,1,3,59.5514508326345
1164,2812.671838378913,520,1,4,57.32285350810747
1165,2806.7778187179624,578,1,5,56.98023931504757
1166,2679.688248748784,504,1,4,52.22880620957081
1167,2849.190571365363,532,1,4,56.27373966563119
1168,3883.686356468212,829,1,9,60.541996945825545
1169,2947.9890258789137,555,1,5,75.27011017531375
1170,2668.1392333984445,495,1,5,68.28881239386307
1171,2752.350389900213,533,1,4,60.67186656810887
1172,2983.8858508300837,584,1,5,50.13179729385959
1173,2529.4436816406314,534,1,6,57.32285350810747
1174,2683.0584703826958,498,1,3,60.51877016677512
1175,2713.597680416114,533,1,4,59.335360245881574
1176,2805.7465214538643,551,1,5,56.397494176025944
1177,3022.194489974986,574,1,6,0.0
1178,2536.068033447269,463,1,3,59.017604572924604
1179,2925.0267223739656,583,1,5,56.43566196835133
1180,2438.64936294556,445,1,2,60.254198735725204
1181,2519.2556982421916,503,1,5,59.7922877930499
1182,2886.0974637127006,592,1,6,56.55970333234247
1183,2410.361264648442,473,1,3,53.08071020620729
1184,2803.032922992711,537,1,4,54.44002331109459
1185,2585.5162451171927,513,1,4,57.32285350810747
1186,2804.4359685707145,541,1,4,58.7215023462699
1187,2711.573068847663,553,1,6,57.32285350810747
1188,3114.484464874277,628,1,5,58.73206441852497
1189,2620.9080414581326,526,1,4,59.859769679105604
1190,2715.2972689479648,470,1,3,52.71502561399152
1191,2402.055706748968,457,1,2,52.402991138899516
1192,2967.5484881591888,649,1,6,57.32285350810747
1193,2876.8025976181116,595,1,5,57.78898551530629
1194,2699.5792109298754,536,1,4,56.344425001628
1195,2657.0040580368104,507,1,4,56.302269830257124
1196,2753.048732910163,552,1,4,55.955850646077835
1197,2612.7194119072014,492,1,3,55.347516585365305
1198,2473.634023804669,449,1,3,51.92171658272254
1199,2663.709114151006,511,1,3,61.614617101505
1200,2688.8513670349193,523,1,4,61.779587664944984
1201,2818.258208370214,575,1,4,56.992104720801755
1202,2771.5751464843784,570,1,4,61.659016901972194
1203,2464.0757051277214,456,1,2,61.91937059212397
1204,2727.420356068619,557,1,4,55.74709685343875
1205,2736.392317008977,510,1,3,56.38703109858622
1206,2576.419161834722,463,1,2,56.12622936259999
1207,2555.2503916549713,486,1,3,61.17627083781177
1208,2751.7352264404317,535,1,4,59.308852319531454
1209,2728.6457920265234,514,1,4,57.43283541220468
1210,2552.517901000982,517,1,5,59.773937591462385
1211,2857.3903930854863,559,1,4,57.30932200224418
1212,2650.8157941436834,552,1,4,62.12480028486166
1213,2852.789652976999,592,1,5,58.42734344531328
1214,2574.2483219909695,496,1,3,58.82474730502612
1215,2548.5219018173248,479,1,3,60.65951219886436
1216,2737.1835083007877,555,1,6,59.227079486047536
1217,2413.550259284976,411,1,1,59.00986674078504
1218,2658.056060791021,505,1,3,56.3177551028038
1219,2803.262084900144,526,1,4,58.46291614638103
1220,5921.26258197784,1322,1,16,59.61549687488258
1221,8635.638161621053,1942,1,28,58.25803794903099
1222,2894.904842987068,573,1,4,61.7159206147252
1223,2603.9058656311076,507,1,3,57.7166720079139
1224,7934.5349113464035,1710,1,24,61.779587664944984
1225,7102.428631210313,1535,1,21,61.904044402429534
1226,5784.344951171872,1254,1,16,61.774023319896756
1227,3713.0460261917233,757,1,8,59.319708123103624
1228,4407.032470703145,945,1,13,57.32285350810747
1229,10582.644311523305,2500,0,43,32.539335918817784
1230,2781.48947692872,547,1,4,57.59905015116758
1231,10692.86054687488,2500,0,39,48.231033183354256
1232,2783.0597583007834,544,1,4,52.995413021247586
1233,2782.8260595703205,563,1,6,57.32285350810747
1234,2938.641437901265,579,1,5,56.91975597451482
1235,6537.282097196552,1420,1,19,59.35263119567933
1236,7518.36821875566,1665,1,23,57.584809959744604
1237,2715.992501831058,480,1,3,58.22135803949653
1238,4351.862155151383,980,1,12,57.939167494472
1239,8549.42932697289,1937,1,28,59.59065540318125
1240,5158.9159637451085,1120,1,15,68.30554950530207
1241,7191.253261108353,1779,1,27,57.81549577157039
1242,3106.7469384765755,627,1,6,59.89356559706305
1243,2553.3110118866,450,1,2,59.43025660000511
1244,2924.559162597665,566,1,5,53.556535003831954
1245,3565.477845458996,721,1,8,75.7898373956744
1246,3484.233756742488,697,1,7,59.35263119567933
1247,4714.509728393566,1187,1,18,57.670236697763656
1248,2848.7061761474674,607,1,5,57.32285350810747
1249,2842.7371014404353,566,1,4,57.90940929992186
1250,2631.133697395329,541,1,4,54.64093444420961
1251,2752.0250384521555,589,1,5,54.170078050581616
1252,2789.187482042317,524,1,3,59.35263119567933
1253,3452.7763250732555,808,1,10,57.32285350810747
1254,3089.343253784188,656,1,7,57.32285350810747
1255,8654.849669799749,2062,1,30,57.55063050089464
1256,2665.9032904052774,543,1,4,57.50823484938635
1257,2639.5261155700714,517,1,3,57.52104444119463
1258,4073.040857667942,904,1,11,58.0256961717994
1259,3034.9294631004377,600,1,5,59.34527615658888
1260,3430.105432186135,762,1,7,62.310222737645
1261,7367.077472858378,1746,1,23,54.22893291397778
1262,3089.570947265633,635,1,6,70.68168864011062
1263,2940.900022354133,588,1,5,57.411264169609915
1264,2716.880807495123,550,1,4,59.41441707228655
1265,3585.159674682629,778,1,8,54.40651422433954
1266,8598.167736205976,2022,1,31,66.96142785825593
1267,2854.7272198104915,593,1,5,53.76334246805229
1268,10727.505648803615,2500,0,43,49.93818727068511
1269,11451.530847167842,2500,0,44,53.759181656632016
1270,2651.2852508735714,474,1,3,54.17728801737666
1271,9879.69216067307,2099,1,34,59.35263119567933
1272,2770.7148394775463,494,1,3,59.32981963284085
1273,2867.5862959575725,589,1,5,56.61302163226885
1274,9867.54505615222,2500,0,45,38.846046982524264
1275,5838.750099849693,1355,1,20,59.19520987951321
1276,9754.213684081877,2500,0,46,52.803248742369526
1277,9779.137341308457,2500,0,47,50.35282226246441
1278,8070.306307544642,1903,1,34,52.946828629281846
1279,4756.421340408337,983,1,12,59.240093693026104
1280,6100.889958496078,1284,1,18,57.58486704993444
1281,4697.312509155286,975,1,12,58.72450744852444
1282,3363.977575969706,670,1,7,58.25016933220442
1283,3917.263182983413,802,1,10,55.17834101183761
1284,2471.64828357697,440,1,2,59.5961169863502
1285,3969.2376383400097,812,1,9,56.959219293310746
1286,2497.959780769354,451,1,3,57.29365370179049
1287,3065.264993743907,606,1,5,61.268133196114015
1288,2651.8563671875036,486,1,3,79.732404306438
1289,2732.4592846679784,546,1,6,55.11669351605189
1290,3023.5622698974707,614,1,6,58.48949351605189
1291,3216.4740735340256,626,1,6,58.68685115791676
1292,4994.816383666987,1109,1,15,55.11669351605189
1293,2686.59924431086,528,1,5,55.11669351605189
1294,2742.075420589452,544,1,5,56.02647245169098
1295,2503.563326230056,463,1,3,58.2530982701939
1296,2868.960296096807,558,1,4,61.19917836699072
1297,3002.3977069091884,619,1,8,58.48949351605189
1298,3021.5901947021584,575,1,7,55.09035352684607
1299,2951.7196562576387,566,1,5,52.652073116522075
1300,3306.547231616986,663,1,8,53.362887763544066
1301,2628.8652587890697,475,1,5,55.11669351605189
1302,12004.682873535025,2500,0,44,58.4691335480731
1303,2710.255900268562,521,1,5,55.11669351605189
1304,6168.611649513226,1220,1,17,59.988600786995235
1305,7424.995584392519,1485,1,22,58.1868149412027
1306,11877.186242675645,2500,0,45,10.0376686592
1307,10781.956371459863,2492,1,42,49.938531596341896
1308,10854.929980468642,2500,0,42,59.50092541112614
1309,3854.344494056713,775,1,8,58.74036238955717
1310,3016.363869018562,594,1,6,55.11669351605189
1311,5826.342868118279,1266,1,18,61.8529930597296
1312,4853.805382461554,1034,1,14,61.90376348510635
1313,3062.3059143638684,607,1,5,57.241598492735626
1314,4337.039814453137,916,1,13,55.11669351605189
1315,7304.43673858638,1600,1,26,0.0
1316,3609.3507797622797,753,1,8,56.29610220405459
1317,9335.519445800663,2500,0,52,40.08702689607986
1318,4772.532722387317,1072,1,13,58.12892670741274
1319,8005.648038330022,1918,1,26,55.11669351605189
1320,9369.14849548327,2500,0,42,56.6986435938315
1321,4292.974257202164,959,1,12,55.11669351605189
1322,10619.346997070219,2500,0,47,54.456431357178495
1323,2566.9899339485223,511,1,4,61.37185161850744
1324,2864.3545452880953,586,1,5,58.410466750908235
1325,3353.1819634246945,741,1,8,53.467914029826126
1326,4457.799309272779,1009,1,12,61.928801782261765
1327,3006.0990442276106,640,1,6,60.626775146458144
1328,2611.4259340286308,505,1,4,56.78554218533732
1329,3588.659137954722,753,1,6,58.247060277260566
1330,3968.6148516845847,889,1,11,54.855597586752715
1331,3886.729055590081,829,1,8,79.13731987755953
1332,2952.870708618169,587,1,5,80.16084155471138
1333,3049.081644058238,635,1,5,56.12499775154582
1334,4851.82471081257,1093,1,15,58.327160405504905
1335,3483.2577044677837,704,1,10,55.11669351605189
1336,3576.215406103146,809,1,10,58.63890255129803
1337,2670.195146484381,554,1,5,55.11669351605189
1338,2608.6889088440003,541,1,4,51.410108104995366
1339,2980.0427279281703,631,1,6,60.113768755591806
1340,2959.536584625253,612,1,5,61.848493051203846
1341,2619.142619628911,519,1,5,55.089926975251885
1342,2541.071291408543,522,1,3,59.13978415355685
1343,3777.0744744873186,842,1,13,55.11669351605189
1344,2574.083582153323,533,1,4,62.20255367403485
1345,3897.9228875732583,847,1,12,55.11669351605189
1346,2764.571800117501,551,1,4,51.82779774328017
1347,4085.77605537416,938,1,11,61.575694486473026
1348,2531.904113025669,489,1,3,57.89696112948304
1349,3329.000455513009,728,1,8,59.32859231668215
1350,3417.2377400589053,759,1,8,51.01707560613355
1351,2856.3937865829553,607,1,6,53.46539335722898
1352,3431.7812305069056,767,1,8,56.32725976639602
1353,2796.200095233926,582,1,5,58.97233515557959
1354,2881.7733325195377,584,1,6,55.11669351605189
1355,2791.5354980087386,552,1,6,53.08011670212716
1356,2654.354877929692,531,1,4,55.11669351605189
1357,3362.566774082198,715,1,7,58.62798926231234
1358,2603.415892066959,518,1,3,57.10356967688279
1359,2683.3451635742244,553,1,6,55.17022832452548
1360,2740.4310351562594,554,1,6,55.11669351605189
1361,2781.2817037963932,543,1,4,62.76311451110513
1362,2929.1380471491893,613,1,6,59.43020531812915
1363,10379.766162109265,2500,0,45,39.50162908428558
1364,2760.3688714599703,572,1,7,55.11669351605189
1365,2909.7974667739923,559,1,4,57.10356967688279
1366,2472.8360660171547,447,1,3,57.10356967688279
1367,3123.6890470457174,609,1,5,53.09130158975526
1368,2423.0992727470425,424,1,2,57.63472126415302
1369,2616.6653860855145,486,1,3,52.3486937673618
1370,2649.4199649047905,489,1,3,60.74248263446715
1371,2711.452407808311,529,1,6,53.15878384515802
1372,4511.335425453207,1001,1,16,59.858836690998906
1373,2645.6931532740646,510,1,5,54.880298270193904
1374,2840.033496665958,560,1,5,52.98671343680831
1375,2411.643815994267,475,1,3,57.34101102297246
1376,2449.5970170593296,437,1,2,61.69805084589021
1377,2656.2070275926612,493,1,3,58.01271340367726
1378,2702.973522071841,486,1,3,57.10356967688279
1379,2617.971908264165,486,1,4,0.0
1380,2938.790778808605,551,1,5,56.811787378479515
1381,3487.417115211496,700,1,7,51.97482794415768
1382,2750.809997215278,543,1,5,51.814161648563214
1383,2889.421079788214,552,1,5,52.06789251092559
1384,2829.927258300788,565,1,6,56.58583260163463
1385,2646.147485275273,494,1,3,52.07951093360771
1386,11432.787145995959,2500,0,44,47.14316722062644
1387,4179.208797674197,856,1,13,59.89356559706305
1388,2674.124587249762,495,1,5,59.75401277559936
1389,3174.7657979583837,652,1,6,51.47920350533358
1390,5696.787180728914,1314,1,21,56.874305376189064
1391,10984.787683105345,2500,0,50,58.57439977172633
1392,3079.1200006771205,641,1,8,59.89356559706305
1393,2403.9186725616514,420,1,2,59.06870758700192
1394,2758.8127953147946,502,1,3,59.122487530451004
1395,2941.7145539856047,612,1,6,59.24791158475203
1396,3961.3724940109387,826,1,9,57.963610686386666
1397,10206.535498046705,2500,0,45,38.75604903676231
1398,2532.337864952092,431,1,2,56.832219200039624
1399,2443.8477252578778,427,1,2,56.76009355219203
1400,4433.974625206005,985,1,14,0.0
1401,10662.577328491016,2500,0,50,48.13446110235161
1402,3306.2800369644283,663,1,9,59.89356559706305
1403,4295.157870273601,886,1,12,57.18603940031447
1404,2695.1810596370774,573,1,6,59.89356559706305
1405,2884.837495794305,608,1,7,59.89356559706305
1406,3629.2655569839603,761,1,8,56.189828247626004
1407,3018.0683491516183,596,1,5,60.191431685776294
1408,3941.1005357170284,838,1,9,56.849777356831005
1409,4706.302488470079,1070,1,16,59.89356559706305
1410,3933.4096990251724,858,1,10,56.63978790468973
1411,3420.898431873332,695,1,7,61.779587664944984
1412,2714.2947768878976,529,1,5,59.89356559706305
1413,2573.6620864486736,507,1,4,55.80164359569075
1414,2637.6240390205444,508,1,3,57.582652987842415
1415,3257.626892776501,669,1,7,57.99667818611393
1416,4510.754282054915,932,1,15,59.777741114177864
1417,3365.4288017273007,735,1,8,61.639070665781105
1418,3354.3259947395427,722,1,8,56.71362731582918
1419,3076.7358119630903,653,1,7,59.89356559706305
1420,2835.0784146881197,542,1,4,53.3481982460644
1421,3002.7081243896573,638,1,6,59.93963973841059
1422,2607.0229534912164,481,1,3,62.49887028878712
1423,3329.6879550170984,624,1,6,56.92283522564782
1424,4355.335561981219,908,1,12,51.48249094213999
1425,3717.9609303283796,786,1,8,51.49034911760956
1426,4595.12846820832,971,1,14,59.65717035120508
1427,3001.212586879737,570,1,4,56.28636644363077
1428,2435.1818041992224,434,1,2,50.66964448850035
1429,2771.750200042732,517,1,3,61.779587664944984
1430,2728.397685871128,512,1,3,54.21050462724394
1431,2763.835203514104,517,1,3,57.16661838341699
1432,2452.627888717656,448,1,2,56.091138087299
1433,3413.777162475598,689,1,9,59.912959571711326
1434,3085.635527687079,611,1,5,59.36076348549428
1435,3495.1641195488032,689,1,6,57.643084338805146
1436,3053.796584472664,557,1,6,54.94442124014436
1437,2782.7079517364546,515,1,3,51.19480224579638
1438,2638.184214706426,524,1,4,54.83345090735941
1439,3112.016550359735,612,1,7,59.89356559706305
1440,2832.3613764122183,560,1,6,58.0816090768383
1441,3046.1718993616205,674,1,9,58.190962520863955
1442,2655.801898422244,513,1,4,62.186204995720665
1443,2953.1901471614897,600,1,6,59.89356559706305
1444,2741.4930052375876,577,1,6,59.824629829822655
1445,3997.705975952165,843,1,9,57.39385498364738
1446,5049.514007358551,1071,1,13,61.76873529073182
1447,3433.6446027946618,704,1,7,60.354385172090254
1448,3245.8297383117742,631,1,5,56.134398382277055
1449,2876.621103210455,564,1,4,61.94301044897348
1450,2758.029175491339,499,1,3,60.28750577931784
1451,2614.0038165950846,503,1,4,59.89356559706305
1452,3328.319659786235,706,1,8,59.52140497340049
1453,3410.9249811935556,736,1,8,56.34298018617966
1454,3068.715244445809,587,1,6,56.30065633696687
1455,2652.1362824153985,484,1,5,59.89356559706305
1456,3794.192561035171,826,1,11,59.879217355534145
1457,3695.676879882829,720,1,7,53.51898984246981
1458,2805.3588956070007,529,1,4,61.60061592291239
1459,2472.1165306472813,453,1,3,56.12758891481891
1460,2411.834861221317,438,1,2,59.53130064079613
1461,2989.4083900833193,618,1,5,60.79393738111603
1462,2538.3329150009204,451,1,2,60.325180490245366
1463,2716.4826264190724,516,1,3,62.737051048988185
1464,2715.087357940678,498,1,3,60.05577319492153
1465,2828.4669882202197,563,1,5,62.32847581133059
1466,2483.296257629397,483,1,4,0.0
1467,3906.74019716264,806,1,8,57.37020691278233
1468,2680.1902120971736,503,1,3,56.09470995133212
1469,2690.8787837219274,494,1,3,62.78429526358216
1470,3418.2292908096438,713,1,7,62.48172761960546
1471,2814.867313599592,530,1,4,58.02159033808089
1472,2433.3224961853075,457,1,3,62.48706305589594
1473,2423.178179388051,466,1,3,59.89356559706305
1474,2741.5660504150474,496,1,3,43.985704337074814
1475,2544.276232910161,455,1,3,56.78748032512964
1476,2574.0435888671905,438,1,2,79.27410696820283
1477,2700.3979103660645,507,1,3,53.29845686328384
1478,2766.407774810797,511,1,3,61.779587664944984
1479,3407.741461791999,643,1,6,76.3834625904704
1480,2632.3313035011333,515,1,3,52.98911916243196
1481,2720.2192585372977,548,1,4,53.83632885530297
1482,3368.1896607399044,635,1,6,56.35740622254931
1483,4676.959962158202,1031,1,14,53.198531942434634
1484,2733.8685839462332,501,1,3,62.47201259646095
1485,3415.326083831799,696,1,6,61.779587664944984
1486,2504.911860675818,489,1,3,59.89356559706305
1487,2735.836194248205,524,1,3,59.21328333390953
1488,5621.066884155259,1254,1,15,80.26164493894363
1489,3132.478269042978,598,1,6,79.32556150554502
1490,3380.725168132793,665,1,6,56.37829374763987
1491,7550.7475377082455,1725,1,24,78.82824848933349
1492,3098.9271097564792,603,1,6,0.0
1493,2853.081406555182,552,1,4,50.89026549177201
1494,4853.696387290955,1090,1,16,54.587584423838244
1495,2593.7273153305105,505,1,3,60.59325451040883
1496,2516.2550007629425,456,1,2,56.213570727601976
1497,2743.5557051467968,521,1,3,61.75324767573917
1498,2653.906282882695,506,1,3,57.85437843505701
1499,2673.042419428832,509,1,3,52.54102161239446
1500,2707.465420598989,534,1,4,59.89356559706305
1501,2415.4416992187594,460,1,3,53.006517489216485
1502,2465.8880236053487,453,1,3,58.34022116855018
1503,2957.5319602203444,569,1,4,62.5694139760838
1504,3655.9391801834236,740,1,7,49.01790720776352
1505,3563.3137886810405,776,1,8,53.11223916827535
1506,6678.952682495071,1450,1,24,77.20045134995671
1507,3086.476972827917,612,1,5,59.83094398084215
1508,2819.6453527832055,513,1,4,78.09620807913927
1509,2646.33776052982,483,1,3,54.15901491935965
1510,2850.590326175692,492,1,3,78.16266625934618
1511,2654.6807031917588,526,1,4,59.89356559706305
1512,2639.2445864868237,479,1,3,61.897693363692674
1513,2879.1268286800437,567,1,5,59.89356559706305
1514,2524.8500437927282,489,1,3,52.245420018102664
1515,2822.834644250877,541,1,5,59.89356559706305
1516,4516.603367576616,952,1,11,60.52208008591625
1517,2758.6280837678964,538,1,4,52.68016287992323
1518,2696.242258367543,537,1,4,59.89356559706305
1519,2517.9409263229422,472,1,2,57.9530272902755
1520,3215.1500724792554,650,1,5,52.56478960975225
1521,2657.6698121261634,504,1,3,60.777444016827396
1522,2793.6234746742302,531,1,3,57.6856416611329
1523,2420.1955761718787,456,1,3,79.35986961463271
1524,2583.232851562503,437,1,2,78.7679107668819
1525,2526.974057073597,444,1,2,53.57843422310248
1526,2926.3102839851435,553,1,4,57.88233634950071
1527,2861.471132898339,545,1,6,59.89356559706305
1528,2821.3893115901974,523,1,4,59.89356559706305
1529,3549.35305492402,704,1,6,48.41967923240102
1530,2763.635883102424,507,1,3,61.2514319057193
1531,4407.24705425264,902,1,10,57.1638771130328
1532,3401.7207645034878,677,1,6,61.24730410694791
1533,2732.1884422302305,485,1,3,61.779587664944984
1534,2961.776630630499,533,1,4,61.795724843114925
1535,3201.414299545298,622,1,5,58.85710166851583
1536,2828.484731235512,528,1,5,58.97179368447794
1537,2470.442901535037,434,1,2,59.919090878357586
1538,2479.220836534507,463,1,4,54.716104551879695
1539,2677.0039589595854,509,1,3,54.06458118693095
1540,2700.525230922705,513,1,3,58.103778532241854
1541,4036.5741255664984,813,1,10,59.89356559706305
1542,3766.2610984802423,745,1,8,54.926934140361965
1543,2994.349966430673,585,1,4,63.92722914315392
1544,8732.089366149854,1880,1,29,62.58528594069946
1545,2665.088891639713,543,1,3,47.45147212286345
1546,3259.397439765939,725,1,7,60.9618607904224
1547,4225.325381660474,910,1,10,52.72646880492754
1548,10711.092541503805,2500,0,47,50.27840869389518
1549,4553.1491553402,937,1,13,59.89356559706305
1550,2527.965256347663,518,1,3,60.58256415275769
1551,2473.4056898498575,483,1,3,62.553336025462166
1552,2956.936078777319,533,1,4,54.783396422820324
1553,2662.107403373725,480,1,3,60.6209896196644
1554,2778.980219268805,535,1,4,52.803048402404855
1555,2823.8219189453175,531,1,4,65.00888544961548
1556,3000.3029751396216,562,1,4,54.67828551750148
1557,3163.185441284186,596,1,5,79.58457946671274
1558,2541.849405593876,444,1,2,53.02968864982443
1559,2841.262593326572,562,1,4,56.3506869449881
1560,3116.001503982553,628,1,6,52.63588873094848
1561,2908.0888945770316,554,1,5,50.853113800245694
1562,2534.337775535592,474,1,5,57.811474573991575
1563,2480.077794380191,429,1,2,50.38412668115616
1564,2690.7396329641397,500,1,3,40.551797846700715
1565,2484.181897850042,454,1,2,49.279172581835404
1566,3027.034046154031,561,1,4,65.59049888673458
1567,3472.9978497123784,712,1,8,44.64193700622117
1568,2817.0581386375466,496,1,3,56.611211953972834
1569,2657.3921844482484,475,1,5,44.87644109011228
1570,3182.0855120849706,589,1,6,44.87644109011228
1571,2457.7916924285923,431,1,2,61.09442026330215
1572,3030.3948432922402,555,1,4,56.02968781803173
1573,2817.900299110419,523,1,4,61.118013915010394
1574,2546.53087326527,418,1,2,76.65425670352055
1575,2714.835690917971,468,1,3,76.98410271008073
1576,2565.4781884765675,427,1,2,77.53356359356135
1577,2661.5764483070425,472,1,3,62.42715695098836
1578,3031.3762053489727,570,1,4,50.718205549358544
1579,2778.2699071502766,532,1,4,51.513176442962475
1580,2449.7195373344457,446,1,2,54.17792350754842
1581,2820.2682444858606,531,1,5,80.00882163792002
1582,2592.902780761724,478,1,4,44.87644109011228
1583,2769.055329513555,535,1,4,59.95943605407566
1584,2722.3222513198875,510,1,3,61.587521862621735
1585,2486.551251029973,445,1,2,52.28843811221783
1586,2427.044725227362,440,1,2,52.29113479740919
1587,2499.750013599401,432,1,2,56.5274703604168
1588,2406.6828840255807,445,1,2,51.636275699295894
1589,3033.885663394938,606,1,5,58.52681397947187
1590,3332.3772769832713,638,1,6,55.2843895757227
1591,2830.249226074225,506,1,4,79.52458708612153
1592,2807.8934301757904,523,1,5,77.13810933129453
1593,3023.84865661622,582,1,7,44.87644109011228
1594,2727.0103925704993,505,1,4,61.62589096367757
1595,2753.829590873725,501,1,3,55.49146790997071
1596,2666.785409049993,466,1,3,59.8934642125796
1597,2491.8715029430437,449,1,4,44.666244059571035
1598,2865.027152938848,539,1,4,61.45510412050867
1599,2749.5137388610897,518,1,4,48.23675247683567
1600,2519.7456811523507,482,1,5,44.87644109011228
1601,2540.7277260589635,446,1,2,61.74515716586886
1602,3071.97244163514,567,1,4,51.07231899082444
1603,2407.2831314468435,448,1,3,55.298029394390355
1604,2468.656574516297,426,1,2,62.73592677914804
1605,2785.0842797851587,492,1,3,46.167042022416865
1606,2824.2728507232696,519,1,4,52.45462607868013
1607,2493.8552270507867,422,1,2,79.96299294650213
1608,2802.31887950898,505,1,3,51.27412138981963
1609,2591.904130859378,454,1,4,44.87644109011228
1610,2736.143601732258,501,1,3,51.51216151709488
1611,2737.444205322271,493,1,3,56.44702090430921
1612,2560.1263286972103,483,1,3,53.77417958956442
1613,2620.973424339296,440,1,3,44.64193700622117
1614,2640.519225463874,477,1,3,78.85017859381351
1615,2998.290990333564,556,1,5,52.030591685245724
1616,2653.353174247747,503,1,3,55.08167127556194
1617,5443.6454718017485,1178,1,16,44.87644109011228
1618,3781.934058036815,758,1,8,53.484936240290644
1619,3355.868708448418,681,1,7,55.82147185779743
1620,2927.350681762699,556,1,5,45.438592753914534
1621,3903.261387329114,816,1,11,44.87644109011228
1622,2705.647068099981,506,1,4,59.11369449198458
1623,4922.019305763245,992,1,12,54.53820218962114
1624,3089.895733108528,563,1,5,52.61543674409164
1625,2941.1200476503404,552,1,4,53.29260659377397
1626,2454.252957401282,467,1,3,51.28794926110729
1627,2695.635186233525,513,1,3,54.843499309736146
1628,2526.9413327598577,433,1,2,55.29321965585295
1629,2883.1711696243333,587,1,5,54.879393369645534
1630,2831.511667327886,566,1,4,55.08423899186744
1631,2551.9336102485718,490,1,3,54.96868081068704
1632,3069.434646148686,629,1,4,59.505828763581505
1633,2950.8432966995324,681,1,5,49.99332557934026
1634,2967.5402143859933,558,1,4,59.997629497122674
1635,2845.4313818264054,521,1,4,55.14023398185149
1636,2533.427925739295,482,1,3,56.49538497598205
1637,2897.821638145451,528,1,4,54.020176634504715
1638,2925.398604373938,556,1,4,53.369659919614065
1639,2797.8261675453255,527,1,3,55.23372738762239
1640,2506.0065604019196,461,1,2,56.32174246856845
1641,2763.8367887878485,503,1,3,51.61653183810738
1642,2506.6750060272257,434,1,2,52.345047940668465
1643,3581.631641693123,794,1,7,59.0372113938584
1644,2520.183094768529,476,1,2,54.23725440719895
1645,2460.2240414047283,433,1,2,55.539210867485956
1646,2472.041839485171,461,1,2,47.69376759874267
1647,2884.508660621652,619,1,5,55.088866178224485
1648,2822.2022359466605,567,1,6,58.19511844921296
1649,2555.872815971382,461,1,4,53.43345524065466
1650,2620.57409896851,520,1,5,56.485398895611695
1651,2659.0503172302315,533,1,5,56.485398895611695
1652,2610.244741592411,472,1,3,56.59907171636938
1653,2525.126650848393,463,1,3,56.485398895611695
1654,2450.8324462080036,458,1,3,52.13951650544024
1655,2699.9072753906294,500,1,4,82.44996507909886
1656,2595.451662597661,497,1,5,44.87644109011228
1657,2928.5287087249844,546,1,6,44.592733244806325
1658,3455.554582519543,664,1,8,44.87644109011228
1659,2551.97644042969,455,1,3,79.09449818791524
1660,2681.094838867191,477,1,4,44.87644109011228
1661,2526.4280127906836,483,1,4,81.99535996249942
1662,2826.568597488409,511,1,3,53.10071629839929
1663,2503.259078712467,454,1,2,56.1655433196976
1664,2910.049213867193,546,1,4,78.8577739618447
1665,3122.3890346908674,628,1,6,54.75291024030845
1666,2853.633549115365,526,1,4,78.64954236249942
1667,3002.373075561531,616,1,6,44.87644109011228
1668,3899.6205920219522,875,1,9,55.69840509370179
1669,2495.700483207707,456,1,2,61.399063392922415
1670,2766.73264343262,494,1,3,51.804012241825966
1671,2868.0413493156516,540,1,4,58.4026068321506
1672,3325.4751922607484,640,1,6,77.17279149980399
1673,2772.26157640458,488,1,3,56.640118961685914
1674,2465.0557299423235,441,1,2,52.09374676472229
1675,3274.542378988272,593,1,5,79.2521722753884
1676,2763.8780456161558,502,1,3,54.81077590030068
1677,2575.2466186523466,410,1,2,80.15248713663617
1678,2471.3285658836403,445,1,2,54.16532479549116
1679,3081.3806982421934,563,1,6,44.87644109011228
1680,2535.2479690551786,475,1,3,53.951938210672694
1681,2581.3190155124694,442,1,2,53.15930172230764
1682,2532.5454728126565,400,1,2,80.1145458395024
1683,2818.757072753911,464,1,3,78.76652781091393
1684,2739.783235282903,504,1,3,53.82910112150496
1685,2579.566571493151,424,1,2,73.32970041640094
1686,2689.9962301063592,501,1,3,52.400762865481354
1687,2991.4645254707398,527,1,4,56.181803883237905
1688,3121.414656829843,590,1,5,56.70175424067278
1689,2977.6052234649696,550,1,4,58.84422806623519
1690,2457.062170963291,451,1,2,52.47800394616399
1691,3157.8291101360383,653,1,5,57.0953568353916
1692,3678.4113028049546,845,1,8,56.15527328938188
1693,3032.7047729110795,567,1,4,59.074666488623286
1694,4150.031230111134,879,1,9,55.09661700493187
1695,3499.186119384774,654,1,6,73.88979023678996
1696,3279.191080932624,631,1,6,44.87644109011228
1697,3698.7245613861232,721,1,8,58.24847846190543
1698,3687.7072581863495,717,1,8,56.39755907844216
1699,4272.74026565553,875,1,11,46.172497408184405
1700,2876.54202575684,560,1,6,44.87644109011228
1701,3153.631225814827,603,1,5,52.81507471349484
1702,2940.4918761634895,548,1,5,44.87644109011228
1703,3000.9568066024854,568,1,4,56.507674871327666
1704,2607.2902281189004,488,1,3,61.68534557262372
1705,2946.749269065861,572,1,4,54.06642330213411
1706,2480.6872036361715,448,1,2,62.20563112359355
1707,2777.082431716929,524,1,3,59.05753843050505
1708,2596.22971603394,499,1,3,56.44182067855616
1709,2763.369023132329,525,1,4,0.0
1710,2750.0570613861178,505,1,3,51.31952151036203
1711,2794.9924604606695,544,1,4,52.48128981736379
1712,2791.1415521240297,532,1,5,44.87644109011228
1713,2728.6355919265793,498,1,3,56.38746667367239
1714,2445.630690803532,453,1,3,55.65799605536837
1715,2583.625354614265,458,1,2,65.8273974051796
1716,2457.0141668605866,466,1,2,56.650807055292404
1717,2469.366756515507,456,1,2,55.6842464249768
1718,2855.5407275390708,539,1,5,79.4914174477988
1719,3172.9361376953207,609,1,6,44.87644109011228
1720,2823.885549049383,496,1,4,52.50339988900715
1721,3130.1834735107495,624,1,6,44.87644109011228
1722,2651.1819456863454,486,1,3,55.65799605536837
1723,2849.2724798584045,503,1,4,57.81475815728964
1724,3011.9827281951975,565,1,4,62.56707734188152
1725,2686.4366836547943,480,1,5,44.8080568090098
1726,2664.119564857488,508,1,3,52.212086493946835
1727,2847.86470574141,515,1,3,55.89317100562931
1728,2647.8022055053752,503,1,4,0.0
1729,3458.701529941569,687,1,7,60.38414720890532
1730,2608.5703100585965,463,1,3,44.87644109011228
1731,2740.764805318125,504,1,4,77.2272543978203
1732,3184.3374621582107,619,1,6,44.87644109011228
1733,2777.848515415198,500,1,3,52.77108524652404
1734,2605.2772458839477,486,1,3,52.77108524652404
1735,3280.3595739364723,615,1,5,59.73595587800967
1736,2739.40970948935,465,1,3,77.96323239800095
1737,2804.4359728527147,504,1,3,59.578551322425604
1738,2734.7094539260934,492,1,3,60.76312171553004
1739,3011.4041880798427,554,1,4,61.112303156228414
1740,2750.244456329352,493,1,3,52.5269164404411
1741,2513.848046875003,405,1,2,80.41652010013516
1742,2730.1034045791666,497,1,3,53.24526707329954
1743,2540.7729833984413,418,1,2,80.41639539012152
1744,3229.954126358044,625,1,5,62.49746303429699
1745,2703.6602942657487,474,1,3,60.19042595834239
1746,2484.960317382817,402,1,2,78.7172471186339
1747,2732.055311088569,501,1,3,40.204116760064636
1748,2439.103537902836,437,1,2,55.26159215863169
1749,2842.105125579839,487,1,4,58.12010519110856
1750,2978.755366210947,561,1,5,44.87644109011228
1751,2957.0063937759514,537,1,4,53.66528728347924
1752,2809.793777093895,502,1,4,57.505488394147385
1753,2903.746280746469,561,1,4,54.05784096965881
1754,2926.9087116622977,518,1,4,53.09566570982406
1755,2977.444396076209,557,1,4,51.976268853935025
1756,2957.800371026999,580,1,5,57.491124162972554
1757,2703.3768088531524,494,1,3,51.837939218326675
1758,2715.758732795719,510,1,3,61.06059242836402
1759,2751.657023525243,505,1,3,61.04085985737757
1760,3488.1759088134872,672,1,6,62.298592872419434
1761,3322.0675006866545,660,1,7,59.14778164092215
1762,4620.308904094711,949,1,11,54.027889720990885
1763,4268.830750122085,908,1,11,58.8986062648007
1764,2955.7951414680547,517,1,4,56.083576660622924
1765,3075.007176818856,623,1,6,51.51033763431418
1766,3079.518212814339,569,1,5,52.04589938683569
1767,2787.4550822067304,506,1,4,53.80336422141301
1768,2780.799098510746,479,1,3,74.88466633463972
1769,3533.443611488355,692,1,8,52.329634847644
1770,3007.7872877884,581,1,5,62.58277492286651
1771,3366.10909690858,690,1,7,48.40145300797823
1772,3547.8864453125093,706,1,8,44.87644109011228
1773,2800.559588279731,528,1,4,56.490173406169305
1774,3365.0992090797563,687,1,7,52.964582375618875
1775,2584.481615180973,479,1,4,56.33335035171059
1776,2901.1259882879326,534,1,5,59.09939923574642
1777,3672.3132323837413,747,1,8,58.592991556822945
1778,3309.3115296936144,632,1,5,60.967532679465265
1779,2575.0054929351854,477,1,3,53.178526520054
1780,2940.227141799935,543,1,5,59.6598492120852
1781,3056.7826100921698,647,1,7,51.04195369189151
1782,2675.393144245153,509,1,4,61.966608387120466
1783,3012.6226529932087,602,1,5,59.08976303199316
1784,4716.211370697028,978,1,12,52.89289130856101
1785,3938.923361530319,858,1,9,55.917416150463616
1786,2855.792930755624,582,1,6,62.726066261423306
1787,3501.2981019783147,681,1,7,53.19299109117387
1788,3079.7778868103087,623,1,6,53.657171445213784
1789,2700.0102561426233,499,1,4,59.08976303199316
1790,2997.5279415321443,584,1,5,51.965033459030394
1791,2945.416687507637,574,1,6,56.46132499293311
1792,4744.672572479256,987,1,13,58.05500020912208
1793,2994.731203422552,572,1,5,50.98614694382838
1794,2712.4275520706224,503,1,4,53.155204200286775
1795,4042.1890987968636,807,1,9,52.37871266753465
1796,4763.751572322852,990,1,12,57.96994582256234
1797,2469.2597487258936,446,1,2,56.247633440512985
1798,2963.224915962226,576,1,4,56.63710180107073
1799,3150.0905161285477,638,1,5,57.00575538470751
1800,2398.823869724278,459,1,3,53.902260796812875
1801,2562.9483277893123,502,1,3,58.713574312055655
1802,3247.6687347793704,668,1,6,50.93821251599012
1803,3024.3436157965757,603,1,5,56.736570991017494
1804,3944.22012939455,835,1,8,38.8868375295405
1805,2598.365672969826,490,1,3,55.126990315683926
1806,4844.70439905168,1013,1,12,52.16098486069754
1807,8201.078951072637,1960,1,31,59.63650280241074
1808,3247.108211650861,658,1,7,76.58034570373394
1809,2445.134948883063,447,1,2,59.83519613333187
1810,4003.148785839094,912,1,12,57.550641814290245
1811,3036.6520016670274,575,1,5,57.160869283202224
1812,3018.8811500167926,552,1,5,78.42762984141196
1813,2817.066709899907,530,1,4,54.0583496855017
1814,6394.54611278531,1372,1,20,55.071173798325205
1815,3177.7066358566385,600,1,6,51.06241872642904
1816,3530.3652452850456,703,1,7,61.458117295969224
1817,8417.834237251222,1997,1,32,56.4928985777067
1818,6961.094096298185,1569,1,25,56.808990700708556
1819,3816.6676766967853,782,1,9,52.35126711429599
1820,2722.0458726120046,534,1,5,59.77338048968153
1821,2576.3262915611326,495,1,3,58.78294477254683
1822,2406.7533603191423,445,1,2,58.55398466876038
1823,2473.4567583465605,418,1,2,59.4975378575508
1824,2502.4399639320454,479,1,4,56.90739959225984
1825,2688.0245195770312,528,1,4,59.8091188149944
1826,2857.2059957885813,518,1,4,56.902031549870934
1827,2838.926551132211,516,1,4,53.72386254930484
1828,2793.922165431984,503,1,4,50.43933251715916
1829,2518.568182258611,481,1,4,57.39472821653921
1830,2819.5916030502353,542,1,4,62.243601350222015
1831,2605.5487957763744,551,1,6,44.87644109011228
1832,2681.0536764717176,507,1,4,58.13622357334831
1833,2998.2721507263227,604,1,6,57.09968017265218
1834,2560.7926485967664,459,1,3,39.85282036207296
1835,10160.390264091398,2307,1,39,63.517656595439604
1836,3434.1270197868466,725,1,8,55.727091217049846
1837,2854.6813017082254,569,1,5,53.17260919668377
1838,2545.9839696884223,505,1,5,53.923727351057586
1839,3315.2184124565147,787,1,9,58.53712971586151
1840,2925.3551227188154,592,1,5,48.34766355034304
1841,6365.802229101634,1674,1,24,53.47422855365589
1842,2822.4169145202677,507,1,3,59.060297468107905
1843,2699.2518090820377,467,1,3,77.93043277465041
1844,3577.9544004821832,728,1,7,50.02963414114396
1845,3700.323939704902,820,1,9,52.538308275316524
1846,3141.160797119147,610,1,5,78.95040305746852
1847,4806.705005569464,1099,1,13,55.5460171878642
1848,2480.0280152034825,479,1,4,40.666116578295465
1849,2628.2896525192273,501,1,3,58.98014024380194
1850,2475.545493545537,438,1,2,58.027163053863575
1851,2757.779671134958,543,1,4,53.23320004458927
1852,2722.7638342094488,494,1,3,55.374139659036466
1853,2576.916047363287,496,1,3,54.72447675003651
1854,5573.158899536133,1193,1,14,83.59583006497333
1855,2736.831621093755,509,1,4,39.74407173212213
1856,2636.1100897979813,524,1,4,59.780650098776555
1857,2552.879914550786,441,1,3,44.87644109011228
1858,4699.180698242197,973,1,11,76.56417357349282
1859,2795.4130886888584,552,1,4,53.04343242007625
1860,3042.02985485078,601,1,5,52.14715557755342
1861,3093.7804710197547,606,1,5,57.30360555187214
1862,2661.8816552734447,477,1,4,48.15400672293892
1863,3059.2742138671956,626,1,6,79.81177454752003
1864,2592.828829746252,486,1,3,56.78692816710214
1865,2547.0044186782875,494,1,3,62.01643524209891
1866,2536.6567529296954,497,1,4,79.82966204012139
1867,2730.423712787635,537,1,5,79.0310603112743
1868,2579.5457867431687,476,1,3,59.280970426054274
1869,3596.546420860298,725,1,7,56.531158394278734
1870,2399.535077838903,421,1,2,51.65854459223842
1871,3129.722389507304,630,1,6,44.61977366605699
1872,2719.1392747783725,508,1,3,39.92572891355591
1873,2826.044021606453,550,1,6,44.87644109011228
1874,2845.8639001464867,572,1,6,44.87644109011228
1875,2553.518952827458,461,1,3,65.39370129357854
1876,2527.7381167984063,462,1,3,61.07330236371027
1877,2517.505897750858,443,1,2,55.868704615743056
1878,2690.457183189396,489,1,3,53.8215000879417
1879,10301.326232910007,2500,0,43,38.13276306044444
1880,6110.015733222951,1261,1,19,59.63199646496795
1881,3829.157717361466,808,1,10,48.4265956255981
1882,8659.579372291484,1801,1,30,48.13866316525448
1883,8548.56149496072,1798,1,29,55.65237444443108
1884,2485.9177924728456,492,1,4,58.57061949816457
1885,10233.82425353996,2166,1,38,44.87644109011228
1886,2600.424350051885,521,1,5,0.0
1887,5380.7255151367135,1122,1,16,44.87644109011228
1888,4767.259636592864,955,1,12,53.1778188603538
1889,4570.2010835838455,884,1,11,79.42959241248285
1890,11438.013452663257,2418,1,40,52.50074703851036
1891,3812.0891151809815,773,1,10,55.337804916321346
1892,5606.659346218102,1164,1,18,58.351964093056786
1893,9096.117466688102,2085,1,34,51.50731107952182
1894,2874.678501091012,542,1,4,51.65149441256488
1895,3223.6921978759856,646,1,5,46.7154624844396
1896,4205.982731580747,860,1,10,78.86096155244715
1897,2449.8832997131385,461,1,3,52.55894144693848
1898,2996.8770803070106,567,1,4,54.07422665335234
1899,3627.464385442745,706,1,7,59.89356559706305
1900,4696.474929180147,978,1,12,59.89356559706305
1901,2705.3519010353184,516,1,4,57.02740836156678
1902,2709.2023381042527,531,1,4,51.88108296772079
1903,4971.765919437413,1048,1,15,55.44029286866161
1904,2676.0583421325723,492,1,3,61.10251535267674
1905,2509.6962333297797,452,1,3,45.69315340048115
1906,3027.6479755973915,637,1,7,61.56568778923344
1907,3080.475112266548,614,1,5,61.6631611864229
1908,3047.355818500526,643,1,6,56.85159772687848
1909,3637.3010460662917,776,1,8,56.065696811654185
1910,2529.049037704475,497,1,3,61.08557427866481
1911,2897.292625885015,586,1,4,56.17094194621762
1912,2861.3682040786807,572,1,4,52.707859819809116
1913,2714.1275106239364,536,1,4,56.00736316311175
1914,2622.5675031185206,520,1,5,59.89356559706305
1915,3133.74697821618,711,1,11,59.89356559706305
1916,2682.128020782478,499,1,4,80.83483755274356
1917,2537.6259350585974,436,1,2,59.08056591935262
1918,2829.8461890411418,544,1,3,56.94608270946847
1919,2751.372027044301,541,1,6,59.89356559706305
1920,2559.5490942382844,448,1,2,75.19457346755357
1921,2807.372407903676,558,1,6,59.89356559706305
1922,2666.0585480403956,524,1,5,59.89356559706305
1923,2561.3644911575357,521,1,3,55.86364672320256
1924,2981.6263569545827,599,1,5,78.89119514337153
1925,3341.9748474025832,668,1,6,59.89356559706305
1926,2625.056812200551,537,1,5,59.89356559706305
1927,2541.494749212271,465,1,3,59.89356559706305
1928,2741.838504095082,569,1,6,59.89356559706305
1929,2569.4563260269206,479,1,2,51.29607117118506
1930,2865.1788971614924,569,1,5,59.89356559706305
1931,2767.046584472663,597,1,6,56.61175283677247
1932,2682.3534665536945,524,1,5,58.02159033808089
1933,2707.2394489669864,588,1,4,62.47091600027052
1934,5477.070563507073,1220,1,16,60.665093752922715
1935,2997.108689842227,582,1,4,50.07914121570377
1936,6192.940190429676,1269,1,17,73.03787134126469
1937,5326.825665483459,1147,1,18,59.89356559706305
1938,6537.2371183395235,1390,1,18,61.3934020086262
1939,3297.160738601695,663,1,10,80.46473051312852
1940,3534.4640841674945,684,1,8,59.89356559706305
1941,4170.796806640642,829,1,9,77.95936330805536
1942,8536.865227050666,1834,1,37,77.62105370546351
1943,2832.229535722739,545,1,6,59.89356559706305
1944,2844.49866735459,519,1,4,75.93280221505202
1945,2986.3567340087975,589,1,7,77.6488594079352
1946,2576.9052064132743,479,1,3,62.71170216223895
1947,3447.873710327158,696,1,8,44.87644109011228
1948,2677.4269288826063,501,1,3,61.73235388609692
1949,2554.00905990601,470,1,3,62.68729823189417
1950,3578.1992742920033,698,1,9,78.57853519196563
1951,2546.220728416448,464,1,3,56.495381215037064
1952,2818.5253177261416,517,1,4,46.22979486161918
1953,2721.891224021918,519,1,5,59.89356559706305
1954,2693.8906156539956,500,1,3,61.09282762349789
1955,2436.914719581608,445,1,2,61.491584145317404
1956,2872.525879783633,539,1,5,0.0
1957,2528.47728759766,459,1,3,77.43107313291992
1958,2652.327048988347,499,1,3,56.404463957862944
1959,2541.966929969793,467,1,3,59.777741114177864
1960,2425.4367523574892,448,1,2,61.20617901535315
1961,2583.925027532583,454,1,3,59.89356559706305
1962,2527.4609382343333,429,1,2,76.95272810767364
1963,2550.1748004818005,448,1,3,59.89356559706305
1964,2675.1550670051624,528,1,3,51.78374853301698
1965,2741.075404663088,499,1,3,76.91340133028051
1966,2698.569822044376,534,1,3,61.79879676594671
1967,2832.9276088905353,529,1,3,58.611086502133155
1968,2989.381013183598,591,1,4,60.20366829850915
1969,2766.008610906607,533,1,4,59.89356559706305
1970,2538.9070141601587,451,1,2,78.73458197818879
1971,2646.8956238937467,524,1,3,60.90417157255103
1972,3226.029083538061,640,1,5,51.9514290124238
1973,2813.9749993896535,552,1,5,56.63746571002919
1974,2844.466818771366,622,1,6,53.30756744895999
1975,2505.400559196476,457,1,2,46.81085853312887
1976,2939.829994850164,591,1,5,61.491584145317404
1977,3007.3667816162165,560,1,4,76.77594411037552
1978,3348.55373298646,679,1,6,59.933173240447786
1979,2996.674577636729,584,1,5,79.32150015105982
1980,3219.979793252958,603,1,7,56.49950036268847
1981,2805.0877331543,566,1,5,59.89356559706305
1982,2571.161075572972,471,1,3,59.41733534925019
1983,2722.1609838104296,492,1,3,49.94412863806866
1984,3638.709663543711,762,1,8,62.59210213550315
1985,2899.4733587646538,558,1,5,56.58247180824579
1986,3179.2854681396557,588,1,5,57.954560835276624
1987,3679.5912072753977,822,1,11,56.3928995902326
1988,5301.677642440788,1250,1,20,62.62847096252429
1989,3174.1889551448917,656,1,8,59.89356559706305
1990,2945.604973392491,561,1,5,56.16172788238177
1991,2442.0917601585406,425,1,2,58.99323019764799
1992,2954.8772428512675,535,1,4,62.28613199613576
1993,2665.9148501586988,524,1,4,56.190658143635765
1994,2759.378911132819,529,1,5,57.92628509374727
1995,3470.918920440683,779,1,10,56.24270764806575
1996,3601.79043773652,763,1,8,62.66096959651212
1997,2741.824108483795,538,1,4,54.11158303323545
1998,2820.831766796114,535,1,4,57.619051015829605
1999,2753.5507144165113,544,1,4,56.190658143635765
2000,2947.5408096694982,543,1,4,57.04349436500302
2001,2934.2131529712747,558,1,5,59.16407368191686
2002,2662.343599052437,544,1,4,57.61697759100132
2003,2750.885381827355,482,1,3,59.87290300048265
2004,2771.9607017135686,552,1,4,62.49581830396554
2005,2888.850117106444,529,1,4,55.9630161227773
2006,2521.7124150848413,447,1,2,39.13898527224353
2007,3981.155553512582,936,1,11,60.976075421784905
2008,4220.4816986847045,941,1,9,62.10294262730943
2009,2572.673628997806,495,1,3,61.879261172268876
2010,2568.068848533633,454,1,2,48.118823107481674
2011,2829.8744533157405,502,1,4,40.29530817260237
2012,2828.9747093963656,531,1,3,51.942596760716164
2013,3072.562264900213,601,1,4,60.983775775369196
2014,2893.080576629645,604,1,5,47.51064520157546
2015,3428.0261067962733,672,1,6,61.94313974743867
2016,2523.5804666137756,487,1,3,62.36777199577456
2017,2831.7341515922612,568,1,4,59.71570517292472
2018,2561.413402023321,433,1,2,47.49987901907669
2019,2790.8498913574253,506,1,3,35.98748891738056
2020,2810.0963754081763,543,1,4,59.0392433715149
2021,3905.7634257793516,835,1,12,46.71695691885791
2022,2500.5857308578557,469,1,3,60.231284119227965
2023,3047.7290564155637,582,1,5,49.692684461125985
2024,4350.518474006664,965,1,12,53.62091719816518
2025,2526.5124196624797,447,1,2,62.398894148214886
2026,2508.8090710449264,496,1,3,44.53416733872514
2027,2539.919503326421,479,1,3,43.506010657559514
2028,2385.4813641738924,429,1,3,47.30400883267056
2029,2571.580289726262,446,1,2,38.688478310749666
2030,3054.8089418983545,607,1,6,78.369125434814
2031,3088.668404216773,599,1,5,34.38522047911686
2032,3161.367391834268,647,1,7,47.86324716139138
2033,2612.02982606888,450,1,2,36.64067820647012
2034,3167.708256835945,594,1,5,80.52283078184503
2035,3084.0986589050344,652,1,6,60.35622314939335
2036,2500.9695930481016,490,1,3,61.78996580803365
2037,4949.794348716741,1060,1,12,61.0764770587187
2038,3819.1381921768307,805,1,8,50.800866875027054
2039,2791.930081024176,543,1,3,55.885114030892964
2040,2782.352847728736,522,1,4,42.77309676139137
2041,4855.502202224743,1050,1,12,60.00761614035364
2042,4381.684794902816,935,1,11,36.68973716427179
2043,2972.212828979497,607,1,5,56.65205322931877
2044,2505.6397523307837,493,1,3,59.937832841505475
2045,4714.4578284835925,1012,1,12,62.705795204035546
2046,2772.732043476111,509,1,4,58.40571549237742
2047,3285.7062273597817,612,1,8,42.98850540390686
2048,6351.715486526452,1405,1,31,57.825857637336355
2049,3057.3793024826145,601,1,5,52.16657025320038
2050,3255.59053318978,746,1,9,54.46247257039391
2051,3003.365528182992,641,1,7,58.217127501744145
2052,2730.776884725099,518,1,3,37.131235915551734
2053,3121.5911438942044,650,1,5,40.30646526301038
2054,4714.668260059361,1032,1,12,57.93462893113522
2055,2508.255328426364,462,1,2,48.15514600831258
2056,3043.7543165588445,653,1,5,60.401271457544745
2057,2879.326355323799,542,1,4,52.321924823125585
2058,4459.043643188484,975,1,17,56.613002433456664
2059,3299.520136089332,664,1,6,57.24221085370061
2060,2832.3856659698513,511,1,3,60.281529739861504
2061,2620.342582817084,499,1,4,55.590801483773795
2062,2826.1563903617916,531,1,4,57.24221085370061
2063,2895.483364677434,545,1,5,52.2185458035343
2064,2822.9516739654596,541,1,4,51.86534655970971
2065,2456.1130204200786,430,1,2,60.66021990824094
2066,2531.054739494327,499,1,3,56.3453184487873
2067,10606.16397304527,2350,1,38,53.85972703833398
2068,2643.910991706853,443,1,3,46.8192714574997
2069,3765.802075538647,737,1,8,59.49577565332354
2070,9952.738525390594,2050,1,34,59.40732614157128
2071,3078.1058329391567,606,1,5,53.94685166988193
2072,11911.750082397259,2500,0,44,33.00931870913601
2073,8862.003124618479,1800,1,28,61.39296093892027
2074,3167.3234760284536,615,1,6,56.470657648144496
2075,2530.0821515274074,429,1,3,61.31539732077829
2076,3978.4926941681088,801,1,9,60.19629127058505
2077,10361.910531616086,2500,0,46,35.35180167900422
2078,5220.413336429595,1092,1,16,53.99567737739715
2079,3014.860233116158,585,1,5,62.711030707640276
2080,8370.661268730124,1689,1,26,52.59500944160305
2081,5994.274971313481,1154,1,16,59.96965897183581
2082,3655.4475776291015,732,1,8,60.979273454966716
2083,2921.3213856506377,516,1,4,60.70389137819566
2084,3515.9745181655994,702,1,7,47.09900055948883
2085,2774.622648763659,465,1,3,56.508617742175105
2086,4881.703758850114,973,1,12,58.77146162679383
2087,2981.3770299530092,547,1,5,59.362074007616506
2088,6403.304058628067,1336,1,18,40.35208267726347
2089,11457.428143253212,2388,1,39,42.54141522800925
2090,6904.014947967523,1456,1,21,39.02137595405785
2091,3737.5433413124247,752,1,8,50.33498941586154
2092,2985.916841773991,556,1,5,48.89723646404692
2093,2642.736076774601,508,1,4,48.14888737177417
2094,3047.5278926658716,586,1,5,54.24952809297271
2095,2422.948905639652,456,1,3,50.3990922082405
2096,2711.7613094329886,515,1,4,51.08258117637061
2097,2963.1092057418864,569,1,5,54.2944287154088
2098,2721.5304444122353,506,1,4,54.671624902495594
2099,3091.8415403747654,573,1,5,56.74140869179709
2100,2597.918795709615,456,1,4,54.47850473273623
2101,2691.051898422247,513,1,5,55.882946151745436
2102,6705.176456432329,1401,1,20,55.41870094866526
2103,6918.1124958228775,1469,1,21,52.225257041394556
2104,2390.792361087803,419,1,2,58.63603870097935
2105,2399.833854036339,451,1,3,55.19956894152107
2106,5115.202529830935,1084,1,14,51.289134419404334
2107,3191.2516410064777,609,1,6,54.439296971594516
2108,4298.083779296886,882,1,12,44.87644109011228
2109,2816.8668725586017,487,1,3,50.52542263002489
2110,7044.83075479027,1502,1,23,44.87644109011228
2111,5952.487545356738,1212,1,16,56.00870940223439
2112,2554.45935354233,420,1,2,55.793509219202114
2113,2790.4477378845254,465,1,3,53.47381838174866
2114,2626.5723699569735,465,1,3,52.71847224938137
2115,3360.6076864195015,684,1,7,54.610668989111105
2116,2727.524392399795,537,1,4,53.91170707599435
2117,2468.04772443772,430,1,2,54.48223512335816
2118,2601.648957271579,424,1,2,46.28068942434248
2119,2843.107427024847,495,1,3,59.209883855912764
2120,2483.88280864716,492,1,3,56.225956730814204
2121,2802.7531096744615,506,1,4,50.65194865133815
2122,2793.34520088196,492,1,3,57.530900906640014
2123,2561.5716244506857,426,1,2,79.74481294138947
2124,2521.73449178696,467,1,3,55.84373898620937
2125,2559.1421484375046,473,1,4,0.0
2126,2552.984778766635,441,1,2,59.297281443447886
2127,2804.343891620643,500,1,4,55.99470836008241
2128,3055.38487964631,587,1,5,52.442138739107875
2129,2828.022402172096,516,1,3,50.572426109926205
2130,2740.99792610169,487,1,3,56.28396969756709
2131,2498.446802453999,456,1,2,54.870058705674005
2132,2453.3079627609295,462,1,2,47.41848353142548
2133,2577.587780952461,465,1,3,57.28973135030752
2134,2933.964546127325,534,1,5,44.87644109011228
2135,2582.722246742255,470,1,3,56.699539414872476
2136,3223.503606967933,601,1,6,50.390028760389214
2137,2739.13081943512,484,1,3,61.39720513645016
2138,2623.25310539246,458,1,3,61.65810794386156
2139,2522.6814570236243,446,1,2,61.78951733687789
2140,3011.245520820623,603,1,5,60.91647083990628
2141,2487.277338390354,456,1,3,51.95437345005635
2142,2767.707184486395,496,1,3,56.284481045209006
2143,2554.3978462982245,471,1,3,60.723408494771185
2144,5504.486296043399,1227,1,17,58.70200539866081
2145,2780.558090505605,532,1,4,58.793661934277644
2146,2484.8162489318893,428,1,2,52.57176175401816
2147,2970.7751872253466,564,1,4,58.53819643981793
2148,2782.2075752258343,495,1,3,54.01359802861998
2149,2752.3406684494084,547,1,4,57.977850181049554
2150,3171.4363943481544,608,1,5,58.8920151630712
2151,2633.573260993961,484,1,3,55.16545701418688
2152,2883.655526466379,574,1,5,53.9632162086527
2153,2538.606144218451,461,1,2,54.7770682582396
2154,2732.523257427219,531,1,4,52.45326390423242
2155,2629.9290236854627,508,1,3,58.217533555453876
2156,2752.4086244678565,577,1,5,58.65971882190446
2157,3170.74193950654,632,1,5,54.582202450104006
2158,2705.1618013381985,525,1,4,51.98050942077624
2159,2908.2330252218303,601,1,6,52.574202486855896
2160,2483.568099365237,457,1,2,52.21656337309287
2161,2770.0223334693987,538,1,4,51.058061103452125
2162,9160.021921501107,2052,1,32,47.03614592936105
2163,2695.1608033180282,520,1,4,55.92604073458191
2164,2731.1465639877374,506,1,3,53.846566686606465
2165,2767.0546020507877,540,1,4,44.87644109011228
2166,2936.166516408924,587,1,5,54.23797573901969
2167,2762.7837639427266,527,1,4,58.93814831446286
2168,9235.525143432575,1990,1,29,56.1618871955542
2169,3146.04616149903,623,1,6,44.87644109011228
2170,2918.1161290550294,573,1,4,55.099899062609936
2171,2767.0571926325642,520,1,4,79.42425204572012
2172,2666.8485624313425,510,1,3,56.79720663864794
2173,2801.9998859787047,523,1,4,58.544888699900646
2174,2787.565013885504,520,1,4,56.466376419063515
2175,4748.72788162233,990,1,12,57.44158662216681
2176,2788.815168457041,506,1,4,79.69472702434089
2177,2837.670949296958,546,1,4,45.31790398431345
2178,2474.0153433895166,437,1,2,57.18452245715456
2179,2563.7546489334154,492,1,3,52.163214297766245
2180,2588.5713173294093,493,1,3,57.601108404922925
2181,2680.249974250798,490,1,3,46.98533212759215
2182,2641.133784179694,486,1,4,79.59588722034138
2183,2682.744685058601,486,1,4,79.69472702434089
2184,3385.0054684448332,726,1,8,46.1082614033519
2185,6042.347332487098,1287,1,18,76.95873763170894
2186,3540.6396197509907,739,1,9,48.24924109011228
2187,3020.0664065170367,631,1,6,54.19018674721596
2188,4885.020194282545,1183,1,17,47.8077598703476
2189,4488.826179924025,1008,1,15,56.19404299153909
2190,2958.420018920908,597,1,7,77.74005700966185
2191,3400.0507909107328,756,1,9,49.51822828624783
2192,2686.2680001878766,483,1,3,52.37857748626184
2193,2785.352538490303,535,1,5,0.0
2194,2604.079230949883,472,1,5,48.22225869011228
2195,2816.060061798105,547,1,4,41.37323961234101
2196,2607.8677278900213,488,1,4,57.66789284846402
2197,2594.2148608398497,489,1,3,79.69472702434089
2198,2647.319698729517,483,1,3,79.40423743761754
2199,2969.826677246101,544,1,5,45.02645570521274
2200,2739.1381982421944,502,1,4,48.415022040938254
2201,2612.765253906257,486,1,4,78.74259990351408
2202,2641.0198339843764,468,1,3,79.02487336916295
2203,2815.340272064216,524,1,3,56.6676965691417
2204,2487.6853906250067,502,1,5,79.69472702434089
2205,3637.8899752473903,792,1,8,40.9071919775324
2206,2933.68250183106,568,1,5,48.24924109011228
2207,2509.652281799323,463,1,3,56.79720663864794
2208,2778.751511230476,528,1,4,79.69472702434089
2209,3252.121887207043,655,1,8,44.87644109011228
2210,2862.4192569351253,512,1,3,43.946088364096475
2211,2549.7154039382986,460,1,2,46.323604416881096
2212,2530.3036553764373,458,1,2,38.94797316779937
2213,2558.017481422428,445,1,2,59.09619598071763
2214,2956.402768697746,568,1,5,53.539751530173355
2215,2497.10247016907,432,1,3,53.47698964939808
2216,2788.7019402885508,523,1,3,54.049754731115144
2217,2753.1385880422663,504,1,3,56.888758161982715
2218,2867.3675879097054,567,1,4,52.90871230162661
2219,2774.895336685186,527,1,4,56.396742795631546
2220,3050.4137442779597,579,1,4,56.90257224265321
2221,2953.4022431564385,589,1,5,61.9727448603261
2222,3792.4840046310537,848,1,9,53.599185911925964
2223,5507.067228155131,1226,1,16,57.810627749492035
2224,3884.2705561924067,806,1,8,59.20231346684233
2225,5044.068784399032,1119,1,15,80.63026757711036
2226,2578.1610935783433,437,1,2,55.5446168929305
2227,2512.140521621709,425,1,2,52.100103939406466
2228,3250.7973348331557,634,1,6,53.919878921112044
2229,3017.1463861084017,572,1,5,44.87644109011228
2230,7495.19353599544,1660,1,24,57.76988497133971
2231,2945.8579776430215,588,1,5,58.61686690581333
2232,2882.5762298584054,590,1,5,62.08994218971078
2233,3241.0992224884153,634,1,6,61.63222948396405
2234,3215.5472497177243,664,1,7,55.687770261259445
2235,2716.1806126785323,524,1,4,52.89636402068789
2236,4282.271173400893,994,1,13,61.37855440911548
2237,2761.7961585617145,512,1,4,60.844212995841225
2238,3141.6346766471975,655,1,6,60.155533246283234
2239,2788.777427806862,553,1,5,56.7969391531445
2240,2571.6120512008724,500,1,4,61.78638215492178
2241,2873.5187005996745,565,1,4,62.41260558397304
2242,2981.8905071258637,595,1,5,41.89500877378085
2243,3135.3298871231164,619,1,6,56.73529077117918
2244,3380.839241943368,682,1,6,62.08994218971078
2245,2911.164424324042,590,1,5,50.41751596024668
2246,3760.062348594678,778,1,8,61.7986333462387
2247,5698.557509841913,1288,1,19,59.872637601578404
2248,6912.439910583443,1671,1,29,62.194452741832905
2249,3707.490172576915,770,1,10,51.54130974931228
2250,3299.4535134494395,695,1,9,78.95128442565155
2251,4175.174179077159,925,1,14,78.00701527704004
2252,4512.522836914076,988,1,13,76.21548391952297
2253,3416.4539305114813,683,1,7,64.3781779520088
2254,3455.4490844726656,700,1,7,80.12991397586921
2255,3051.1932080078186,546,1,5,78.81529830474919
2256,2776.5589762497,516,1,4,53.2356517098781
2257,2836.26815380097,533,1,4,58.927164803363446
2258,3295.404694299704,621,1,5,76.9070492028273
2259,2782.3513162994454,503,1,3,61.73383953023286
2260,3142.966552181254,589,1,6,54.4426742588547
2261,2660.212489013677,521,1,4,62.03553540793006
2262,2881.827084922799,565,1,4,55.205677559155845
2263,2534.088032035833,471,1,3,59.867557275886625
2264,3665.2316184616184,757,1,8,58.60505300641064
2265,2714.1553676605267,515,1,5,0.0
2266,2837.481984443667,539,1,3,58.455746070915055
2267,2776.048223419191,509,1,3,53.910412733002175
2268,2746.274415931705,507,1,3,55.84250511766495
2269,3116.2632459640563,560,1,5,61.089527032336655
2270,2843.7205921745367,517,1,4,56.77264095574552
2271,2995.5813032531796,553,1,5,55.90114179361401
2272,3034.350004386908,570,1,5,59.890786515068925
2273,2524.1336677742047,469,1,3,56.320580375257656
2274,2490.8228346633946,431,1,2,46.65180715345184
2275,2435.7060180664107,460,1,3,44.87644109011228
2276,2631.3109407806423,518,1,3,55.696536297217456
2277,2653.9309016037055,511,1,4,44.87644109011228
2278,2934.664036064153,541,1,4,56.823209121509365
2279,2948.4400911045163,574,1,5,55.27419390319674
2280,2892.964791145328,583,1,6,47.645413936435745
2281,2815.441133060458,528,1,4,58.18669094036066
2282,3241.3074909877855,624,1,6,77.12381752936683
2283,2833.918543586732,517,1,3,59.110957131769084
2284,3149.2760394287175,644,1,6,44.87644109011228
2285,2620.3152978515654,482,1,4,80.61177360387784
2286,3073.1630911398006,576,1,8,44.853829174105485
2287,2721.553065624242,493,1,3,58.93211706133803
2288,2722.891325607307,513,1,3,49.73971210184873
2289,3216.620895452508,659,1,7,59.89356559706305
2290,2565.774522266392,462,1,4,57.55424269978046
2291,2450.0791102600147,439,1,2,60.94553416229866
2292,2718.2107006835977,466,1,4,59.770276076051786
2293,2771.6572705078165,476,1,3,48.42537691708352
2294,3110.4008352279766,600,1,5,50.10846158692298
2295,2743.456947031027,538,1,5,53.73126884890186
2296,2782.9872270965616,528,1,4,58.35340238992583
2297,2710.7244386863767,529,1,4,52.86815181859372
2298,2703.9119475173984,476,1,4,50.97489310264536
2299,2625.475711555486,494,1,3,46.45881211255003
2300,2650.055691661836,488,1,4,59.199763532083914
2301,3323.8895621872,652,1,7,50.24977153816593
2302,2758.7298434448294,559,1,4,49.68746516702697
2303,3294.4238338852,743,1,9,56.31033083573318
2304,3014.609025268564,616,1,7,53.92031796846947
2305,10920.277191162017,2500,0,43,38.80563493111504
2306,3984.310136737835,943,1,15,51.249414094685
2307,2681.6732023620657,523,1,4,57.87074146564795
2308,3813.9819524002182,764,1,8,57.68610196447974
2309,5690.193723182664,1231,1,16,53.83872414044718
2310,2908.409920501715,585,1,5,48.47158949482762
2311,2426.2292645168322,444,1,3,55.29748651383797
2312,2903.6464428329527,573,1,5,56.673437403297676
2313,2762.5720938110417,568,1,4,60.91338619759917
2314,2684.935177574163,527,1,5,56.673437403297676
2315,2575.0190514183105,487,1,4,59.36767802401379
2316,3826.0139696502806,818,1,10,52.25907580348064
2317,4192.406652793897,952,1,13,45.516251820816464
2318,3631.678598709112,789,1,10,48.17994691639995
2319,3123.361050119406,633,1,8,51.234336607796294
2320,3226.2183792090486,682,1,8,52.33979285783517
2321,3410.8140639114467,661,1,6,54.504677665888316
2322,3029.746403465278,577,1,4,39.713402867658495
2323,5517.216116671559,1171,1,13,41.57180218391511
2324,2726.461286487582,518,1,3,59.346591359137605
2325,2723.9108965396936,540,1,4,39.82999834039147
2326,2466.3271177291895,480,1,4,51.16685309258222
2327,2710.952139091495,565,1,5,59.542060435552
2328,2643.746663701537,535,1,4,54.74537417305137
2329,2830.855723495485,564,1,4,56.95296237354977
2330,3493.033383407599,713,1,7,36.029578288377344
2331,9826.685263061403,2500,0,50,45.42928928040161
2332,4253.570808739679,964,1,13,53.709578537612856
2333,4156.450960483566,883,1,12,59.80820038617689
2334,3817.857473964697,784,1,9,56.503998941688984
2335,3252.9931438636827,659,1,5,52.71482558933507
2336,4989.992573952668,1045,1,12,55.292628455632695
2337,3720.4053625106917,835,1,9,53.756037306702105
2338,6348.19142456053,1440,1,21,40.927285657446774
2339,3596.3449250221365,710,1,6,38.8988809912217
2340,2554.9936142730776,486,1,3,51.26503327506982
2341,2804.3396288728773,532,1,4,56.47889294848612
2342,4402.367081222543,1007,1,12,42.472348412886525
2343,8338.375158567373,2104,1,28,52.5615190893162
2344,4778.893849525449,1022,1,13,40.87511046498317
2345,5903.568537950506,1245,1,17,41.21072399562885
2346,4623.484816284181,1059,1,15,48.07358929525016
2347,5063.229948120113,1286,1,16,51.48031284264873
2348,2544.5166005325345,489,1,3,53.18188419426169
2349,3169.5718710661035,645,1,6,54.126364754629776
2350,2497.098889064793,445,1,2,55.30734147372521
2351,7160.552906818356,1564,1,21,56.27209817010483
2352,2494.9152616882348,488,1,3,58.79033861158547
2353,2843.09309143067,533,1,4,54.09277686765624
2354,3068.638607521066,564,1,4,53.09978547769308
2355,4621.055823593147,951,1,11,51.0541028793093
2356,3602.1919551467945,777,1,8,51.093131423354734
2357,3688.756428718578,735,1,8,51.10825922172569
2358,2950.115069427498,603,1,5,58.82009826118773
2359,2724.8202286720334,545,1,4,52.993223339426784
2360,2743.447629547123,515,1,3,54.90282461166152
2361,2837.1058081054775,563,1,6,51.18140677775715
2362,3362.7159948730546,693,1,6,52.03179898674307
2363,2978.2021142864305,593,1,6,52.05122395011862
2364,2571.430520305638,492,1,2,52.54073194059062
2365,2705.3747608184817,490,1,3,58.98211423660627
2366,3434.370453491223,658,1,7,51.157868265887274
2367,3894.702857027063,772,1,9,46.93269696065358
2368,2726.522534179694,530,1,5,81.50257524195327
2369,4184.39028978349,900,1,10,56.223409856176836
2370,5122.434060058597,1082,1,16,77.65708447578189
2371,2871.32608222962,560,1,5,60.906467088602334
2372,5964.905999050119,1382,1,26,47.85765268507611
2373,2871.363941192631,520,1,3,56.59031339437393
2374,4636.226272182471,936,1,11,50.705035628078214
2375,2925.6537283325265,573,1,4,61.27718751625012
2376,5089.832078971849,1068,1,12,56.238742027751464
2377,8099.288930969189,1751,1,24,52.766933319725986
2378,3098.5837915039133,607,1,5,44.87644109011228
2379,2500.50961893082,476,1,2,56.621181078313526
2380,10679.034619140508,2500,0,41,35.65182123146724
2381,3554.6686135482887,734,1,7,62.35829485688735
2382,4224.4971180343755,958,1,11,55.941962723174896
2383,2659.4017720413235,509,1,3,61.42838636414621
2384,3538.645402107246,722,1,8,51.123334230308764
2385,5905.935212516777,1250,1,19,61.21321636310161
2386,3103.937099151621,616,1,7,44.71427635264179
2387,2588.433315429693,487,1,4,55.09077328091406
2388,11509.92223384842,2431,1,42,52.972399121250234
2389,5405.054859600056,1132,1,15,56.22707520514088
2390,4554.371063251503,949,1,11,57.91863940915755
2391,6690.1585139083645,1426,1,19,61.87178712308238
2392,6072.913247070297,1327,1,19,44.87644109011228
2393,3389.61935588838,704,1,7,52.72642873315288
2394,2602.1681285476698,527,1,4,52.99738515502376
2395,4047.4920947265737,804,1,10,44.87644109011228
2396,5972.131145133961,1203,1,17,50.94271464105976
2397,4074.071880416889,811,1,10,61.449058382843866
2398,2555.7065112686196,492,1,4,55.81696973408319
2399,2695.636445999152,525,1,4,53.779079195727995
2400,2508.208315963749,469,1,3,55.31854085913711
2401,5127.3360041427595,1031,1,13,59.606435245340435
2402,3572.1336403274654,733,1,8,58.06266302875035
2403,2524.582741851811,474,1,3,51.73063677283479
2404,2525.7723968696673,494,1,3,55.25244355485779
2405,2876.5443952560477,545,1,4,51.43852999709599
2406,2583.3854597091736,480,1,4,52.65832763271719
2407,2855.5135970687948,537,1,4,50.269595327038054
2408,2533.0453666877775,494,1,3,49.47536187799233
2409,3589.001302948006,763,1,8,52.83870453918759
2410,9664.495112037572,2070,1,32,46.087316417434344
2411,3363.0914244270457,702,1,7,50.9576423681103
2412,3507.783933372506,744,1,8,54.68234820308502
2413,2572.808990783695,469,1,3,61.94802685274751
2414,2882.5943466186595,610,1,5,61.74508572807231
2415,11620.988549804593,2500,0,42,55.37931341886229
2416,2560.264958953862,485,1,3,65.57714306873439
2417,2496.31885074616,483,1,3,51.87754389558982
2418,3890.610189704901,796,1,8,53.36098396368006
2419,2602.226422233588,479,1,3,56.10884863668255
2420,2496.81476438523,471,1,3,55.63289819670642
2421,7139.600352363554,1591,1,24,61.160266442693825
2422,2983.9966862106385,573,1,4,56.79422741550985
2423,3250.190996875771,668,1,6,51.6805502838742
2424,3050.8483403396654,589,1,5,52.19109858068002
2425,3620.934362373359,757,1,8,51.34443035346375
2426,3157.2767064666814,612,1,5,53.70308631854521
2427,3119.0237536621134,609,1,6,44.87644109011228
2428,5353.410379428852,1169,1,15,58.1298207289562
2429,5445.132977028334,1193,1,17,55.11669351605189
2430,2962.12227199555,531,1,5,57.811474573991575
2431,5089.542908935544,1061,1,14,52.231529855226746
2432,2493.9988043975877,449,1,2,55.09209146186243
2433,10714.36373764027,2442,1,40,52.63201555952425
2434,2422.2083824539222,443,1,2,55.53470016319242
2435,2526.9544452476534,426,1,3,54.83069770425153
2436,2479.4862211990394,446,1,3,51.95088449957233
2437,2687.6670382690495,524,1,4,62.54542860567448
2438,2879.947368164073,539,1,6,55.11669351605189
2439,2769.1071662139957,529,1,4,62.24420379126392
2440,3067.1867602920606,532,1,4,62.743439050172995
2441,2935.9600764083925,566,1,6,59.041589373785186
2442,2840.0234472656307,548,1,5,55.11669351605189
2443,2797.3097528457715,515,1,4,60.807220983218414
2444,2733.9956395912227,506,1,4,59.849574914169466
2445,2654.3066817092927,486,1,3,52.025516464041914
2446,2608.9812605667184,476,1,3,51.17689823678105
2447,2573.186349029548,489,1,3,61.51212365105139
2448,2705.390232887275,493,1,3,55.336187423586175
2449,2979.926074218758,575,1,5,50.435992126304065
2450,2888.642960577016,541,1,4,56.355092899627635
2451,2806.365656509404,538,1,4,56.50190337853161
2452,2642.325759468084,492,1,3,51.80276787550864
2453,2704.963612306124,480,1,2,56.14444818351361
2454,2515.7178752231634,476,1,3,58.70134786368491
2455,2563.5061688613946,489,1,3,53.161438491320446
2456,2541.9499613189746,493,1,3,53.32532414096297
2457,2736.4992186927816,563,1,4,54.0335023187313
2458,2997.9613714599695,593,1,5,79.89916974523373
2459,2550.802129116064,478,1,3,54.05106610794356
2460,2469.8804418945347,433,1,3,55.11669351605189
2461,2585.799201660162,471,1,3,53.573865152350905
2462,3493.512361506235,687,1,7,58.48949351605189
2463,2703.441450195316,511,1,5,55.11669351605189
2464,3038.379236979495,594,1,5,53.063590986532894
2465,2871.203524036412,559,1,5,58.04396736315179
2466,2663.6157071685843,467,1,3,55.01294504552117
2467,2606.6062939453177,476,1,4,55.11669351605189
2468,2951.3709887695386,554,1,6,55.11669351605189
2469,2562.823005371098,481,1,4,55.11669351605189
2470,4130.5591573333895,842,1,11,52.11966589233885
2471,2929.804589805609,567,1,5,57.13172871490841
2472,2683.5305489730895,509,1,4,53.06552385514565
2473,2582.2094250297605,482,1,3,52.284604965089116
2474,3247.8806377792416,658,1,6,60.10436359681904
2475,2791.0780213928265,517,1,3,53.63418835800857
2476,2834.70093740464,553,1,4,58.84910241493391
2477,2733.6328302002003,532,1,4,55.25660214342849
2478,2513.3160849571254,475,1,3,56.28708017521707
2479,3109.6624720001323,578,1,5,53.56938847077277
2480,3583.8635594129673,725,1,8,54.956821426629816
2481,8790.157075195262,1916,1,34,55.11669351605189
2482,2505.1526906585736,462,1,3,56.456484423355214
2483,3934.685381374371,757,1,9,51.622359036911014
2484,2762.117162475593,557,1,5,55.11669351605189
2485,2477.5237022781453,473,1,3,62.3932086252016
2486,8597.928882408098,1775,1,26,62.47407437038671
2487,2719.8587904739443,536,1,4,46.98845201979378
2488,2739.1114822769246,548,1,5,52.614328927866346
2489,2551.162664756782,472,1,3,51.40685724151256
2490,2415.0435115432797,427,1,2,51.94870167966218
2491,4041.0882112980066,870,1,10,58.17137647122723
2492,2689.7913676452713,519,1,4,56.04461751215187
2493,3138.632430496222,623,1,5,60.676225445552944
2494,2765.4176126480156,535,1,4,58.53177490954179
2495,2999.3314593505943,604,1,6,53.59177105118551
2496,3084.705307102212,590,1,5,51.13648099380639
2497,2601.3604824829185,491,1,3,49.26015013107344
2498,2953.2139558410736,542,1,4,58.169929220459665
2499,2842.6417009162974,566,1,5,51.50543229705269
2500,2732.6494207763726,518,1,5,55.11669351605189
2501,2660.481917676932,507,1,4,54.991259342059536
2502,3291.422971773154,650,1,7,51.71845131669331
2503,2856.6712060546965,527,1,4,80.20278909105633
2504,3537.7836589574886,720,1,7,78.68634000583477
2505,3467.3143334961032,682,1,7,55.11669351605189
2506,2538.6087177085947,491,1,4,51.50543229705269
2507,2824.0020344019013,510,1,4,80.09145708748869
2508,2665.727866086966,482,1,3,51.459443872070196
2509,2558.554772107607,461,1,3,52.32972585058537
2510,2874.7375900936195,564,1,5,51.729825803322875
2511,2791.5601806640693,520,1,4,56.61175283677247
2512,2883.0675749397337,567,1,5,51.50543229705269
2513,2768.3242875289984,519,1,4,51.50543229705269
2514,3924.5291447544264,838,1,9,53.19076273083279
2515,2921.6419672942216,547,1,4,76.6443804431918
2516,2866.9841278648446,567,1,5,56.819412243484884
2517,2784.332478713995,555,1,4,54.566361367828314
2518,3663.281522827162,701,1,10,79.39205187315751
2519,2412.28182327271,444,1,2,53.578662691723885
2520,2891.575873374948,560,1,4,61.35878529168127
2521,2742.953532524116,534,1,4,50.427222469040565
2522,3208.9197874784536,645,1,5,53.70620565762126
2523,2856.1640237426827,552,1,4,49.56352860978326
2524,3345.141101131453,662,1,8,53.28319594552344
2525,6866.815255966115,1463,1,33,54.27243918876087
2526,2875.122658691412,552,1,6,80.81701747968518
2527,2584.2156646919275,499,1,3,52.54829024923771
2528,2817.96983234406,504,1,3,51.81680621289924
2529,2834.875854492193,515,1,5,53.309809097960084
2530,3851.2915905189675,734,1,13,54.91097396726877
2531,3213.350665836344,636,1,5,54.66512765829837
2532,4114.225883846302,806,1,14,56.20321722417535
2533,3204.392057819377,629,1,9,55.040608590688315
2534,2630.8311383056675,491,1,4,79.74697548741479
2535,3207.45560619355,634,1,6,51.401078160754636
2536,4212.478901977553,909,1,13,50.1334081053495
2537,2534.024160699852,516,1,3,57.913865290637204
2538,4342.917807197581,935,1,10,60.82461624288309
2539,3068.1453559875563,565,1,6,53.70704270089583
2540,3372.2725873565764,667,1,8,51.66780859068832
2541,3022.664516649254,622,1,6,51.50328980065652
2542,3345.799697456371,677,1,6,50.44192339519005
2543,3679.171111221322,794,1,10,44.79721687685664
2544,3834.9741709423192,849,1,10,32.6120661936186
2545,2582.1210011673006,464,1,3,56.08690370258291
2546,2450.5298117828406,484,1,4,38.771816725824856
2547,2871.8385430908243,552,1,5,51.706715489138
2548,2880.9211795234723,533,1,4,54.39042265001355
2549,4157.519845581065,880,1,11,55.31078428645961
2550,2941.1619690704406,586,1,7,51.66780859068832
2551,3344.65726193429,663,1,7,51.66780859068832
2552,3744.319195365915,745,1,7,62.448864878617265
2553,2652.7562180328423,521,1,5,51.05372890399217
2554,3320.136538524637,644,1,7,59.399773856443154
2555,3174.229326210028,572,1,5,52.135180247575384
2556,2566.3991638946572,466,1,4,51.66780859068832
2557,4617.832498245238,976,1,13,51.66780859068832
2558,2522.056656818395,446,1,3,59.37322370136324
2559,3704.5854901123166,726,1,8,41.50041851916997
2560,3029.12551269532,615,1,5,49.515930912498895
2561,2544.415623626712,427,1,2,81.80295729151997
2562,2582.30360237122,487,1,4,51.66780859068832
2563,2519.8305479621936,467,1,3,53.878963836327344
2564,2636.290001831059,477,1,4,59.89356559706305
2565,2636.6684439468436,461,1,2,54.33581657463758
2566,3225.7574663925243,621,1,6,80.32219783662846
2567,2592.506478538519,488,1,3,52.66402752458963
2568,2727.332878341681,543,1,5,48.32199099068832
2569,2961.5536794662535,560,1,4,48.18394088217241
2570,2862.0799237060605,506,1,4,59.89356559706305
2571,2472.6052220535325,449,1,2,51.719986575586816
2572,2740.4179500198425,507,1,3,61.26294445259631
2573,3173.6167412519576,600,1,7,79.0775229840761
2574,2627.027136878975,456,1,3,51.609473283146286
2575,2979.572976303108,570,1,4,53.521868444981564
2576,2638.376318359377,480,1,3,77.12002506776768
2577,2954.137233886728,532,1,5,79.44790433620332
2578,3525.1550512695426,673,1,8,79.44790433620332
2579,3071.592561035165,581,1,6,77.1585674839819
2580,3008.079958515173,561,1,5,78.94941724829712
2581,2895.3023128700315,529,1,4,76.5056912345751
2582,3843.158648071303,782,1,11,59.89356559706305
2583,3689.222247638714,733,1,9,57.59968510929835
2584,2751.116986579899,534,1,4,60.13156873375706
2585,3739.16968933107,747,1,10,78.72378818923526
2586,2768.5646641635935,538,1,4,57.87673305678045
2587,3070.9770697021568,568,1,6,59.89356559706305
2588,4074.8175500488437,822,1,13,59.89356559706305
2589,2913.7027061462454,575,1,5,55.8013750230343
2590,4782.7797426605275,978,1,17,78.88958213514398
2591,3118.7201216888498,604,1,5,45.81240242384869
2592,7487.279074401819,1739,1,29,60.60246260054572
2593,2800.237342987069,497,1,3,54.45168583433597
2594,3439.3518740081854,723,1,7,52.52026769945827
2595,3123.0857373046956,551,1,7,79.32096025099447
2596,2821.7549067306604,536,1,5,78.71666786338677
2597,3010.9392929458672,603,1,5,51.949877971556525
2598,2888.437759895334,569,1,5,59.27180719639948
2599,3063.141848640451,621,1,7,62.18403866905607
2600,2725.3815234375033,464,1,3,79.33947014746727
2601,3023.585753974918,572,1,5,63.78325284080723
2602,4648.138270416271,958,1,13,51.7708903232985
2603,2791.12739196778,492,1,4,59.89356559706305
2604,7937.4430881881135,1758,1,32,62.69958136884387
2605,3042.19638744355,562,1,5,53.23725409239496
2606,4145.777951049819,790,1,11,59.89356559706305
2607,2658.3965936279337,482,1,4,59.89356559706305
2608,2535.6288697624236,498,1,4,55.27774989920779
2609,3208.6100834083686,599,1,7,56.70951466573616
2610,2914.814478607185,539,1,4,54.72047733207162
2611,2748.946892395025,488,1,4,36.02799205120701
2612,2651.6491715240504,446,1,3,44.876875815336035
2613,2816.174203224187,499,1,3,53.674855110396805
2614,2807.743888435371,527,1,4,60.89760506222251
2615,2965.3362561798162,562,1,6,51.66780859068832
2616,3119.4886535835362,594,1,6,54.98685964988832
2617,3299.4025366592487,676,1,6,53.81225655216216
2618,2693.3753675079424,512,1,5,51.66780859068832
2619,2517.721724929814,463,1,3,51.66780859068832
2620,2586.972564773566,496,1,4,51.66780859068832
2621,2574.8436714744585,477,1,4,51.7174091566307
2622,2589.308854980474,449,1,3,55.11669351605189
2623,3374.126639213567,653,1,8,35.71056450708321
2624,2503.2810070085557,466,1,3,54.88206427482299
2625,2509.714027099616,471,1,3,54.18273264480468
2626,2520.1887574386633,469,1,3,55.62804134282573
2627,2569.3824031734543,533,1,6,39.82148803526216
2628,2903.0697900390724,597,1,7,55.11669351605189
2629,2832.7028387451232,583,1,6,55.11669351605189
2630,2925.634848022471,565,1,6,55.11669351605189
2631,2874.1791253662186,567,1,5,44.328261172200044
2632,3073.966678161627,584,1,5,53.372986858157915
2633,4491.656853752152,991,1,17,54.12243909131129
2634,2599.142409868246,479,1,4,59.89356559706305
2635,3131.825486850747,630,1,6,53.824031663592855
2636,2972.8330967331017,608,1,5,52.80614966533094
2637,2644.662939453133,490,1,4,80.09702411059541
2638,3058.650800170908,593,1,6,79.57834635031959
2639,2870.9887098121712,561,1,5,55.898961941759005
2640,3024.2804547119226,646,1,6,79.60132444524713
2641,3318.5492971801814,713,1,8,52.78688605492473
2642,3354.445209083565,672,1,7,53.02000056534543
2643,3102.713455543525,682,1,8,56.45781125603397
2644,2775.816975173958,512,1,5,56.547747997063055
2645,2988.205241088875,611,1,6,80.76088310824186
2646,2459.815932617192,397,1,2,78.96279325582495
2647,4925.021587753293,1155,1,17,79.33477561961594
2648,2828.862037963873,549,1,5,58.94079524974303
2649,3073.980827026378,661,1,9,0.0
2650,2754.6581256008194,542,1,4,52.06641809096295
2651,6689.845427145938,1513,1,20,51.38687628010721
2652,2847.193532714851,562,1,6,42.306254222832784
2653,4646.6408763313275,998,1,13,59.89356559706305
2654,2814.862457485208,554,1,4,53.37982065344728
2655,3087.978770904547,601,1,6,49.05342286883149
2656,3146.484463081367,637,1,6,55.70164441171566
2657,3121.2118781662025,662,1,6,50.86756169867134
2658,3169.5462532520405,705,1,7,59.89356559706305
2659,3074.237364196785,610,1,6,59.89356559706305
2660,2890.682050266272,578,1,5,59.47237969762727
2661,4075.1281687545925,881,1,9,57.43090278685577
2662,2563.3118038177554,490,1,3,79.33477561961594
2663,3016.9703772354196,581,1,5,52.5468173858903
2664,2808.403120317465,513,1,5,59.89356559706305
2665,2876.3259083557205,561,1,4,52.64271245622834
2666,2840.1218751525953,572,1,5,46.49208703080847
2667,3316.4439267158605,715,1,7,50.98927142517944
2668,3753.8575371933057,819,1,10,55.49218760985607
2669,5160.3858119773895,1031,1,14,55.15698456814723
2670,3870.8765069198685,864,1,13,46.525319517708645
2671,2942.0464227294983,562,1,5,56.6451270812136
2672,2390.6795214843787,434,1,3,55.11669351605189
2673,3076.3673635482924,620,1,8,57.811474573991575
2674,2995.4265596580562,554,1,4,52.886051288492745
2675,2858.439497871406,559,1,4,62.181662814346595
2676,3129.855231742866,641,1,6,50.185004425603566
2677,2642.867628021244,494,1,3,58.20888315074029
2678,2628.206721191411,486,1,4,55.11669351605189
2679,3432.235190753945,676,1,6,53.40939410602498
2680,5406.086885757444,1269,1,20,54.60108488743142
2681,2510.0261422348094,479,1,3,51.98448026354962
2682,2995.209813690196,570,1,6,57.65304951099206
2683,2657.2355350494454,510,1,3,53.08213722119521
2684,3745.5731837463436,744,1,7,56.35357642059169
2685,2711.171292877203,505,1,3,60.052188601841
2686,2957.7900802993818,553,1,4,50.025878377270004
2687,2456.8161586570777,426,1,2,51.057273619259625
2688,2893.963925876628,523,1,5,47.86324716139138
2689,2906.4431428527896,587,1,6,53.246646174167374
2690,2667.568536224369,483,1,3,55.39448859074787
2691,2981.4826075744663,554,1,3,53.54644205500674
2692,2866.8729169654907,586,1,5,47.86324716139138
2693,3131.224182643896,578,1,5,45.9558272757316
2694,3015.3924325561543,557,1,4,52.78630827373123
2695,2911.472873611456,584,1,5,51.69420438954602
2696,3078.5439960670506,574,1,5,47.86324716139138
2697,2560.1317717361467,441,1,2,49.69894072773021
2698,2632.655350990299,439,1,2,46.16586140013352
2699,2430.1170033359567,473,1,3,55.65473681578496
2700,2573.4979835891772,478,1,3,59.319299012349056
2701,3017.107598667149,601,1,4,54.82943235425573
2702,2422.984115505222,405,1,1,56.48979286648635
2703,2669.78846746445,482,1,2,58.187215177420754
2704,2717.3724654007037,551,1,4,57.826772511787915
2705,2736.8128888702436,492,1,3,58.725660396183976
2706,2859.3374652671896,536,1,5,52.39686408881699
2707,3667.6980403518787,797,1,8,58.60381927051012
2708,2644.6356020355283,493,1,3,49.80078416050945
2709,3667.9034840393165,726,1,6,47.09274616236676
2710,2711.569915962223,540,1,5,53.48111956463409
2711,2952.355041065221,583,1,6,58.98288312653064
2712,4348.640396823888,943,1,13,47.86324716139138
2713,2444.6612378883383,446,1,4,47.86324716139138
2714,2828.317148704538,519,1,4,49.82188439921626
2715,2916.183828163155,545,1,4,49.68365691845366
2716,3844.4658605384902,816,1,8,53.43315082384207
2717,2772.684067687993,502,1,3,62.74507175936423
2718,4513.549878025065,990,1,11,47.86324716139138
2719,2899.783690853126,554,1,5,51.236047161391376
2720,2621.2694243431124,485,1,3,58.5422145177118
2721,2657.2474983978323,511,1,4,50.1657748538968
2722,2582.9003491210956,471,1,3,50.79119412190803
2723,2673.673755230911,523,1,5,57.29234785032855
2724,2403.7155415391953,407,1,2,52.84022910441386
2725,2920.9965709066432,547,1,4,56.83206423862023
2726,2745.6076347923345,507,1,4,58.521966243646744
2727,2715.0618607044303,525,1,5,52.14235616466071
2728,2583.119904327396,470,1,2,52.16817654922502
2729,2423.524024772647,410,1,2,55.62676833597865
2730,2652.3274653244025,496,1,4,48.5672452826528
2731,2646.9352674865772,473,1,3,51.328902530660244
2732,2980.685265560157,589,1,6,54.97640848423539
2733,2700.8347504425124,541,1,5,55.337098118378954
2734,2607.3470617389726,467,1,3,54.485207276308834
2735,2523.5542054748594,507,1,5,53.81694169775831
2736,3434.740092678078,724,1,7,54.186107257147604
2737,2888.6192480087375,570,1,5,47.32997841664242
2738,2712.7986600875897,540,1,5,57.27887892567089
2739,3009.1077071380723,624,1,7,51.67029583573932
2740,2888.1840302658134,574,1,5,51.474686332703804
2741,2922.704330873497,555,1,5,53.1261177535349
2742,2714.763819904333,489,1,4,50.69888062948566
2743,2972.0429906082213,549,1,5,47.13574638738176
2744,2491.9337916946456,427,1,2,52.51376809617994
2745,2859.4867359352143,524,1,5,47.86324716139138
2746,3037.7624363327072,568,1,6,52.78362615114655
2747,3405.0896406555285,668,1,7,54.40409044325926
2748,3021.833063020716,563,1,4,52.512262811352585
2749,3223.9024569702237,619,1,6,55.89394503898474
2750,2901.356875743874,543,1,5,51.8573783503459
2751,3281.67028341294,650,1,6,57.32589015581369
2752,2864.270309009559,543,1,5,58.93974130431943
2753,2725.109890327459,502,1,4,51.75937885193496
2754,2697.2991556930588,516,1,4,53.17016910709881
2755,2721.6435831832937,481,1,4,54.693893573154625
2756,2658.7769067382874,457,1,3,55.31160578377128
2757,2744.0009713745167,502,1,4,53.73269509240968
2758,2713.915325508121,487,1,4,62.252906894222676
2759,2665.373717346195,453,1,3,55.767442591638265
2760,2735.9777482700397,529,1,4,59.279349655005156
2761,4334.252242031109,868,1,11,48.04767313637107
2762,4043.0684080505475,813,1,9,62.15641672159625
2763,5958.729798469513,1287,1,16,59.57823193067369
2764,4015.750948314679,861,1,10,52.183755149105565
2765,4828.035121612558,1051,1,13,49.97889863207266
2766,2822.491783065803,544,1,5,61.24531803663741
2767,2843.375078849802,571,1,6,58.04206023380703
2768,3132.0733486175627,635,1,6,56.21751560639919
2769,2813.6818851852477,558,1,5,52.51982706905933
2770,2637.486344890597,491,1,3,51.98283685320445
2771,3578.234898967751,724,1,7,55.33427171765465
2772,4539.279010372169,1011,1,13,53.211756110659586
2773,2599.1799185180707,483,1,3,52.4395861468478
2774,7418.808656701988,1637,1,24,54.157242491687676
2775,2494.432760219578,456,1,2,57.13014809241155
2776,3082.7299559402536,631,1,6,51.03998614167661
2777,3018.246822242744,586,1,6,54.73804878777122
2778,3008.3085272789062,565,1,5,51.236047161391376
2779,3435.44655022622,685,1,7,51.35608680970197
2780,3018.2591480445903,559,1,5,47.86324716139138
2781,3253.817108592998,697,1,6,58.286399901848014
2782,3211.5557159042423,632,1,6,47.177831454795516
2783,2990.9357341766413,610,1,5,52.51814568067178
2784,3599.7173877716164,790,1,8,51.20928062059138
2785,3828.852645721449,833,1,9,54.91410974931228
2786,2936.634949264535,587,1,5,44.446504694751994
2787,3724.6599501419164,736,1,7,59.08837284039593
2788,2706.1280615806613,490,1,4,51.236047161391376
2789,2708.905693025593,534,1,5,55.181066077399365
2790,2764.4433168458986,481,1,4,51.44073833119608
2791,3257.1551035308903,668,1,7,57.582900403476934
2792,3141.2705730199896,605,1,6,53.31830811898697
2793,3925.319338340768,774,1,10,51.168209954537716
2794,2713.2537868499803,505,1,5,47.731128958133766
2795,2809.639423885353,533,1,6,51.236047161391376
2796,2812.1117045021115,547,1,6,47.89022956139138
2797,2867.5933521461525,549,1,6,47.86324716139138
2798,2638.712331418994,491,1,5,51.86226210883399
2799,2544.7488877391847,472,1,4,42.6661513122028
2800,2488.882299404149,481,1,3,51.12310235045796
2801,2473.1105491256767,492,1,3,57.017423033142876
2802,2863.9694352722217,602,1,4,50.66108947881442
2803,3046.367011623388,651,1,6,55.148695335528906
2804,2475.4796974945098,496,1,4,53.16575127231845
2805,2727.3939771080077,533,1,5,51.236047161391376
2806,2765.994073753361,586,1,5,58.66089877992487
2807,2920.1909256744443,606,1,6,52.44674107946641
2808,2790.2954273033247,571,1,5,51.236047161391376
2809,2732.844778738026,577,1,5,56.7488175180355
2810,2475.6403810119687,457,1,3,51.236047161391376
2811,2686.3958250045835,560,1,4,49.36727653371487
2812,5740.370192832925,1309,1,17,51.05171196369846
2813,4271.4765617942885,892,1,10,47.86324716139138
2814,3490.589813086403,690,1,8,44.61743392824751
2815,3118.3053492546164,630,1,7,42.70484716139138
2816,2889.8803478241025,580,1,6,51.278946531036745
2817,3000.563807964331,625,1,7,56.82353701515924
2818,2940.41801467896,617,1,7,52.06162616206791
2819,2604.4674465560993,483,1,3,52.90621504838665
2820,3136.830196628575,637,1,6,52.476640902206604
2821,2938.9207645988527,622,1,7,53.78958572179499
2822,2876.972553768166,598,1,7,51.236047161391376
2823,2900.252806715973,591,1,6,57.59842812552639
2824,2856.2959695434643,597,1,6,53.72429482959285
2825,2664.8302586364784,541,1,4,52.41667885272777
2826,2557.9756035137257,541,1,5,53.80808552295914
2827,3123.3538151359653,702,1,8,53.69803470882569
2828,3303.5238860702557,687,1,7,53.27065829101295
2829,2432.3197210693397,428,1,2,53.56722176030089
2830,3114.7580657196104,624,1,6,51.88333270520282
2831,3994.525961017631,930,1,16,56.00196793539295
2832,2952.4074523544405,602,1,5,52.913710687238996
2833,2930.3412757492133,592,1,4,53.426213890236454
2834,2808.9311680221604,543,1,4,58.59178646386885
2835,2909.2665875625667,564,1,4,52.00183911064165
2836,2506.2837940216104,495,1,4,53.312409957197936
2837,2472.536527976992,452,1,2,79.43643983171566
2838,2846.411457118993,582,1,4,52.27708791003054
2839,2488.8392797374763,468,1,2,52.593057031329174
2840,2720.994214801793,526,1,4,59.182900541894945
2841,2635.4368080139207,515,1,4,53.269837511280194
2842,2710.106037883763,521,1,3,56.838711711301336
2843,2447.183698692327,453,1,2,49.38009805771953
2844,2495.1528712844906,462,1,2,51.07526612572714
2845,3060.490610504156,590,1,5,52.54230612852528
2846,2663.2092496395157,550,1,5,58.33965852823608
2847,2800.378432540899,531,1,4,53.652129196213096
2848,2984.6960507965096,627,1,6,50.32181188785638
2849,2637.283305816656,476,1,3,56.13342941046655
2850,3161.2352561950734,670,1,6,56.0079532644802
2851,3647.4935661888185,822,1,11,53.74474401841267
2852,3240.2257535934496,770,1,8,47.752900653690524
2853,3566.8006148862937,736,1,8,79.78570169797871
2854,3398.4191369628948,717,1,7,80.74496073922612
2855,2823.5984277916023,564,1,6,51.236047161391376
2856,2754.2645581054735,521,1,5,77.46278882652186
2857,3431.0818178558434,698,1,7,80.46783628730667
2858,2387.9849560546922,386,1,2,79.19880082857232
2859,3751.5753222656385,794,1,10,77.5242211504457
2860,2489.720660552985,487,1,3,57.50637595530346
2861,3003.390944824225,587,1,7,77.75734571465291
2862,3070.131743488318,602,1,4,54.173483954225574
2863,3601.4931421470783,754,1,11,51.236047161391376
2864,5287.824295082086,1093,1,15,51.821239292525014
2865,3099.1684639549367,602,1,5,59.05685474079482
2866,2814.1703511047403,541,1,4,50.171672208997535
2867,2668.807258300787,506,1,4,80.58765025335002
2868,3303.1778637695384,696,1,8,77.61020050867408
2869,2798.813810634618,545,1,4,57.676623463697794
2870,3048.849627819071,598,1,6,76.62316695066609
2871,2863.6663486290017,566,1,4,59.27773765816943
2872,3301.482159347543,644,1,5,76.05782435790141
2873,3119.738004817972,613,1,6,51.236047161391376
2874,2965.8307520675758,601,1,6,49.138890866307364
2875,4027.778318099985,856,1,11,51.05311867495458
2876,3512.3747745704763,684,1,6,81.46559408135704
2877,2589.697424316411,505,1,4,77.97551842602272
2878,2840.1024249172265,497,1,4,54.91410974931228
2879,2782.3509318924002,542,1,4,54.02128174950833
2880,3350.3808900070303,654,1,6,55.244281552348724
2881,3560.539650726328,730,1,7,50.238527362132395
2882,3250.1795118331984,610,1,5,52.99625575194052
2883,2829.871366138467,554,1,4,56.2918731429006
2884,3168.506451416021,620,1,5,53.78194658663609
2885,2850.0901254844744,524,1,3,68.8274637039798
2886,3308.286565094001,706,1,7,71.91531748735842
2887,3275.3825892782284,637,1,5,61.18389904968114
2888,5335.096789487598,1133,1,15,59.040350197403626
2889,4876.299912338256,1071,1,15,51.695308949760204
2890,2544.7336896133447,454,1,2,57.791965671083304
2891,2739.5459790802074,482,1,3,56.24795906688219
2892,2962.220623188024,571,1,5,52.88625240290386
2893,2525.1136387634315,456,1,2,55.23302199882257
2894,5425.590027217863,1161,1,17,59.518318508000114
2895,3187.940275692945,630,1,6,53.029831840180414
2896,3166.5298077392645,596,1,5,56.200850272209
2897,3601.433143944752,704,1,7,53.75993851775385
2898,3226.442819709785,614,1,6,53.7447599329868
2899,4208.610436744703,879,1,10,58.83258503111475
2900,3216.2305673980795,598,1,5,58.675403430718355
2901,3214.19015382767,603,1,5,58.38422274584521
2902,3904.8563864517337,756,1,8,54.460836742931924
2903,3236.7949220657456,595,1,5,52.730719250832074
2904,3052.9817154312223,568,1,5,59.474092465679796
2905,4345.336301651013,863,1,10,59.85781042101461
2906,5706.3844069671595,1179,1,16,61.90386431772043
2907,3069.526463088996,562,1,5,69.44412413536968
2908,3008.3890451049865,532,1,5,63.38358911650344
2909,4528.779070892339,958,1,12,69.60580351960681
2910,5950.4478341293225,1264,1,17,68.57040247589616
2911,4116.959394721997,866,1,10,48.19309101911945
2912,7441.344570922803,1625,1,24,75.60472721237196
2913,8088.286544418283,2025,1,30,58.5405581457096
2914,4279.383153457651,909,1,10,62.88323056736849
2915,6736.463844108548,1370,1,20,50.77268594123023
2916,3522.507308197033,760,1,9,66.48715237980873
2917,3333.624502296456,624,1,7,68.315682449587
2918,3023.648169670112,577,1,4,68.82491816390376
2919,3066.4143625640945,573,1,4,64.47461937256358
2920,2931.7455915832606,553,1,4,60.216167620315154
2921,2775.2728661727974,509,1,3,70.38250692551458
2922,2611.010154495246,502,1,4,69.73280650905299
2923,2930.5298303604172,560,1,5,64.5291650502265
2924,3989.588783435835,831,1,10,59.432485320829436
2925,3075.1068587112522,571,1,5,66.26684351488015
2926,3327.575422325146,608,1,5,60.36660085344175
2927,2772.1831030273524,508,1,4,69.63319449299262
2928,3008.4900400543293,563,1,6,73.0107533160824
2929,3167.5909863090606,627,1,7,66.31266245808621
2930,2973.6078590202374,556,1,4,57.00264581933924
2931,3330.704466838849,649,1,6,66.49385709500922
2932,2481.5658946037306,470,1,3,63.86863921623098
2933,2910.969091053014,549,1,6,47.86324716139138
2934,8534.918740386907,1939,1,32,72.66560084523563
2935,7601.573472251848,1663,1,29,69.05447587690026
2936,3171.463963699348,580,1,5,66.83710590419322
2937,2988.768803825385,588,1,6,60.085063254788956
2938,2940.4986172294684,567,1,5,54.750045865946504
2939,3737.504110031137,816,1,12,75.70720036968711
2940,2402.145565662387,432,1,3,47.86324716139138
2941,2496.9412768554744,439,1,3,51.40649061061572
2942,2699.6995728302036,501,1,4,55.09799969943651
2943,3001.227951717387,600,1,6,51.236047161391376
2944,2566.1297873354,512,1,5,51.52667440900979
2945,3487.6368205261324,749,1,7,55.440389201221194
2946,2403.2675715446517,435,1,2,56.96332417447919
2947,2717.4965415191673,484,1,3,56.74965075888328
2948,2745.975329513555,519,1,4,52.73894569195877
2949,2596.3386893272445,465,1,3,57.84690588912103
2950,2460.674330463412,473,1,3,61.637720154680856
2951,2588.8347553062513,501,1,4,56.06084108529651
2952,2838.480449619303,558,1,5,47.508695101736194
2953,2819.389179115305,541,1,5,56.25653336348793
2954,3112.6874504852417,606,1,6,60.10246601950109
2955,2498.146112251285,470,1,4,51.42456022279389
2956,3038.9977785301303,569,1,5,57.93631286464606
2957,2821.611432933812,525,1,4,49.25517015375298
2958,2478.4986394119296,469,1,3,61.690738058316285
2959,2658.390800094611,525,1,5,50.570899856953034
2960,2513.551574707036,485,1,3,43.72584678344284
2961,2949.375049438486,593,1,7,78.6053918483658
2962,2883.102614135746,524,1,5,78.52960728655155
2963,3720.6700195312624,710,1,8,79.6137087765484
2964,2805.711957664497,494,1,4,52.442966766516804
2965,3071.382783546456,573,1,6,53.189748513622334
2966,2950.0608030891467,597,1,6,59.502940437902495
2967,2724.1763937759447,546,1,6,50.97695209324001
2968,3063.7276642036522,594,1,6,56.464261317176415
2969,2880.610158615114,576,1,6,53.31623265029159
2970,3110.7930343246567,597,1,5,58.369888965954615
2971,2976.781120471967,591,1,6,47.602981790858585
2972,3006.865184955606,566,1,4,55.721704723132305
2973,2656.9546413231,521,1,4,49.22382909609338
2974,2800.546376037608,545,1,5,62.147074052936034
2975,2628.671392536168,485,1,4,52.82326803462334
2976,2787.26549257279,533,1,4,46.22790342519541
2977,3002.5990250396794,591,1,5,47.63546588276461
2978,2778.9372367858955,500,1,3,52.447339509007776
2979,2857.161142425545,561,1,6,50.929054108169304
2980,2806.1455530548146,543,1,5,53.96649567675021
2981,2593.546603622441,508,1,4,56.102257777291086
2982,2941.0017696189957,566,1,6,49.22382909609338
2983,2860.9990651035364,538,1,5,52.22830682977724
2984,2840.5083429145875,561,1,6,57.15117228908101
2985,2871.230719757091,620,1,7,55.81093937896885
2986,3289.8491622924876,655,1,7,58.5875789913363
2987,2777.2787204361002,572,1,5,62.36083401575759
2988,2792.492394828801,540,1,5,58.99967383039388
2989,2754.3592114830076,498,1,4,51.236047161391376
2990,2556.7972721481387,483,1,4,55.58389940429585
2991,2461.035004463202,473,1,3,59.89169560989256
2992,3067.1519549179125,586,1,6,47.29593315787624
2993,3031.2998744583183,552,1,5,60.65325840217834
2994,2907.4787524986345,571,1,7,51.236047161391376
2995,2732.382239990239,526,1,5,57.86253762647375
2996,2763.011231870661,534,1,5,59.05401387879572
2997,3400.391641273507,668,1,7,54.465018725065484
2998,10831.204162597563,2500,0,45,56.872806689357525
2999,3826.086717147839,819,1,10,60.62713285371116
3000,2981.280080795296,605,1,6,62.194337915868175
